{"type": "FeatureCollection", "features": [{"type": "Feature", "geometry": {"type": "Polygon", "coordinates": [[[37.7991966, 48.702877, 0], [37.7806546, 48.695819, 0], [37.7809112, 48.6878775, 0], [37.7884611, 48.6753634, 0], [37.7907403, 48.6572094, 0], [37.7913051, 48.6495162, 0], [37.7819024, 48.6447567, 0], [37.7741891, 48.6332167, 0], [37.7826119, 48.6265549, 0], [37.7785837, 48.6235806, 0], [37.7709891, 48.6229914, 0], [37.7528914, 48.6204931, 0], [37.7454405, 48.6080071, 0], [37.7487315, 48.5992637, 0], [37.7787421, 48.5939242, 0], [37.7765813, 48.5873279, 0], [37.7777827, 48.5802588, 0], [37.7909142, 48.5806986, 0], [37.7992405, 48.5790373, 0], [37.8076913, 48.5796532, 0], [37.8135964, 48.5774767, 0], [37.8163312, 48.5695963, 0], [37.8145145, 48.5671832, 0], [37.8155296, 48.5628954, 0], [37.8120347, 48.5637197, 0], [37.8067376, 48.5519316, 0], [37.8014959, 48.5453616, 0], [37.7902476, 48.5448714, 0], [37.7729505, 48.5471268, 0], [37.760011, 48.5577719, 0], [37.7428135, 48.57536, 0], [37.7293909, 48.5822683, 0], [37.6996033, 48.5793312, 0], [37.6875011, 48.5691419, 0], [37.689988, 48.5559953, 0], [37.70445, 48.5526449, 0], [37.7099852, 48.5481584, 0], [37.694662, 48.5425594, 0], [37.6928149, 48.5360463, 0], [37.7063107, 48.5308576, 0], [37.716373, 48.5352161, 0], [37.7382378, 48.5246542, 0], [37.7298881, 48.5190941, 0], [37.7135148, 48.5248958, 0], [37.7036659, 48.5228525, 0], [37.7184947, 48.5159425, 0], [37.7196729, 48.5110791, 0], [37.7501193, 48.4822665, 0], [37.754953, 48.4726716, 0], [37.7704062, 48.4695172, 0], [37.7619519, 48.4831088, 0], [37.7799668, 48.4917466, 0], [37.7686224, 48.5001496, 0], [37.7738057, 48.5114247, 0], [37.7689367, 48.5183957, 0], [37.7708795, 48.5223588, 0], [37.7568106, 48.519319, 0], [37.7451322, 48.5236069, 0], [37.7423786, 48.5299407, 0], [37.7446283, 48.5319419, 0], [37.7412742, 48.5408882, 0], [37.7702587, 48.543597, 0], [37.7944234, 48.5386169, 0], [37.8224309, 48.5461133, 0], [37.8361527, 48.5524221, 0], [37.8288448, 48.561656, 0], [37.8361572, 48.5663592, 0], [37.8342009, 48.5683928, 0], [37.8330671, 48.5726621, 0], [37.8363967, 48.5754542, 0], [37.837734, 48.578143, 0], [37.8344, 48.578295, 0], [37.832281, 48.580757, 0], [37.82467, 48.581572, 0], [37.820656, 48.584733, 0], [37.821106, 48.58816, 0], [37.818144, 48.590592, 0], [37.817543, 48.593017, 0], [37.8000948, 48.5909906, 0], [37.7844991, 48.5890699, 0], [37.7834333, 48.5956317, 0], [37.7862183, 48.5962532, 0], [37.7868576, 48.5973856, 0], [37.7834153, 48.5973231, 0], [37.782024, 48.599128, 0], [37.761837, 48.6024541, 0], [37.7583948, 48.6156084, 0], [37.7631059, 48.6192294, 0], [37.7764591, 48.619809, 0], [37.7880016, 48.623531, 0], [37.7846667, 48.633513, 0], [37.8006656, 48.6438688, 0], [37.7979665, 48.6576765, 0], [37.816494, 48.6629965, 0], [37.8117061, 48.6655169, 0], [37.8054599, 48.6800818, 0], [37.7966281, 48.6794159, 0], [37.7865928, 48.6907628, 0], [37.8033456, 48.6927169, 0], [37.8046691, 48.7010383, 0], [37.8103715, 48.7089722, 0], [37.8171211, 48.7191435, 0], [37.8192761, 48.7184223, 0], [37.8154232, 48.7093198, 0], [37.8251582, 48.7054151, 0], [37.8339516, 48.7064018, 0], [37.8441603, 48.7044542, 0], [37.8522502, 48.7008249, 0], [37.8588967, 48.7055994, 0], [37.8515724, 48.711177, 0], [37.8392975, 48.7177311, 0], [37.8353494, 48.7214951, 0], [37.8304572, 48.7235601, 0], [37.8306289, 48.7282595, 0], [37.810392, 48.7319166, 0], [37.8142047, 48.7215249, 0], [37.7925662, 48.7235421, 0], [37.7719574, 48.722158, 0], [37.772771, 48.7172401, 0], [37.7424503, 48.7120061, 0], [37.7424814, 48.7110891, 0], [37.7753009, 48.7149271, 0], [37.7952945, 48.7174352, 0], [37.8018079, 48.7129944, 0], [37.7991966, 48.702877, 0]]]}, "properties": {"name": "Статус невідомий /// Unknown status /// geoJSON.status.unknown", "styleUrl": "#poly-BCAAA4-2000-77-nodesc", "styleHash": "-14fcf160", "styleMapHash": {"normal": "#poly-BCAAA4-2000-77-nodesc-normal", "highlight": "#poly-BCAAA4-2000-77-nodesc-highlight"}, "stroke-opacity": 1, "stroke": "#bcaaa4", "stroke-width": 2, "fill-opacity": 0.30196078431372547, "fill": "#bcaaa4"}}, {"type": "Feature", "geometry": {"type": "Polygon", "coordinates": [[[35.5361804, 47.5462177, 0], [35.5372545, 47.5436815, 0], [35.5549371, 47.5445062, 0], [35.571915, 47.538567, 0], [35.590302, 47.528366, 0], [35.592551, 47.519323, 0], [35.613134, 47.504301, 0], [35.616157, 47.504308, 0], [35.616503, 47.506237, 0], [35.621182, 47.507665, 0], [35.623629, 47.505846, 0], [35.636935, 47.510964, 0], [35.640841, 47.507493, 0], [35.632903, 47.502978, 0], [35.634628, 47.500488, 0], [35.654663, 47.500962, 0], [35.670484, 47.502209, 0], [35.687063, 47.509761, 0], [35.699524, 47.506848, 0], [35.711504, 47.505541, 0], [35.720042, 47.515514, 0], [35.70774, 47.519091, 0], [35.692865, 47.52342, 0], [35.674118, 47.519805, 0], [35.650152, 47.512245, 0], [35.632248, 47.516686, 0], [35.610172, 47.512113, 0], [35.608242, 47.527894, 0], [35.596226, 47.540875, 0], [35.582977, 47.551259, 0], [35.559492, 47.552853, 0], [35.559809, 47.55529, 0], [35.542487, 47.553111, 0], [35.531475, 47.550872, 0], [35.5054868, 47.551685, 0], [35.5036471, 47.5701889, 0], [35.5067851, 47.5860809, 0], [35.4770138, 47.584224, 0], [35.4465148, 47.5664903, 0], [35.4239056, 47.5666365, 0], [35.4086302, 47.5777697, 0], [35.4313682, 47.5908487, 0], [35.4472439, 47.6056625, 0], [35.4336583, 47.6050245, 0], [35.4269836, 47.6067025, 0], [35.4117008, 47.6062373, 0], [35.396395, 47.593953, 0], [35.3903724, 47.5867035, 0], [35.3829034, 47.5881169, 0], [35.3763788, 47.5957528, 0], [35.3594765, 47.6028867, 0], [35.3599704, 47.6093535, 0], [35.3547776, 47.6107712, 0], [35.3459789, 47.6082825, 0], [35.3350366, 47.6144743, 0], [35.3379548, 47.6175987, 0], [35.3143513, 47.6273176, 0], [35.3001704, 47.6268912, 0], [35.2978679, 47.6296413, 0], [35.2787392, 47.6301934, 0], [35.2797956, 47.6085017, 0], [35.2829053, 47.6050466, 0], [35.2886964, 47.5961102, 0], [35.2915404, 47.5914302, 0], [35.2885782, 47.5832813, 0], [35.2929988, 47.5768685, 0], [35.3041126, 47.5731187, 0], [35.3155244, 47.5710778, 0], [35.3217849, 47.5649826, 0], [35.3279538, 47.5639106, 0], [35.3264064, 47.5675318, 0], [35.3430822, 47.5695712, 0], [35.3490717, 47.5715656, 0], [35.346688, 47.5778414, 0], [35.359966, 47.5784031, 0], [35.3764828, 47.5791657, 0], [35.3779304, 47.5656904, 0], [35.3909219, 47.5653014, 0], [35.3912449, 47.5670367, 0], [35.4025112, 47.5671823, 0], [35.4032206, 47.55864, 0], [35.397757, 47.546647, 0], [35.397308, 47.540278, 0], [35.402973, 47.537641, 0], [35.419282, 47.535041, 0], [35.431521, 47.537583, 0], [35.449143, 47.542409, 0], [35.460844, 47.540686, 0], [35.47711, 47.543683, 0], [35.48561, 47.544909, 0], [35.486299, 47.547351, 0], [35.488364, 47.547775, 0], [35.493777, 47.545417, 0], [35.494554, 47.544102, 0], [35.504532, 47.544173, 0], [35.504748, 47.546631, 0], [35.50827, 47.546912, 0], [35.509647, 47.544231, 0], [35.5361804, 47.5462177, 0]]]}, "properties": {"name": "Статус невідомий /// Unknown status /// geoJSON.status.unknown", "styleUrl": "#poly-BCAAA4-2000-77-nodesc", "styleHash": "-14fcf160", "styleMapHash": {"normal": "#poly-BCAAA4-2000-77-nodesc-normal", "highlight": "#poly-BCAAA4-2000-77-nodesc-highlight"}, "stroke-opacity": 1, "stroke": "#bcaaa4", "stroke-width": 2, "fill-opacity": 0.30196078431372547, "fill": "#bcaaa4"}}, {"type": "Feature", "geometry": {"type": "Polygon", "coordinates": [[[37.6874258, 49.0874358, 0], [37.7095367, 49.0855519, 0], [37.716627, 49.0871531, 0], [37.71306, 49.079168, 0], [37.7060963, 49.0682547, 0], [37.7053929, 49.0593557, 0], [37.7255964, 49.0483269, 0], [37.7315781, 49.0520369, 0], [37.7272603, 49.0586718, 0], [37.756338, 49.060232, 0], [37.781019, 49.065942, 0], [37.8210429, 49.0659738, 0], [37.8408763, 49.0731336, 0], [37.856155, 49.074966, 0], [37.8686, 49.06818, 0], [37.890314, 49.075562, 0], [37.913369, 49.078324, 0], [37.918429, 49.071037, 0], [37.936457, 49.056052, 0], [37.939205, 49.049626, 0], [37.919981, 49.040808, 0], [37.91526, 49.035048, 0], [37.918909, 49.025077, 0], [37.8597928, 49.0182889, 0], [37.8468586, 49.0240407, 0], [37.837014, 49.0194348, 0], [37.8537172, 49.0059445, 0], [37.9173282, 49.0046278, 0], [37.9199287, 48.9830795, 0], [37.8908546, 48.9822552, 0], [37.8791218, 48.9748926, 0], [37.8649036, 48.9724882, 0], [37.8525598, 48.9719065, 0], [37.8418005, 48.9715873, 0], [37.8400069, 48.9711448, 0], [37.8376125, 48.9714911, 0], [37.8368577, 48.9711694, 0], [37.8410988, 48.9689486, 0], [37.8488942, 48.9683382, 0], [37.8539832, 48.9646572, 0], [37.8604697, 48.9557719, 0], [37.8705467, 48.9512797, 0], [37.861652, 48.9408098, 0], [37.8442347, 48.92487, 0], [37.8442415, 48.9115211, 0], [37.8801558, 48.90441, 0], [37.902432, 48.8991602, 0], [37.9161388, 48.8975402, 0], [37.9120854, 48.8878266, 0], [37.903653, 48.884807, 0], [37.901357, 48.886303, 0], [37.899683, 48.887912, 0], [37.896895, 48.888618, 0], [37.894621, 48.888816, 0], [37.89233, 48.888136, 0], [37.889696, 48.886751, 0], [37.886289, 48.886607, 0], [37.883162, 48.885913, 0], [37.882264, 48.88515, 0], [37.882761, 48.882511, 0], [37.884674, 48.8811, 0], [37.884206, 48.879011, 0], [37.8802, 48.877317, 0], [37.873813, 48.877204, 0], [37.880355, 48.8719804, 0], [37.8576888, 48.8654061, 0], [37.8691826, 48.8549916, 0], [37.8711483, 48.8465522, 0], [37.8435938, 48.842621, 0], [37.8354563, 48.8492069, 0], [37.8267174, 48.8511043, 0], [37.8232522, 48.849056, 0], [37.8244206, 48.8394957, 0], [37.8284862, 48.8378038, 0], [37.8239689, 48.8344171, 0], [37.8278081, 48.8276433, 0], [37.837226, 48.8254229, 0], [37.8347986, 48.8185687, 0], [37.8324532, 48.8166821, 0], [37.840748, 48.8052989, 0], [37.8552238, 48.7966274, 0], [37.8686683, 48.798357, 0], [37.8738214, 48.7927101, 0], [37.8710779, 48.789325, 0], [37.8933943, 48.7845583, 0], [37.9055251, 48.7901226, 0], [37.9204119, 48.7950764, 0], [37.9325714, 48.8103667, 0], [37.9551826, 48.8218588, 0], [37.9553543, 48.826549, 0], [37.9525966, 48.8428017, 0], [37.9409579, 48.8438852, 0], [37.9301752, 48.8403833, 0], [37.9166468, 48.8398176, 0], [37.9071624, 48.8330371, 0], [37.8903458, 48.8267685, 0], [37.8598025, 48.8198169, 0], [37.8562219, 48.8197018, 0], [37.8577853, 48.8285177, 0], [37.8674959, 48.8277263, 0], [37.8705493, 48.8381221, 0], [37.8797819, 48.8390256, 0], [37.8751016, 48.8465428, 0], [37.8955506, 48.8514309, 0], [37.9070199, 48.8528587, 0], [37.910422, 48.8591431, 0], [37.9083825, 48.8625545, 0], [37.9101195, 48.865966, 0], [37.9165489, 48.8719308, 0], [37.9149421, 48.875648, 0], [37.9269365, 48.8854383, 0], [37.9315117, 48.8909146, 0], [37.9322546, 48.898336, 0], [37.9299934, 48.9005092, 0], [37.9370505, 48.9087543, 0], [37.9404422, 48.9187692, 0], [37.9548639, 48.9296861, 0], [37.9661973, 48.9378116, 0], [37.9653286, 48.9419142, 0], [37.9537381, 48.9459549, 0], [37.9502394, 48.9407359, 0], [37.9357549, 48.941323, 0], [37.933803, 48.9368311, 0], [37.935628, 48.9273212, 0], [37.930705, 48.9150088, 0], [37.9192613, 48.9123972, 0], [37.8816009, 48.9299537, 0], [37.8789452, 48.9514532, 0], [37.8829035, 48.9599471, 0], [37.9247142, 48.9659619, 0], [37.9669839, 48.9697606, 0], [37.9683802, 48.9765379, 0], [37.9654414, 48.9845902, 0], [37.9758289, 48.986475, 0], [37.9806398, 48.9899033, 0], [37.967442, 49.002176, 0], [37.956422, 49.009206, 0], [37.945692, 49.009082, 0], [37.940453, 49.013688, 0], [37.938389, 49.019295, 0], [37.94156, 49.019807, 0], [37.940268, 49.023416, 0], [37.951235, 49.024341, 0], [37.961283, 49.033357, 0], [37.95489, 49.038881, 0], [37.966102, 49.048272, 0], [37.968105, 49.060994, 0], [37.955772, 49.067824, 0], [37.935568, 49.073383, 0], [37.917712, 49.081798, 0], [37.900901, 49.081013, 0], [37.883844, 49.077528, 0], [37.869523, 49.071161, 0], [37.866655, 49.072194, 0], [37.86619, 49.074126, 0], [37.8608946, 49.0814076, 0], [37.8399829, 49.0784861, 0], [37.8203985, 49.0698701, 0], [37.783585, 49.071062, 0], [37.747419, 49.0631634, 0], [37.7220394, 49.0648366, 0], [37.7130459, 49.0691004, 0], [37.720738, 49.0823946, 0], [37.7217351, 49.0883787, 0], [37.7069264, 49.0892393, 0], [37.6839874, 49.0942648, 0], [37.6818175, 49.0970408, 0], [37.6955048, 49.0996444, 0], [37.7103, 49.101567, 0], [37.714108, 49.102253, 0], [37.715115, 49.1071085, 0], [37.703824, 49.110266, 0], [37.6964577, 49.1050632, 0], [37.6784489, 49.1053093, 0], [37.6789513, 49.1176016, 0], [37.6886444, 49.1282404, 0], [37.7003972, 49.1302842, 0], [37.7095327, 49.1268678, 0], [37.7240818, 49.1332643, 0], [37.7472985, 49.1297186, 0], [37.7536, 49.136166, 0], [37.747495, 49.137986, 0], [37.745681, 49.142893, 0], [37.74892, 49.14743, 0], [37.764481, 49.163179, 0], [37.7638464, 49.1668115, 0], [37.7500095, 49.174491, 0], [37.749046, 49.178692, 0], [37.755336, 49.181574, 0], [37.759911, 49.185634, 0], [37.776544, 49.182906, 0], [37.780561, 49.185225, 0], [37.783937, 49.188134, 0], [37.79455, 49.185673, 0], [37.794786, 49.183885, 0], [37.805966, 49.180848, 0], [37.814419, 49.185799, 0], [37.839223, 49.186051, 0], [37.842278, 49.1906, 0], [37.8839, 49.192806, 0], [37.892682, 49.200398, 0], [37.88074, 49.208092, 0], [37.883474, 49.213581, 0], [37.884149, 49.220472, 0], [37.878299, 49.221606, 0], [37.876396, 49.226102, 0], [37.887527, 49.226464, 0], [37.895111, 49.226009, 0], [37.898306, 49.224458, 0], [37.91873, 49.226813, 0], [37.915586, 49.242748, 0], [37.919478, 49.245847, 0], [37.935564, 49.239305, 0], [37.9510069, 49.2363778, 0], [37.9564918, 49.2402874, 0], [37.9491714, 49.2417166, 0], [37.9502621, 49.2441543, 0], [37.953817, 49.2454436, 0], [37.9500332, 49.2466768, 0], [37.9500259, 49.2479101, 0], [37.9559195, 49.2482486, 0], [37.9670076, 49.2438865, 0], [37.997876, 49.252128, 0], [38.009803, 49.261509, 0], [38.014016, 49.268431, 0], [38.006727, 49.273896, 0], [38.012922, 49.285051, 0], [38.008788, 49.28801, 0], [38.002595, 49.288282, 0], [37.999277, 49.28581, 0], [37.997847, 49.283115, 0], [37.98938, 49.283586, 0], [37.983734, 49.28089, 0], [37.967716, 49.286555, 0], [37.962008, 49.303265, 0], [37.969614, 49.303038, 0], [37.969378, 49.311145, 0], [37.961584, 49.311489, 0], [37.961857, 49.317318, 0], [37.966392, 49.322245, 0], [37.965519, 49.330277, 0], [37.964944, 49.332475, 0], [37.962823, 49.334169, 0], [37.957295, 49.334845, 0], [37.953435, 49.336622, 0], [37.950047, 49.337701, 0], [37.941789, 49.338838, 0], [37.942329, 49.341848, 0], [37.941177, 49.344568, 0], [37.943867, 49.346904, 0], [37.941921, 49.349687, 0], [37.947628, 49.351399, 0], [37.949573, 49.353118, 0], [37.954308, 49.361588, 0], [37.949072, 49.362706, 0], [37.938519, 49.379198, 0], [37.93251, 49.38069, 0], [37.916074, 49.378557, 0], [37.916373, 49.382798, 0], [37.890612, 49.382054, 0], [37.875647, 49.377602, 0], [37.86223, 49.380416, 0], [37.847139, 49.381273, 0], [37.846639, 49.386656, 0], [37.829959, 49.401199, 0], [37.82396, 49.394644, 0], [37.815689, 49.390963, 0], [37.768932, 49.405279, 0], [37.7645106, 49.3973763, 0], [37.7115087, 49.4170643, 0], [37.684216, 49.4121845, 0], [37.6767368, 49.4212577, 0], [37.7084009, 49.4307764, 0], [37.7125011, 49.4417663, 0], [37.7432773, 49.4599297, 0], [37.7579254, 49.4579104, 0], [37.7717094, 49.4682359, 0], [37.7783498, 49.4823508, 0], [37.7435195, 49.4910765, 0], [37.728931, 49.501997, 0], [37.733753, 49.510818, 0], [37.723574, 49.514624, 0], [37.713266, 49.513489, 0], [37.706303, 49.507389, 0], [37.697626, 49.502403, 0], [37.695034, 49.502686, 0], [37.696716, 49.508826, 0], [37.700764, 49.514862, 0], [37.696968, 49.525332, 0], [37.692828, 49.526886, 0], [37.695323, 49.530318, 0], [37.696021, 49.541136, 0], [37.70085, 49.544334, 0], [37.701752, 49.552933, 0], [37.715368, 49.556361, 0], [37.731829, 49.557172, 0], [37.759603, 49.556177, 0], [37.760668, 49.559201, 0], [37.753838, 49.56178, 0], [37.753832, 49.563496, 0], [37.761252, 49.569586, 0], [37.77057, 49.572138, 0], [37.772164, 49.574912, 0], [37.79249, 49.580292, 0], [37.796328, 49.590543, 0], [37.790625, 49.592201, 0], [37.790894, 49.594665, 0], [37.804075, 49.594326, 0], [37.803024, 49.603214, 0], [37.789024, 49.603152, 0], [37.787941, 49.607704, 0], [37.808735, 49.607885, 0], [37.8166923, 49.6149658, 0], [37.810056, 49.6241761, 0], [37.7989986, 49.6273681, 0], [37.8012187, 49.6408989, 0], [37.7782176, 49.6426777, 0], [37.7784403, 49.6513703, 0], [37.7701087, 49.6542929, 0], [37.7699749, 49.6572755, 0], [37.7727358, 49.6577081, 0], [37.7778114, 49.6731791, 0], [37.7708693, 49.6892205, 0], [37.7756004, 49.6953775, 0], [37.7695729, 49.7040325, 0], [37.7768543, 49.7327184, 0], [37.7494416, 49.7414791, 0], [37.733444, 49.740142, 0], [37.7192914, 49.7369807, 0], [37.700727, 49.7369691, 0], [37.6853659, 49.7477409, 0], [37.6746149, 49.7547544, 0], [37.6691991, 49.7517112, 0], [37.6620531, 49.7516757, 0], [37.6557653, 49.7530816, 0], [37.654653, 49.751657, 0], [37.6619124, 49.7472127, 0], [37.6731106, 49.7443801, 0], [37.6851327, 49.7395451, 0], [37.6871229, 49.7317233, 0], [37.7028104, 49.7209199, 0], [37.7223094, 49.7195513, 0], [37.7308234, 49.7255058, 0], [37.7580617, 49.7209233, 0], [37.7408699, 49.6953195, 0], [37.7403095, 49.6843409, 0], [37.759313, 49.6793585, 0], [37.7591599, 49.6660646, 0], [37.7360941, 49.6630318, 0], [37.6946207, 49.6716898, 0], [37.6773475, 49.6702324, 0], [37.6645325, 49.6622853, 0], [37.6642504, 49.6575601, 0], [37.6916641, 49.6613325, 0], [37.7071795, 49.6580984, 0], [37.6984734, 49.6344566, 0], [37.6986339, 49.6315746, 0], [37.7042874, 49.6322504, 0], [37.7372311, 49.6527197, 0], [37.7565296, 49.6472726, 0], [37.7678424, 49.6391533, 0], [37.7866012, 49.6390858, 0], [37.7882815, 49.6285082, 0], [37.7856169, 49.6254598, 0], [37.791781, 49.611058, 0], [37.776128, 49.605085, 0], [37.78271, 49.597044, 0], [37.777498, 49.587956, 0], [37.770143, 49.573801, 0], [37.760918, 49.571969, 0], [37.739396, 49.572306, 0], [37.723184, 49.565966, 0], [37.713214, 49.563771, 0], [37.707792, 49.560963, 0], [37.701465, 49.559861, 0], [37.699033, 49.556859, 0], [37.697106, 49.55227, 0], [37.692556, 49.542023, 0], [37.69053, 49.526754, 0], [37.693722, 49.512905, 0], [37.690427, 49.501074, 0], [37.696588, 49.498335, 0], [37.710562, 49.506967, 0], [37.71964, 49.507401, 0], [37.723474, 49.492968, 0], [37.7422374, 49.4800924, 0], [37.751935, 49.4713033, 0], [37.7366809, 49.4636252, 0], [37.6850251, 49.4669086, 0], [37.6614262, 49.4465151, 0], [37.6513219, 49.4396275, 0], [37.666622, 49.4191209, 0], [37.6779749, 49.4080459, 0], [37.7109544, 49.4130493, 0], [37.7655493, 49.3953382, 0], [37.7694306, 49.4003537, 0], [37.814782, 49.384433, 0], [37.84331, 49.38449, 0], [37.843661, 49.372868, 0], [37.853662, 49.370241, 0], [37.857654, 49.370409, 0], [37.862893, 49.372979, 0], [37.874924, 49.372197, 0], [37.902268, 49.375326, 0], [37.908238, 49.371913, 0], [37.929778, 49.376402, 0], [37.934023, 49.374131, 0], [37.935199, 49.370826, 0], [37.938992, 49.369784, 0], [37.935243, 49.36184, 0], [37.94581, 49.361937, 0], [37.948223, 49.360949, 0], [37.949442, 49.359486, 0], [37.949033, 49.357045, 0], [37.943644, 49.35385, 0], [37.942194, 49.351595, 0], [37.936281, 49.34811, 0], [37.936248, 49.344945, 0], [37.938926, 49.339, 0], [37.941002, 49.335679, 0], [37.946512, 49.3337, 0], [37.951971, 49.332689, 0], [37.957687, 49.332292, 0], [37.961284, 49.329427, 0], [37.962286, 49.325838, 0], [37.961914, 49.322194, 0], [37.957845, 49.317449, 0], [37.959013, 49.311026, 0], [37.955726, 49.302584, 0], [37.949093, 49.302465, 0], [37.949082, 49.299019, 0], [37.956642, 49.286681, 0], [37.972763, 49.276573, 0], [37.98164, 49.279834, 0], [37.993373, 49.279225, 0], [37.997265, 49.281103, 0], [38.00273, 49.280419, 0], [38.003059, 49.282344, 0], [38.00592, 49.284274, 0], [38.007708, 49.283992, 0], [38.008605, 49.281031, 0], [38.004782, 49.27611, 0], [37.999282, 49.269851, 0], [38.006649, 49.265902, 0], [37.993996, 49.256464, 0], [37.9832, 49.257987, 0], [37.974464, 49.256484, 0], [37.9696888, 49.2508738, 0], [37.9435413, 49.2505301, 0], [37.934856, 49.246172, 0], [37.918025, 49.248896, 0], [37.911384, 49.244321, 0], [37.913841, 49.228596, 0], [37.88615, 49.230819, 0], [37.87403, 49.227311, 0], [37.87531, 49.221353, 0], [37.880908, 49.21741, 0], [37.878352, 49.212347, 0], [37.874873, 49.205245, 0], [37.884114, 49.201147, 0], [37.883657, 49.196095, 0], [37.865991, 49.198138, 0], [37.851759, 49.197487, 0], [37.836973, 49.20173, 0], [37.806265, 49.203982, 0], [37.77901, 49.210822, 0], [37.771324, 49.203977, 0], [37.800585, 49.194774, 0], [37.812294, 49.186468, 0], [37.805704, 49.181754, 0], [37.795972, 49.184165, 0], [37.796255, 49.186043, 0], [37.783406, 49.188819, 0], [37.776945, 49.183698, 0], [37.759846, 49.18666, 0], [37.754069, 49.182456, 0], [37.746763, 49.178811, 0], [37.7452961, 49.1707599, 0], [37.76123, 49.162937, 0], [37.750486, 49.15421, 0], [37.747388, 49.147149, 0], [37.74131, 49.140806, 0], [37.745097, 49.137323, 0], [37.745165, 49.134192, 0], [37.7410466, 49.1321328, 0], [37.7226363, 49.134989, 0], [37.7163289, 49.1308804, 0], [37.6986477, 49.1367112, 0], [37.6808834, 49.1270976, 0], [37.6729482, 49.114513, 0], [37.6758028, 49.1007745, 0], [37.680884, 49.0915408, 0], [37.6874258, 49.0874358, 0]]]}, "properties": {"name": "Статус невідомий /// Unknown status /// geoJSON.status.unknown", "styleUrl": "#poly-BCAAA4-2000-77-nodesc", "styleHash": "-14fcf160", "styleMapHash": {"normal": "#poly-BCAAA4-2000-77-nodesc-normal", "highlight": "#poly-BCAAA4-2000-77-nodesc-highlight"}, "stroke-opacity": 1, "stroke": "#bcaaa4", "stroke-width": 2, "fill-opacity": 0.30196078431372547, "fill": "#bcaaa4"}}, {"type": "Feature", "geometry": {"type": "Polygon", "coordinates": [[[36.0816972, 47.5705533, 0], [36.0896737, 47.5819769, 0], [36.0944037, 47.5859266, 0], [36.1084888, 47.5847812, 0], [36.108522, 47.5899233, 0], [36.123919, 47.5918809, 0], [36.1295879, 47.6029352, 0], [36.1239917, 47.6112924, 0], [36.1280863, 47.6214132, 0], [36.1403591, 47.6332495, 0], [36.1588997, 47.6424923, 0], [36.1541812, 47.6508709, 0], [36.1593756, 47.6530362, 0], [36.1719504, 47.6450825, 0], [36.1772864, 47.643219, 0], [36.1827927, 47.6331433, 0], [36.1948236, 47.6371212, 0], [36.2038627, 47.6435461, 0], [36.2023186, 47.6483531, 0], [36.1955505, 47.6577624, 0], [36.1798788, 47.6579929, 0], [36.1719299, 47.6694344, 0], [36.1461984, 47.6704597, 0], [36.1386926, 47.6601878, 0], [36.1376368, 47.6560606, 0], [36.1202731, 47.6554019, 0], [36.1181097, 47.6473325, 0], [36.125182, 47.6380638, 0], [36.1037867, 47.6319668, 0], [36.1018141, 47.6223425, 0], [36.0791559, 47.6080511, 0], [36.082356, 47.592317, 0], [36.0676218, 47.5855499, 0], [36.0401532, 47.5850221, 0], [36.0377524, 47.5759575, 0], [36.0483955, 47.5562382, 0], [36.057075, 47.537115, 0], [36.034005, 47.532602, 0], [36.021299, 47.526801, 0], [36.0049425, 47.5309661, 0], [35.9891004, 47.5311884, 0], [35.9735728, 47.5272646, 0], [35.966768, 47.5231218, 0], [35.967959, 47.517566, 0], [35.9896768, 47.5145181, 0], [35.9921425, 47.5232359, 0], [35.9944477, 47.5256521, 0], [35.9987761, 47.5257009, 0], [36.020784, 47.515904, 0], [36.03001, 47.522289, 0], [36.031684, 47.526124, 0], [36.0652477, 47.5268356, 0], [36.0725324, 47.5505458, 0], [36.0638173, 47.5528682, 0], [36.0641989, 47.5622572, 0], [36.0816972, 47.5705533, 0]]]}, "properties": {"name": "Статус невідомий /// Unknown status /// geoJSON.status.unknown", "styleUrl": "#poly-BCAAA4-2000-77-nodesc", "styleHash": "-14fcf160", "styleMapHash": {"normal": "#poly-BCAAA4-2000-77-nodesc-normal", "highlight": "#poly-BCAAA4-2000-77-nodesc-highlight"}, "stroke-opacity": 1, "stroke": "#bcaaa4", "stroke-width": 2, "fill-opacity": 0.30196078431372547, "fill": "#bcaaa4"}}, {"type": "Feature", "geometry": {"type": "Polygon", "coordinates": [[[35.799375, 47.473519, 0], [35.8180819, 47.4695855, 0], [35.8421098, 47.4709894, 0], [35.896111, 47.46596, 0], [35.911615, 47.468917, 0], [35.921493, 47.475232, 0], [35.924055, 47.494728, 0], [35.932591, 47.493496, 0], [35.941642, 47.493887, 0], [35.940888, 47.511993, 0], [35.9361973, 47.523303, 0], [35.9367705, 47.5271607, 0], [35.9432371, 47.5301327, 0], [35.9497032, 47.5235996, 0], [35.967959, 47.517566, 0], [35.966768, 47.5231218, 0], [35.9510656, 47.5291893, 0], [35.9396937, 47.5362492, 0], [35.9269468, 47.5362964, 0], [35.912106, 47.5273193, 0], [35.9032024, 47.5289574, 0], [35.9021524, 47.5268572, 0], [35.9124548, 47.5242507, 0], [35.9344298, 47.5204559, 0], [35.93649, 47.514805, 0], [35.930825, 47.507384, 0], [35.927564, 47.501528, 0], [35.916712, 47.495457, 0], [35.914422, 47.487795, 0], [35.891493, 47.477653, 0], [35.839104, 47.480344, 0], [35.82707, 47.486131, 0], [35.81246, 47.484956, 0], [35.799415, 47.48026, 0], [35.797483, 47.491193, 0], [35.789066, 47.491322, 0], [35.776928, 47.490931, 0], [35.740898, 47.492205, 0], [35.737339, 47.503048, 0], [35.720042, 47.515514, 0], [35.711504, 47.505541, 0], [35.71853, 47.494788, 0], [35.731603, 47.490714, 0], [35.746391, 47.489885, 0], [35.745142, 47.486822, 0], [35.782257, 47.485668, 0], [35.790682, 47.480885, 0], [35.799375, 47.473519, 0]]]}, "properties": {"name": "Статус невідомий /// Unknown status /// geoJSON.status.unknown", "styleUrl": "#poly-BCAAA4-2000-77-nodesc", "styleHash": "-14fcf160", "styleMapHash": {"normal": "#poly-BCAAA4-2000-77-nodesc-normal", "highlight": "#poly-BCAAA4-2000-77-nodesc-highlight"}, "stroke-opacity": 1, "stroke": "#bcaaa4", "stroke-width": 2, "fill-opacity": 0.30196078431372547, "fill": "#bcaaa4"}}, {"type": "Feature", "geometry": {"type": "Polygon", "coordinates": [[[32.839211, 46.685576, 0], [32.824662, 46.678657, 0], [32.8140584, 46.6761637, 0], [32.7997278, 46.6745797, 0], [32.7837679, 46.6689314, 0], [32.7590693, 46.6647508, 0], [32.7296999, 46.6643944, 0], [32.7305938, 46.661908, 0], [32.732929, 46.6609593, 0], [32.7356503, 46.6572419, 0], [32.728898, 46.656098, 0], [32.725937, 46.659043, 0], [32.722156, 46.658665, 0], [32.719205, 46.661079, 0], [32.698022, 46.658625, 0], [32.672038, 46.65051, 0], [32.658355, 46.643822, 0], [32.654335, 46.643761, 0], [32.644467, 46.638234, 0], [32.61951, 46.618914, 0], [32.589384, 46.592302, 0], [32.581867, 46.592856, 0], [32.567122, 46.594786, 0], [32.558713, 46.596738, 0], [32.547385, 46.593173, 0], [32.539062, 46.591494, 0], [32.512893, 46.591026, 0], [32.482875, 46.574123, 0], [32.480651, 46.570789, 0], [32.472162, 46.568752, 0], [32.45801, 46.561758, 0], [32.469343, 46.552657, 0], [32.478441, 46.550585, 0], [32.492002, 46.555122, 0], [32.496466, 46.552734, 0], [32.496128, 46.5482, 0], [32.507332, 46.548265, 0], [32.50899, 46.540014, 0], [32.514585, 46.54101, 0], [32.520688, 46.540356, 0], [32.531855, 46.536868, 0], [32.553804, 46.541271, 0], [32.582333, 46.555126, 0], [32.666501, 46.582534, 0], [32.691777, 46.601258, 0], [32.689077, 46.606416, 0], [32.678738, 46.614152, 0], [32.684459, 46.621245, 0], [32.719988, 46.631762, 0], [32.751121, 46.630308, 0], [32.767524, 46.635578, 0], [32.784392, 46.628019, 0], [32.79871, 46.632116, 0], [32.803575, 46.64089, 0], [32.817026, 46.645891, 0], [32.833632, 46.65495, 0], [32.845933, 46.663276, 0], [32.87011, 46.682514, 0], [32.875045, 46.686842, 0], [32.879959, 46.686474, 0], [32.885731, 46.68905, 0], [32.891023, 46.693202, 0], [32.891767, 46.698237, 0], [32.905306, 46.711285, 0], [32.923355, 46.718326, 0], [32.928559, 46.718374, 0], [32.933393, 46.717207, 0], [32.942776, 46.713303, 0], [32.954231, 46.711542, 0], [32.979847, 46.710469, 0], [32.991091, 46.714538, 0], [33.01958, 46.717745, 0], [33.024894, 46.724573, 0], [33.04052, 46.729226, 0], [33.043353, 46.737227, 0], [33.044173, 46.738481, 0], [33.048438, 46.737604, 0], [33.054173, 46.731432, 0], [33.06219, 46.732265, 0], [33.071391, 46.737295, 0], [33.073312, 46.7384, 0], [33.081979, 46.73801, 0], [33.090411, 46.743645, 0], [33.104047, 46.747501, 0], [33.132062, 46.755128, 0], [33.137166, 46.755756, 0], [33.140191, 46.756687, 0], [33.141455, 46.759367, 0], [33.153349, 46.762795, 0], [33.19787, 46.767502, 0], [33.1715628, 46.7744748, 0], [33.154365, 46.78076, 0], [33.144842, 46.781667, 0], [33.130411, 46.779007, 0], [33.092987, 46.762763, 0], [33.067933, 46.74898, 0], [33.047009, 46.740602, 0], [33.032254, 46.737421, 0], [33.009426, 46.736215, 0], [32.983164, 46.737828, 0], [32.959826, 46.733988, 0], [32.936339, 46.731475, 0], [32.912735, 46.725828, 0], [32.893971, 46.717421, 0], [32.871483, 46.702413, 0], [32.859295, 46.695938, 0], [32.849511, 46.69064, 0], [32.839211, 46.685576, 0]]]}, "properties": {"name": "Статус невідомий /// Unknown status /// geoJSON.status.unknown", "styleUrl": "#poly-BCAAA4-2000-77-nodesc", "styleHash": "-14fcf160", "styleMapHash": {"normal": "#poly-BCAAA4-2000-77-nodesc-normal", "highlight": "#poly-BCAAA4-2000-77-nodesc-highlight"}, "stroke-opacity": 1, "stroke": "#bcaaa4", "stroke-width": 2, "fill-opacity": 0.30196078431372547, "fill": "#bcaaa4"}}, {"type": "Feature", "geometry": {"type": "Polygon", "coordinates": [[[37.8205005, 48.7397547, 0], [37.843373, 48.7312481, 0], [37.8478764, 48.7343687, 0], [37.870225, 48.726057, 0], [37.8789578, 48.729889, 0], [37.8809997, 48.7330919, 0], [37.876957, 48.7408441, 0], [37.8614679, 48.7395644, 0], [37.8510632, 48.7424338, 0], [37.8475246, 48.7453028, 0], [37.8510041, 48.7479563, 0], [37.8627242, 48.752251, 0], [37.8589623, 48.7539796, 0], [37.8545345, 48.75142, 0], [37.8487339, 48.7504447, 0], [37.8383345, 48.7506438, 0], [37.8347017, 48.7520603, 0], [37.8444301, 48.7544414, 0], [37.8368502, 48.7622598, 0], [37.8332599, 48.7626565, 0], [37.8320727, 48.7655426, 0], [37.8389682, 48.764865, 0], [37.8515569, 48.758191, 0], [37.8585387, 48.7565548, 0], [37.8635928, 48.7590934, 0], [37.869124, 48.7594006, 0], [37.8799761, 48.757727, 0], [37.8904079, 48.7613725, 0], [37.8946624, 48.7717736, 0], [37.8808293, 48.7792463, 0], [37.8713942, 48.77989, 0], [37.8706277, 48.7820605, 0], [37.8726938, 48.7826475, 0], [37.8812829, 48.7812549, 0], [37.8910919, 48.7782862, 0], [37.8995604, 48.7713413, 0], [37.921347, 48.7692917, 0], [37.930222, 48.7746351, 0], [37.9510482, 48.7813993, 0], [37.9567649, 48.7974547, 0], [37.9535218, 48.8002309, 0], [37.9555482, 48.8097311, 0], [37.9503602, 48.8134014, 0], [37.9551826, 48.8218588, 0], [37.9325714, 48.8103667, 0], [37.9204119, 48.7950764, 0], [37.9055251, 48.7901226, 0], [37.8933943, 48.7845583, 0], [37.8710779, 48.789325, 0], [37.8594053, 48.7836604, 0], [37.8545134, 48.7708166, 0], [37.8460587, 48.7678743, 0], [37.8274223, 48.7690627, 0], [37.8185282, 48.762047, 0], [37.8270037, 48.7582556, 0], [37.817495, 48.7573846, 0], [37.8082199, 48.7601094, 0], [37.8146126, 48.7680885, 0], [37.8124932, 48.7724229, 0], [37.8189573, 48.7790199, 0], [37.8174659, 48.7811277, 0], [37.8099658, 48.7756561, 0], [37.8029414, 48.7829418, 0], [37.8012378, 48.7824223, 0], [37.8074444, 48.7736912, 0], [37.8042656, 48.7621548, 0], [37.7945605, 48.7670853, 0], [37.7927518, 48.7629635, 0], [37.8054002, 48.7532005, 0], [37.8020836, 48.7481907, 0], [37.8035329, 48.7419921, 0], [37.7807819, 48.7431944, 0], [37.7551589, 48.7373426, 0], [37.7622716, 48.7344083, 0], [37.7791687, 48.7340205, 0], [37.7942521, 48.7356794, 0], [37.810392, 48.7319166, 0], [37.8306289, 48.7282595, 0], [37.8334403, 48.7313315, 0], [37.8311869, 48.7341205, 0], [37.8214667, 48.7377868, 0], [37.8205005, 48.7397547, 0]]]}, "properties": {"name": "Статус невідомий /// Unknown status /// geoJSON.status.unknown", "styleUrl": "#poly-BCAAA4-2000-77-nodesc", "styleHash": "-14fcf160", "styleMapHash": {"normal": "#poly-BCAAA4-2000-77-nodesc-normal", "highlight": "#poly-BCAAA4-2000-77-nodesc-highlight"}, "stroke-opacity": 1, "stroke": "#bcaaa4", "stroke-width": 2, "fill-opacity": 0.30196078431372547, "fill": "#bcaaa4"}}, {"type": "Feature", "geometry": {"type": "Polygon", "coordinates": [[[32.342266, 46.533458, 0], [32.346257, 46.53331, 0], [32.347845, 46.533664, 0], [32.347845, 46.534639, 0], [32.351385, 46.535377, 0], [32.352909, 46.534919, 0], [32.353681, 46.535554, 0], [32.355768, 46.536288, 0], [32.355795, 46.536609, 0], [32.354169, 46.536414, 0], [32.354046, 46.53675, 0], [32.354325, 46.537148, 0], [32.355591, 46.537495, 0], [32.357629, 46.537665, 0], [32.360505, 46.537547, 0], [32.363112, 46.537901, 0], [32.365547, 46.53765, 0], [32.364453, 46.536617, 0], [32.367199, 46.534845, 0], [32.370204, 46.534727, 0], [32.374238, 46.537325, 0], [32.374066, 46.538801, 0], [32.374409, 46.541222, 0], [32.37531, 46.541886, 0], [32.376555, 46.542344, 0], [32.379473, 46.541458, 0], [32.381404, 46.540617, 0], [32.382306, 46.539569, 0], [32.381919, 46.537908, 0], [32.382348, 46.536366, 0], [32.382134, 46.534373, 0], [32.380889, 46.53334, 0], [32.373036, 46.531893, 0], [32.36986, 46.532306, 0], [32.366513, 46.534137, 0], [32.363251, 46.535613, 0], [32.361191, 46.535613, 0], [32.357672, 46.534727, 0], [32.356814, 46.53331, 0], [32.35278, 46.532897, 0], [32.350033, 46.533487, 0], [32.348317, 46.532956, 0], [32.350763, 46.532218, 0], [32.353295, 46.531716, 0], [32.357243, 46.531952, 0], [32.36162, 46.531539, 0], [32.364109, 46.530594, 0], [32.366684, 46.527878, 0], [32.370461, 46.527642, 0], [32.377156, 46.529177, 0], [32.383078, 46.531598, 0], [32.388485, 46.536026, 0], [32.392777, 46.538919, 0], [32.39488, 46.539805, 0], [32.398946, 46.541742, 0], [32.401339, 46.542528, 0], [32.402664, 46.542707, 0], [32.401886, 46.542355, 0], [32.397567, 46.540497, 0], [32.395438, 46.5392, 0], [32.396039, 46.539008, 0], [32.403849, 46.541871, 0], [32.410973, 46.544469, 0], [32.416166, 46.546978, 0], [32.420071, 46.549663, 0], [32.428311, 46.555212, 0], [32.425779, 46.556923, 0], [32.422818, 46.558045, 0], [32.417153, 46.558163, 0], [32.413848, 46.557484, 0], [32.411316, 46.556392, 0], [32.403162, 46.552733, 0], [32.4046, 46.549528, 0], [32.402712, 46.545868, 0], [32.39945, 46.542975, 0], [32.395846, 46.541499, 0], [32.390181, 46.537898, 0], [32.387434, 46.536422, 0], [32.384516, 46.537602, 0], [32.383142, 46.539905, 0], [32.380568, 46.543152, 0], [32.374216, 46.543742, 0], [32.373379, 46.545413, 0], [32.364024, 46.54472, 0], [32.362307, 46.544233, 0], [32.356041, 46.539982, 0], [32.353938, 46.538344, 0], [32.357018, 46.53958, 0], [32.359968, 46.541111, 0], [32.360279, 46.540871, 0], [32.357474, 46.539157, 0], [32.353467, 46.537384, 0], [32.350655, 46.536056, 0], [32.344636, 46.534521, 0], [32.342266, 46.533458, 0]]]}, "properties": {"name": "Статус невідомий /// Unknown status /// geoJSON.status.unknown", "styleUrl": "#poly-BCAAA4-2000-77-nodesc", "styleHash": "-14fcf160", "styleMapHash": {"normal": "#poly-BCAAA4-2000-77-nodesc-normal", "highlight": "#poly-BCAAA4-2000-77-nodesc-highlight"}, "stroke-opacity": 1, "stroke": "#bcaaa4", "stroke-width": 2, "fill-opacity": 0.30196078431372547, "fill": "#bcaaa4"}}, {"type": "Feature", "geometry": {"type": "Polygon", "coordinates": [[[37.032995, 50.348824, 0], [37.031315, 50.33909, 0], [37.0381007, 50.3344226, 0], [37.0488748, 50.3356774, 0], [37.0482581, 50.3345126, 0], [37.0467832, 50.3338956, 0], [37.0489831, 50.3332094, 0], [37.0443708, 50.3313439, 0], [37.04059, 50.32723, 0], [37.053801, 50.322568, 0], [37.053025, 50.319278, 0], [37.043667, 50.317522, 0], [37.0342196, 50.3120915, 0], [37.0220957, 50.3063194, 0], [37.0130603, 50.3047678, 0], [37.0060585, 50.3016586, 0], [36.9980172, 50.3036544, 0], [36.9888344, 50.301066, 0], [36.9816698, 50.3027815, 0], [36.9765848, 50.3011443, 0], [36.9738615, 50.2990686, 0], [36.9760529, 50.2974386, 0], [36.9624032, 50.2911245, 0], [36.9498712, 50.2878203, 0], [36.9548707, 50.2786885, 0], [36.9557768, 50.2745336, 0], [36.9514481, 50.270159, 0], [36.9471687, 50.2629888, 0], [36.942632, 50.2630609, 0], [36.94258, 50.265355, 0], [36.9355754, 50.2679782, 0], [36.9336067, 50.2674978, 0], [36.9285799, 50.2714992, 0], [36.9226951, 50.2794497, 0], [36.9151097, 50.2813232, 0], [36.8963769, 50.274672, 0], [36.8967261, 50.2678202, 0], [36.904454, 50.2683996, 0], [36.906, 50.2673178, 0], [36.9080605, 50.2672708, 0], [36.9091764, 50.2641749, 0], [36.909048, 50.2621882, 0], [36.9060119, 50.26235, 0], [36.9053791, 50.2605364, 0], [36.8988242, 50.2630026, 0], [36.894431, 50.2581996, 0], [36.8939941, 50.2520663, 0], [36.8992776, 50.2540704, 0], [36.900233, 50.2568212, 0], [36.9048364, 50.2568556, 0], [36.9086357, 50.2545098, 0], [36.9048187, 50.2519582, 0], [36.9042273, 50.2492157, 0], [36.8887974, 50.2482311, 0], [36.8809403, 50.2504327, 0], [36.8684253, 50.2600501, 0], [36.8559298, 50.2572236, 0], [36.8443, 50.264233, 0], [36.837776, 50.261353, 0], [36.837605, 50.258828, 0], [36.833142, 50.256469, 0], [36.829558, 50.254164, 0], [36.823421, 50.249979, 0], [36.821833, 50.249554, 0], [36.808508, 50.248072, 0], [36.789252, 50.2458, 0], [36.772227, 50.255269, 0], [36.755456, 50.260293, 0], [36.739773, 50.265659, 0], [36.727123, 50.267794, 0], [36.720128, 50.277444, 0], [36.710503, 50.271243, 0], [36.705342, 50.268882, 0], [36.705118, 50.265945, 0], [36.704035, 50.264214, 0], [36.74297, 50.256961, 0], [36.761082, 50.244326, 0], [36.777128, 50.238494, 0], [36.80304, 50.242051, 0], [36.829471, 50.244615, 0], [36.8424251, 50.2420138, 0], [36.8404487, 50.2324275, 0], [36.8438826, 50.2278474, 0], [36.8663947, 50.2330157, 0], [36.8813909, 50.2350842, 0], [36.8876013, 50.2281568, 0], [36.8911319, 50.2206214, 0], [36.8901692, 50.212531, 0], [36.8979702, 50.2127697, 0], [36.8986478, 50.2193794, 0], [36.8938042, 50.2282419, 0], [36.8919396, 50.2384297, 0], [36.9041738, 50.2375567, 0], [36.9109623, 50.2499731, 0], [36.9222662, 50.2498434, 0], [36.9268096, 50.2546691, 0], [36.9315195, 50.2543849, 0], [36.9299834, 50.2480292, 0], [36.9248431, 50.2466131, 0], [36.9260636, 50.2438907, 0], [36.9372584, 50.2453618, 0], [36.9387048, 50.2421566, 0], [36.9280658, 50.2390488, 0], [36.9309022, 50.2357765, 0], [36.9393207, 50.2364782, 0], [36.9518668, 50.2435893, 0], [36.9532713, 50.2541874, 0], [36.9800561, 50.2777961, 0], [36.9943329, 50.2845288, 0], [36.9931624, 50.294113, 0], [37.0129089, 50.30209, 0], [37.0267541, 50.3035033, 0], [37.0369172, 50.3097476, 0], [37.054636, 50.315551, 0], [37.057507, 50.320256, 0], [37.056773, 50.324852, 0], [37.0471515, 50.329552, 0], [37.0515056, 50.3330154, 0], [37.0531983, 50.3368624, 0], [37.0598043, 50.3370779, 0], [37.080015, 50.3154913, 0], [37.0729763, 50.2871247, 0], [37.084454, 50.2779884, 0], [37.0911252, 50.2868409, 0], [37.1065365, 50.312436, 0], [37.1312582, 50.315009, 0], [37.1235703, 50.3027889, 0], [37.1216054, 50.2872862, 0], [37.1357277, 50.2847978, 0], [37.1428336, 50.3177565, 0], [37.1540678, 50.3242296, 0], [37.1673508, 50.3260511, 0], [37.1847358, 50.3405501, 0], [37.217072, 50.3586516, 0], [37.223336, 50.377942, 0], [37.2207153, 50.3753732, 0], [37.2029263, 50.37168, 0], [37.1803359, 50.3631659, 0], [37.1629631, 50.3519389, 0], [37.1433612, 50.3458564, 0], [37.1383816, 50.3609458, 0], [37.1025246, 50.3573454, 0], [37.1056048, 50.3534083, 0], [37.105509, 50.351607, 0], [37.0834722, 50.3476026, 0], [37.0831985, 50.3334258, 0], [37.0760596, 50.3321779, 0], [37.0731263, 50.3358047, 0], [37.0751195, 50.3385725, 0], [37.0808896, 50.3394776, 0], [37.0804141, 50.3474233, 0], [37.0701921, 50.3464436, 0], [37.0595111, 50.3471917, 0], [37.0448727, 50.3450245, 0], [37.037963, 50.348663, 0], [37.032995, 50.348824, 0]]]}, "properties": {"name": "Статус невідомий /// Unknown status /// geoJSON.status.unknown", "styleUrl": "#poly-BCAAA4-2000-77-nodesc", "styleHash": "-14fcf160", "styleMapHash": {"normal": "#poly-BCAAA4-2000-77-nodesc-normal", "highlight": "#poly-BCAAA4-2000-77-nodesc-highlight"}, "stroke-opacity": 1, "stroke": "#bcaaa4", "stroke-width": 2, "fill-opacity": 0.30196078431372547, "fill": "#bcaaa4"}}, {"type": "Feature", "geometry": {"type": "Polygon", "coordinates": [[[36.428055, 50.247111, 0], [36.437452, 50.244915, 0], [36.445819, 50.243322, 0], [36.451698, 50.247353, 0], [36.460157, 50.246224, 0], [36.466916, 50.242394, 0], [36.468899, 50.237302, 0], [36.466444, 50.230549, 0], [36.464715, 50.229073, 0], [36.458867, 50.228366, 0], [36.459014, 50.222558, 0], [36.47563, 50.216064, 0], [36.481944, 50.214951, 0], [36.49337, 50.210498, 0], [36.5182, 50.223591, 0], [36.530919, 50.233554, 0], [36.534777, 50.235131, 0], [36.540338, 50.234994, 0], [36.569525, 50.230051, 0], [36.578435, 50.224435, 0], [36.588201, 50.221893, 0], [36.613489, 50.223726, 0], [36.5963787, 50.2295403, 0], [36.5981604, 50.2309131, 0], [36.586776, 50.23514, 0], [36.578034, 50.2396, 0], [36.576406, 50.241576, 0], [36.569199, 50.24454, 0], [36.532801, 50.242425, 0], [36.505396, 50.238677, 0], [36.485493, 50.242206, 0], [36.481032, 50.241639, 0], [36.466356, 50.251404, 0], [36.448247, 50.253593, 0], [36.443985, 50.248337, 0], [36.423299, 50.25399, 0], [36.418364, 50.256871, 0], [36.415918, 50.259725, 0], [36.405358, 50.261131, 0], [36.3900716, 50.2696972, 0], [36.3656874, 50.2718277, 0], [36.363798, 50.287487, 0], [36.354359, 50.28878, 0], [36.3509673, 50.2730063, 0], [36.3560732, 50.2657653, 0], [36.3576192, 50.2572331, 0], [36.3854366, 50.2569128, 0], [36.400655, 50.253404, 0], [36.405602, 50.253458, 0], [36.428055, 50.247111, 0]]]}, "properties": {"name": "Статус невідомий /// Unknown status /// geoJSON.status.unknown", "styleUrl": "#poly-BCAAA4-2000-77-nodesc", "styleHash": "-14fcf160", "styleMapHash": {"normal": "#poly-BCAAA4-2000-77-nodesc-normal", "highlight": "#poly-BCAAA4-2000-77-nodesc-highlight"}, "stroke-opacity": 1, "stroke": "#bcaaa4", "stroke-width": 2, "fill-opacity": 0.30196078431372547, "fill": "#bcaaa4"}}, {"type": "Feature", "geometry": {"type": "Polygon", "coordinates": [[[34.9130533, 51.1213271, 0], [34.919146, 51.1090393, 0], [34.9343922, 51.1080569, 0], [34.946803, 51.110359, 0], [34.9538281, 51.1056961, 0], [34.9656051, 51.0994071, 0], [34.980691, 51.0987038, 0], [34.9988663, 51.0979982, 0], [35.018193, 51.104802, 0], [35.04327, 51.103995, 0], [35.0794874, 51.1068271, 0], [35.0839505, 51.1134207, 0], [35.105738, 51.1191188, 0], [35.126838, 51.117378, 0], [35.1377245, 51.1165512, 0], [35.1479072, 51.1111779, 0], [35.1438142, 51.1021857, 0], [35.1441704, 51.0957484, 0], [35.1383578, 51.0892431, 0], [35.1475532, 51.0825396, 0], [35.1555473, 51.0909316, 0], [35.173617, 51.0875152, 0], [35.1767544, 51.0987085, 0], [35.1702982, 51.1028225, 0], [35.1683999, 51.100379, 0], [35.164354, 51.100738, 0], [35.156458, 51.103756, 0], [35.154655, 51.103002, 0], [35.150535, 51.106397, 0], [35.154484, 51.110223, 0], [35.162895, 51.109577, 0], [35.168289, 51.11987, 0], [35.17459, 51.121569, 0], [35.168299, 51.126405, 0], [35.153652, 51.131301, 0], [35.142092, 51.13361, 0], [35.115952, 51.12453, 0], [35.097239, 51.127832, 0], [35.05505, 51.112478, 0], [35.047623, 51.112815, 0], [35.047672, 51.115792, 0], [35.042838, 51.116499, 0], [35.04148, 51.112248, 0], [35.03986, 51.1103768, 0], [35.037414, 51.110403, 0], [35.033296, 51.113528, 0], [35.030561, 51.112242, 0], [35.030193, 51.108784, 0], [35.028294, 51.106061, 0], [35.0193974, 51.1068814, 0], [34.999603, 51.1009643, 0], [34.9964969, 51.102557, 0], [35.0054075, 51.1094306, 0], [34.9796357, 51.1088197, 0], [34.9731012, 51.1053617, 0], [34.9728323, 51.108586, 0], [34.9653145, 51.1156433, 0], [34.9552015, 51.1220153, 0], [34.9545258, 51.1270248, 0], [34.9362658, 51.1307955, 0], [34.9274656, 51.1404348, 0], [34.9156219, 51.142912, 0], [34.9020607, 51.12934, 0], [34.884882, 51.138744, 0], [34.878312, 51.129412, 0], [34.867746, 51.122594, 0], [34.8517645, 51.119302, 0], [34.8442892, 51.1168483, 0], [34.8350961, 51.1177885, 0], [34.8285989, 51.122294, 0], [34.8261364, 51.1213054, 0], [34.8118991, 51.1292953, 0], [34.8148296, 51.1347544, 0], [34.8049502, 51.1429358, 0], [34.7986608, 51.1424027, 0], [34.7881348, 51.1523125, 0], [34.7717686, 51.1526934, 0], [34.7573821, 51.1509764, 0], [34.7519197, 51.1678886, 0], [34.7450879, 51.1667922, 0], [34.737125, 51.179299, 0], [34.7314817, 51.1824188, 0], [34.726526, 51.1788655, 0], [34.7324058, 51.1639038, 0], [34.7463205, 51.1642258, 0], [34.7538807, 51.1475363, 0], [34.7683775, 51.1467185, 0], [34.7754302, 51.1393892, 0], [34.7879764, 51.1332427, 0], [34.787378, 51.1296361, 0], [34.7905083, 51.1209068, 0], [34.81101, 51.115236, 0], [34.8331229, 51.1156808, 0], [34.8462638, 51.1150382, 0], [34.866591, 51.118008, 0], [34.9130533, 51.1213271, 0]]]}, "properties": {"name": "Статус невідомий /// Unknown status /// geoJSON.status.unknown", "styleUrl": "#poly-BCAAA4-2000-77-nodesc", "styleHash": "-14fcf160", "styleMapHash": {"normal": "#poly-BCAAA4-2000-77-nodesc-normal", "highlight": "#poly-BCAAA4-2000-77-nodesc-highlight"}, "stroke-opacity": 1, "stroke": "#bcaaa4", "stroke-width": 2, "fill-opacity": 0.30196078431372547, "fill": "#bcaaa4"}}, {"type": "Feature", "geometry": {"type": "Polygon", "coordinates": [[[36.8542833, 48.0929889, 0], [36.845181, 48.0929937, 0], [36.8299858, 48.098566, 0], [36.8087898, 48.1302127, 0], [36.7996745, 48.1329477, 0], [36.7913182, 48.136027, 0], [36.7831882, 48.1376021, 0], [36.7719688, 48.1272618, 0], [36.7613506, 48.1305557, 0], [36.7514076, 48.135138, 0], [36.742579, 48.1346795, 0], [36.7401532, 48.1299954, 0], [36.7490821, 48.1173751, 0], [36.7417879, 48.110483, 0], [36.7407622, 48.0989875, 0], [36.717765, 48.0971161, 0], [36.7031981, 48.0909353, 0], [36.6787795, 48.0969445, 0], [36.6765871, 48.0896905, 0], [36.6687765, 48.0896905, 0], [36.6660299, 48.0871678, 0], [36.6528978, 48.0877411, 0], [36.6515245, 48.0860784, 0], [36.6447871, 48.0902352, 0], [36.6387358, 48.0906077, 0], [36.6348734, 48.0873971, 0], [36.6337576, 48.0820647, 0], [36.6177072, 48.0765598, 0], [36.620285, 48.073034, 0], [36.624837, 48.0702964, 0], [36.6238163, 48.0680343, 0], [36.6219757, 48.0652883, 0], [36.6201138, 48.0562353, 0], [36.6169451, 48.052067, 0], [36.621072, 48.034531, 0], [36.6149859, 48.0329712, 0], [36.612361, 48.01887, 0], [36.617989, 48.001574, 0], [36.5925906, 48.0005687, 0], [36.5870567, 47.9987963, 0], [36.5904494, 47.995186, 0], [36.623667, 47.989112, 0], [36.6188719, 47.9783766, 0], [36.6046954, 47.9721317, 0], [36.618827, 47.962732, 0], [36.627853, 47.963547, 0], [36.646786, 47.964472, 0], [36.643816, 47.970748, 0], [36.638286, 47.971599, 0], [36.63507, 47.980337, 0], [36.6623135, 48.0008002, 0], [36.6652849, 48.0065672, 0], [36.6721151, 48.0125089, 0], [36.6839741, 48.0192811, 0], [36.6988631, 48.0261797, 0], [36.7043335, 48.037781, 0], [36.7066244, 48.0535143, 0], [36.7221499, 48.0540071, 0], [36.7360429, 48.0643453, 0], [36.7472956, 48.0780964, 0], [36.7690225, 48.0753965, 0], [36.8058453, 48.0595327, 0], [36.8262628, 48.0699393, 0], [36.8379785, 48.0715742, 0], [36.8377426, 48.077782, 0], [36.842088, 48.0781331, 0], [36.8520979, 48.0800325, 0], [36.863429, 48.0819825, 0], [36.8542833, 48.0929889, 0]]]}, "properties": {"name": "Статус невідомий /// Unknown status /// geoJSON.status.unknown", "styleUrl": "#poly-BCAAA4-2000-77-nodesc", "styleHash": "-14fcf160", "styleMapHash": {"normal": "#poly-BCAAA4-2000-77-nodesc-normal", "highlight": "#poly-BCAAA4-2000-77-nodesc-highlight"}, "stroke-opacity": 1, "stroke": "#bcaaa4", "stroke-width": 2, "fill-opacity": 0.30196078431372547, "fill": "#bcaaa4"}}, {"type": "Feature", "geometry": {"type": "Polygon", "coordinates": [[[35.258447, 51.058753, 0], [35.252405, 51.061493, 0], [35.248847, 51.064371, 0], [35.243634, 51.063816, 0], [35.24207, 51.060242, 0], [35.227807, 51.055079, 0], [35.21344, 51.046509, 0], [35.239297, 51.050874, 0], [35.261034, 51.047463, 0], [35.27142, 51.050755, 0], [35.281119, 51.050377, 0], [35.318536, 51.057123, 0], [35.337853, 51.067208, 0], [35.327998, 51.07111, 0], [35.32156, 51.066957, 0], [35.305682, 51.062157, 0], [35.295296, 51.063451, 0], [35.286893, 51.06754, 0], [35.276261, 51.065128, 0], [35.274557, 51.058616, 0], [35.258447, 51.058753, 0]]]}, "properties": {"name": "Статус невідомий /// Unknown status /// geoJSON.status.unknown", "styleUrl": "#poly-BCAAA4-2000-77-nodesc", "styleHash": "-14fcf160", "styleMapHash": {"normal": "#poly-BCAAA4-2000-77-nodesc-normal", "highlight": "#poly-BCAAA4-2000-77-nodesc-highlight"}, "stroke-opacity": 1, "stroke": "#bcaaa4", "stroke-width": 2, "fill-opacity": 0.30196078431372547, "fill": "#bcaaa4"}}, {"type": "Feature", "geometry": {"type": "Polygon", "coordinates": [[[37.606386, 49.826107, 0], [37.597208, 49.826494, 0], [37.592846, 49.822236, 0], [37.59202, 49.810838, 0], [37.594148, 49.797455, 0], [37.589094, 49.789718, 0], [37.6129042, 49.7770229, 0], [37.6211396, 49.7740164, 0], [37.6249691, 49.7717753, 0], [37.6249692, 49.7615191, 0], [37.628317, 49.7565282, 0], [37.6216966, 49.7492823, 0], [37.6268228, 49.7417393, 0], [37.619943, 49.73697, 0], [37.6240903, 49.7282187, 0], [37.6201562, 49.7257847, 0], [37.6165154, 49.7257605, 0], [37.6150203, 49.7272898, 0], [37.6023832, 49.7254305, 0], [37.5931655, 49.7204694, 0], [37.6008585, 49.7161458, 0], [37.6096735, 49.7125747, 0], [37.6095143, 49.7095109, 0], [37.6168622, 49.7098785, 0], [37.6219251, 49.708671, 0], [37.6237334, 49.714144, 0], [37.6231944, 49.7193945, 0], [37.623658, 49.7208424, 0], [37.6341256, 49.7382572, 0], [37.6498743, 49.7507249, 0], [37.654653, 49.751657, 0], [37.6557653, 49.7530816, 0], [37.6466529, 49.7588812, 0], [37.6381151, 49.7738941, 0], [37.6232738, 49.7767237, 0], [37.611246, 49.78401, 0], [37.612197, 49.79171, 0], [37.605703, 49.795738, 0], [37.605246, 49.802153, 0], [37.600134, 49.80926, 0], [37.600514, 49.811768, 0], [37.609756, 49.815873, 0], [37.61571, 49.823452, 0], [37.617078, 49.824791, 0], [37.628233, 49.828063, 0], [37.629433, 49.830529, 0], [37.633392, 49.840982, 0], [37.632287, 49.850879, 0], [37.634142, 49.851668, 0], [37.647909, 49.851347, 0], [37.647907, 49.857949, 0], [37.63646, 49.862767, 0], [37.640691, 49.868973, 0], [37.65001, 49.871535, 0], [37.649624, 49.890778, 0], [37.655369, 49.889578, 0], [37.663524, 49.882537, 0], [37.677931, 49.882439, 0], [37.682886, 49.888812, 0], [37.694024, 49.891022, 0], [37.696636, 49.89027, 0], [37.70199, 49.890135, 0], [37.708232, 49.892617, 0], [37.732928, 49.900517, 0], [37.738516, 49.897712, 0], [37.744348, 49.900549, 0], [37.749238, 49.908269, 0], [37.747178, 49.91257, 0], [37.753528, 49.913556, 0], [37.76859, 49.912578, 0], [37.771121, 49.913478, 0], [37.775018, 49.921524, 0], [37.773713, 49.929327, 0], [37.752736, 49.93996, 0], [37.748912, 49.953199, 0], [37.734898, 49.95601, 0], [37.727291, 49.961004, 0], [37.734732, 49.966041, 0], [37.75069, 49.972173, 0], [37.761756, 49.969747, 0], [37.768273, 49.979852, 0], [37.775992, 49.982118, 0], [37.7804197, 49.993807, 0], [37.7784475, 50.0057746, 0], [37.7656588, 50.0051126, 0], [37.7593581, 49.9909979, 0], [37.741427, 49.970256, 0], [37.723481, 49.964117, 0], [37.726825, 49.95469, 0], [37.744289, 49.949866, 0], [37.753285, 49.929935, 0], [37.759997, 49.926, 0], [37.755638, 49.920631, 0], [37.745617, 49.91625, 0], [37.742464, 49.910759, 0], [37.737906, 49.903005, 0], [37.729163, 49.901427, 0], [37.720493, 49.90261, 0], [37.710149, 49.902345, 0], [37.709912, 49.896518, 0], [37.701435, 49.894755, 0], [37.681256, 49.89759, 0], [37.671273, 49.885082, 0], [37.663166, 49.891862, 0], [37.644603, 49.892198, 0], [37.644494, 49.872124, 0], [37.633314, 49.871547, 0], [37.627162, 49.863371, 0], [37.621445, 49.839016, 0], [37.620242, 49.831936, 0], [37.616135, 49.83053, 0], [37.610638, 49.82416, 0], [37.606386, 49.826107, 0]]]}, "properties": {"name": "Статус невідомий /// Unknown status /// geoJSON.status.unknown", "styleUrl": "#poly-BCAAA4-2000-77-nodesc", "styleHash": "-14fcf160", "styleMapHash": {"normal": "#poly-BCAAA4-2000-77-nodesc-normal", "highlight": "#poly-BCAAA4-2000-77-nodesc-highlight"}, "stroke-opacity": 1, "stroke": "#bcaaa4", "stroke-width": 2, "fill-opacity": 0.30196078431372547, "fill": "#bcaaa4"}}, {"type": "Feature", "geometry": {"type": "Polygon", "coordinates": [[[37.639847, 50.181424, 0], [37.614861, 50.178036, 0], [37.60279, 50.167464, 0], [37.5945072, 50.1518309, 0], [37.598865, 50.1477397, 0], [37.600773, 50.137281, 0], [37.612229, 50.13034, 0], [37.6284447, 50.1321176, 0], [37.6432717, 50.1363722, 0], [37.6483517, 50.1410936, 0], [37.6578438, 50.1377879, 0], [37.6549761, 50.1318418, 0], [37.6471805, 50.1266604, 0], [37.6496851, 50.1224694, 0], [37.6450024, 50.1186537, 0], [37.649604, 50.111127, 0], [37.6556012, 50.0933352, 0], [37.6715642, 50.0772197, 0], [37.684517, 50.0788407, 0], [37.6892921, 50.0837878, 0], [37.7020507, 50.0864761, 0], [37.7213925, 50.0789072, 0], [37.729174, 50.071146, 0], [37.726324, 50.068878, 0], [37.7363536, 50.0653945, 0], [37.7471445, 50.0656977, 0], [37.7580788, 50.0568235, 0], [37.7528215, 50.0516387, 0], [37.7572989, 50.0313233, 0], [37.7669154, 50.0208659, 0], [37.7656588, 50.0051126, 0], [37.7784475, 50.0057746, 0], [37.7756265, 50.0226981, 0], [37.764934, 50.0389538, 0], [37.7631735, 50.0400768, 0], [37.7624942, 50.0504253, 0], [37.7699218, 50.0547732, 0], [37.7682598, 50.0580093, 0], [37.7631645, 50.0615758, 0], [37.7580371, 50.0636944, 0], [37.7581438, 50.0658, 0], [37.7623754, 50.0667488, 0], [37.7628568, 50.0689224, 0], [37.751458, 50.0702956, 0], [37.7416187, 50.0692409, 0], [37.7322256, 50.0728064, 0], [37.7331311, 50.0801181, 0], [37.7232675, 50.0824024, 0], [37.7169277, 50.0858695, 0], [37.7069926, 50.0866344, 0], [37.7088078, 50.0905767, 0], [37.6990433, 50.0933948, 0], [37.6891233, 50.0919803, 0], [37.6855701, 50.09044, 0], [37.6809715, 50.0909977, 0], [37.6762369, 50.0879259, 0], [37.6720905, 50.0826595, 0], [37.6635078, 50.0995096, 0], [37.6653963, 50.1009414, 0], [37.6621347, 50.1079881, 0], [37.656813, 50.116574, 0], [37.6509762, 50.1189414, 0], [37.6565558, 50.1285712, 0], [37.6617049, 50.1316527, 0], [37.663164, 50.1401243, 0], [37.6528645, 50.1448553, 0], [37.647028, 50.1424351, 0], [37.6364713, 50.1403441, 0], [37.626944, 50.137374, 0], [37.617846, 50.137814, 0], [37.6035117, 50.1484849, 0], [37.604885, 50.159264, 0], [37.615614, 50.165312, 0], [37.62763, 50.167402, 0], [37.626257, 50.176417, 0], [37.639132, 50.178726, 0], [37.639847, 50.181424, 0]]]}, "properties": {"name": "Статус невідомий /// Unknown status /// geoJSON.status.unknown", "styleUrl": "#poly-BCAAA4-2000-77-nodesc", "styleHash": "-14fcf160", "styleMapHash": {"normal": "#poly-BCAAA4-2000-77-nodesc-normal", "highlight": "#poly-BCAAA4-2000-77-nodesc-highlight"}, "stroke-opacity": 1, "stroke": "#bcaaa4", "stroke-width": 2, "fill-opacity": 0.30196078431372547, "fill": "#bcaaa4"}}, {"type": "Feature", "geometry": {"type": "Polygon", "coordinates": [[[33.3262221, 46.7754123, 0], [33.3136908, 46.7732961, 0], [33.3028762, 46.7730609, 0], [33.2948081, 46.7761176, 0], [33.2850234, 46.7809375, 0], [33.2807319, 46.7829358, 0], [33.2711188, 46.7812901, 0], [33.2591025, 46.7818779, 0], [33.2479445, 46.782113, 0], [33.2328137, 46.7848446, 0], [33.2218023, 46.7838132, 0], [33.2121397, 46.7819842, 0], [33.2089388, 46.783831, 0], [33.2064244, 46.7868531, 0], [33.1831982, 46.7872535, 0], [33.160677, 46.7865003, 0], [33.1571774, 46.7854627, 0], [33.1878462, 46.7755055, 0], [33.1887567, 46.7787523, 0], [33.2034606, 46.7730867, 0], [33.2188792, 46.7701351, 0], [33.2315505, 46.7700035, 0], [33.2400481, 46.7684755, 0], [33.2479446, 46.7656536, 0], [33.2507354, 46.7617734, 0], [33.2579668, 46.7567757, 0], [33.2686303, 46.7545997, 0], [33.2798735, 46.7556579, 0], [33.2975547, 46.7537761, 0], [33.3219306, 46.7556579, 0], [33.3284537, 46.75801, 0], [33.3423583, 46.7670646, 0], [33.3449332, 46.7742366, 0], [33.3433883, 46.7762352, 0], [33.3387534, 46.7751771, 0], [33.3325736, 46.7776459, 0], [33.3262221, 46.7754123, 0]]]}, "properties": {"name": "Статус невідомий /// Unknown status /// geoJSON.status.unknown\n", "styleUrl": "#poly-BCAAA4-1200-77-nodesc", "styleHash": "-68fec060", "styleMapHash": {"normal": "#poly-BCAAA4-1200-77-nodesc-normal", "highlight": "#poly-BCAAA4-1200-77-nodesc-highlight"}, "stroke-opacity": 1, "stroke": "#bcaaa4", "stroke-width": 1.2, "fill-opacity": 0.30196078431372547, "fill": "#bcaaa4"}}, {"type": "Feature", "geometry": {"type": "Polygon", "coordinates": [[[36.6293006, 47.9210586, 0], [36.6087873, 47.9232987, 0], [36.6103433, 47.9264769, 0], [36.626654, 47.9369646, 0], [36.630145, 47.950712, 0], [36.62885, 47.957946, 0], [36.6471236, 47.9604942, 0], [36.646786, 47.964472, 0], [36.627853, 47.963547, 0], [36.618827, 47.962732, 0], [36.593034, 47.958488, 0], [36.5734189, 47.9778092, 0], [36.5622122, 47.9707513, 0], [36.5462665, 47.9754105, 0], [36.533754, 47.970874, 0], [36.530105, 47.965724, 0], [36.532218, 47.96168, 0], [36.5467938, 47.9625087, 0], [36.5463647, 47.9675236, 0], [36.550314, 47.968013, 0], [36.551173, 47.9614043, 0], [36.5638779, 47.9580695, 0], [36.5550373, 47.9433529, 0], [36.5428495, 47.9362805, 0], [36.5381287, 47.9275969, 0], [36.516671, 47.9227081, 0], [36.5115212, 47.9214427, 0], [36.5005048, 47.9255445, 0], [36.4924767, 47.9235013, 0], [36.4853609, 47.9177878, 0], [36.453527, 47.916328, 0], [36.4560374, 47.896725, 0], [36.4033715, 47.8904188, 0], [36.399956, 47.8896724, 0], [36.3781472, 47.884037, 0], [36.3432041, 47.8846379, 0], [36.3316073, 47.8831619, 0], [36.3111684, 47.88019, 0], [36.3048995, 47.8756558, 0], [36.2817538, 47.8760677, 0], [36.2407207, 47.8846835, 0], [36.233161, 47.8738391, 0], [36.2329763, 47.8611306, 0], [36.2417186, 47.8527965, 0], [36.2685702, 47.8533313, 0], [36.2830025, 47.8480805, 0], [36.289244, 47.808387, 0], [36.264705, 47.8099415, 0], [36.2084673, 47.8115079, 0], [36.1961306, 47.8028123, 0], [36.1582064, 47.812087, 0], [36.1444825, 47.8280937, 0], [36.1256181, 47.8232131, 0], [36.1274332, 47.80836, 0], [36.1691532, 47.7829991, 0], [36.1614874, 47.7773606, 0], [36.1689468, 47.7660876, 0], [36.1645669, 47.7653519, 0], [36.1659822, 47.7498947, 0], [36.1430214, 47.746843, 0], [36.1273481, 47.7398252, 0], [36.1301821, 47.7241878, 0], [36.1264778, 47.7089973, 0], [36.1349853, 47.6992196, 0], [36.1238371, 47.6915785, 0], [36.1374077, 47.6845112, 0], [36.1461984, 47.6704597, 0], [36.1719299, 47.6694344, 0], [36.1978262, 47.6779656, 0], [36.2009385, 47.6847235, 0], [36.191303, 47.6957891, 0], [36.1850134, 47.6975529, 0], [36.1582209, 47.7011062, 0], [36.1528827, 47.7110106, 0], [36.1756821, 47.7143031, 0], [36.1900673, 47.7198484, 0], [36.1989626, 47.7287417, 0], [36.1950496, 47.7534615, 0], [36.1919642, 47.7577277, 0], [36.190595, 47.7631479, 0], [36.2022769, 47.7651024, 0], [36.2105582, 47.778573, 0], [36.2350828, 47.7875784, 0], [36.2714438, 47.7862815, 0], [36.3058253, 47.7914323, 0], [36.3029098, 47.8029842, 0], [36.3088025, 47.8206876, 0], [36.3225617, 47.8273624, 0], [36.3459712, 47.8304978, 0], [36.406937, 47.8300996, 0], [36.4551076, 47.8245888, 0], [36.4928655, 47.848131, 0], [36.5398998, 47.8515073, 0], [36.5725294, 47.861645, 0], [36.5794467, 47.8738505, 0], [36.5740216, 47.8965362, 0], [36.6289303, 47.9037367, 0], [36.6293006, 47.9210586, 0]]]}, "properties": {"name": "Статус невідомий /// Unknown status /// geoJSON.status.unknown", "styleUrl": "#poly-BCAAA4-2000-77-nodesc", "styleHash": "-14fcf160", "styleMapHash": {"normal": "#poly-BCAAA4-2000-77-nodesc-normal", "highlight": "#poly-BCAAA4-2000-77-nodesc-highlight"}, "stroke-opacity": 1, "stroke": "#bcaaa4", "stroke-width": 2, "fill-opacity": 0.30196078431372547, "fill": "#bcaaa4"}}, {"type": "Feature", "geometry": {"type": "Polygon", "coordinates": [[[35.3962733, 50.7001593, 0], [35.3921535, 50.6951583, 0], [35.3933122, 50.6886605, 0], [35.386488, 50.685805, 0], [35.3855893, 50.6707375, 0], [35.4001358, 50.6561048, 0], [35.4094913, 50.6554793, 0], [35.417559, 50.6636675, 0], [35.4175887, 50.6720306, 0], [35.4138419, 50.6789785, 0], [35.4059455, 50.6883867, 0], [35.4012677, 50.6985535, 0], [35.4065464, 50.7026312, 0], [35.4236266, 50.7077953, 0], [35.4319522, 50.719154, 0], [35.4226826, 50.7273588, 0], [35.4086922, 50.7310531, 0], [35.4046798, 50.7372732, 0], [35.411514, 50.7408178, 0], [35.4200652, 50.7404511, 0], [35.4178923, 50.7486479, 0], [35.4155463, 50.7589082, 0], [35.3937989, 50.7812626, 0], [35.394227, 50.79187, 0], [35.3891904, 50.7898934, 0], [35.3754254, 50.780216, 0], [35.3710124, 50.7698269, 0], [35.3794659, 50.7533477, 0], [35.3774498, 50.7304556, 0], [35.4106931, 50.7098348, 0], [35.3962733, 50.7001593, 0]]]}, "properties": {"name": "Статус невідомий /// Unknown status /// geoJSON.status.unknown\n", "styleUrl": "#poly-BCAAA4-1200-77-nodesc", "styleHash": "-68fec060", "styleMapHash": {"normal": "#poly-BCAAA4-1200-77-nodesc-normal", "highlight": "#poly-BCAAA4-1200-77-nodesc-highlight"}, "stroke-opacity": 1, "stroke": "#bcaaa4", "stroke-width": 1.2, "fill-opacity": 0.30196078431372547, "fill": "#bcaaa4"}}, {"type": "Feature", "geometry": {"type": "Polygon", "coordinates": [[[34.2824409, 51.705692, 0], [34.2857883, 51.7048677, 0], [34.290509, 51.7049474, 0], [34.2944571, 51.7072345, 0], [34.2960879, 51.7073143, 0], [34.2972038, 51.708245, 0], [34.2991777, 51.7121007, 0], [34.2970749, 51.7169533, 0], [34.2997142, 51.7236863, 0], [34.303212, 51.7238259, 0], [34.3051, 51.7214599, 0], [34.3090484, 51.7201572, 0], [34.3127125, 51.7196289, 0], [34.3153464, 51.7167608, 0], [34.3183823, 51.716023, 0], [34.326888, 51.7156931, 0], [34.3328574, 51.7151025, 0], [34.3357366, 51.7136609, 0], [34.3424472, 51.7139555, 0], [34.3464127, 51.7150115, 0], [34.3501121, 51.7147417, 0], [34.3546696, 51.7129827, 0], [34.357562, 51.7135062, 0], [34.3612184, 51.7134754, 0], [34.3635272, 51.7121714, 0], [34.3654498, 51.7124362, 0], [34.3679217, 51.7131785, 0], [34.3929574, 51.7181694, 0], [34.3998207, 51.7151775, 0], [34.4063407, 51.718141, 0], [34.4118283, 51.7213023, 0], [34.394307, 51.7242224, 0], [34.3602666, 51.7242066, 0], [34.3415209, 51.725844, 0], [34.3174169, 51.7233741, 0], [34.3013342, 51.7290964, 0], [34.2933198, 51.7256205, 0], [34.2900799, 51.7194129, 0], [34.284415, 51.7167009, 0], [34.2811535, 51.7123402, 0], [34.2824409, 51.705692, 0]]]}, "properties": {"name": "Статус невідомий /// Unknown status /// geoJSON.status.unknown\n", "styleUrl": "#poly-BCAAA4-1200-77-nodesc", "styleHash": "-68fec060", "styleMapHash": {"normal": "#poly-BCAAA4-1200-77-nodesc-normal", "highlight": "#poly-BCAAA4-1200-77-nodesc-highlight"}, "stroke-opacity": 1, "stroke": "#bcaaa4", "stroke-width": 1.2, "fill-opacity": 0.30196078431372547, "fill": "#bcaaa4"}}, {"type": "Feature", "geometry": {"type": "Polygon", "coordinates": [[[37.4579078, 50.4157914, 0], [37.4637443, 50.4160648, 0], [37.4624306, 50.4189023, 0], [37.4404727, 50.4335986, 0], [37.432518, 50.443688, 0], [37.421312, 50.434954, 0], [37.396863, 50.431144, 0], [37.376938, 50.432749, 0], [37.3758137, 50.4290728, 0], [37.3899555, 50.4235022, 0], [37.4215695, 50.4294867, 0], [37.4579078, 50.4157914, 0]]]}, "properties": {"name": "Статус невідомий /// Unknown status /// geoJSON.status.unknown\n", "styleUrl": "#poly-BCAAA4-1200-77-nodesc", "styleHash": "-68fec060", "styleMapHash": {"normal": "#poly-BCAAA4-1200-77-nodesc-normal", "highlight": "#poly-BCAAA4-1200-77-nodesc-highlight"}, "stroke-opacity": 1, "stroke": "#bcaaa4", "stroke-width": 1.2, "fill-opacity": 0.30196078431372547, "fill": "#bcaaa4"}}, {"type": "Feature", "geometry": {"type": "Polygon", "coordinates": [[[35.3759133, 50.7959461, 0], [35.3891904, 50.7898934, 0], [35.394227, 50.79187, 0], [35.3822974, 50.7996292, 0], [35.3786917, 50.8075476, 0], [35.3953329, 50.8172889, 0], [35.3988303, 50.8358585, 0], [35.3927742, 50.8394811, 0], [35.3916913, 50.8520033, 0], [35.3903763, 50.865771, 0], [35.3817281, 50.8701801, 0], [35.3856422, 50.8749843, 0], [35.401332, 50.8797697, 0], [35.3878053, 50.8860083, 0], [35.379839, 50.8957588, 0], [35.4035533, 50.9026554, 0], [35.4026693, 50.9036639, 0], [35.3967211, 50.906702, 0], [35.3968224, 50.909117, 0], [35.4020649, 50.9105546, 0], [35.4005445, 50.9147915, 0], [35.3888609, 50.9147995, 0], [35.3767521, 50.9195643, 0], [35.3627173, 50.9197551, 0], [35.354599, 50.9161034, 0], [35.3471943, 50.9198782, 0], [35.3456264, 50.9255997, 0], [35.3409683, 50.9245577, 0], [35.3340778, 50.9276273, 0], [35.331799, 50.9300868, 0], [35.3331252, 50.9344934, 0], [35.3257181, 50.9467691, 0], [35.3201388, 50.9432157, 0], [35.3131757, 50.9447507, 0], [35.3153105, 50.9495308, 0], [35.308139, 50.9532124, 0], [35.3001345, 50.9597022, 0], [35.3075769, 50.9766773, 0], [35.3221395, 50.9852403, 0], [35.3353214, 50.990562, 0], [35.3296192, 50.9959912, 0], [35.296871, 50.998282, 0], [35.243312, 50.950723, 0], [35.2782082, 50.9519928, 0], [35.2945645, 50.9328745, 0], [35.323273, 50.913717, 0], [35.33838, 50.917613, 0], [35.35213, 50.90621, 0], [35.362601, 50.900039, 0], [35.366034, 50.893543, 0], [35.362773, 50.890186, 0], [35.3606238, 50.8775205, 0], [35.3803118, 50.8476676, 0], [35.387415, 50.817858, 0], [35.3724803, 50.8167745, 0], [35.3676736, 50.8065782, 0], [35.369219, 50.798333, 0], [35.3759133, 50.7959461, 0]]]}, "properties": {"name": "Статус невідомий /// Unknown status /// geoJSON.status.unknown\n", "styleUrl": "#poly-BCAAA4-1200-77-nodesc", "styleHash": "-68fec060", "styleMapHash": {"normal": "#poly-BCAAA4-1200-77-nodesc-normal", "highlight": "#poly-BCAAA4-1200-77-nodesc-highlight"}, "stroke-opacity": 1, "stroke": "#bcaaa4", "stroke-width": 1.2, "fill-opacity": 0.30196078431372547, "fill": "#bcaaa4"}}, {"type": "Feature", "geometry": {"type": "Polygon", "coordinates": [[[34.3462771, 51.8639982, 0], [34.3272226, 51.8721343, 0], [34.326475, 51.873112, 0], [34.3267292, 51.875063, 0], [34.325549, 51.876084, 0], [34.321828, 51.8772981, 0], [34.31948, 51.879148, 0], [34.2992096, 51.8726974, 0], [34.2818599, 51.8642313, 0], [34.2807878, 51.8592942, 0], [34.30422, 51.8534494, 0], [34.3184679, 51.8637332, 0], [34.3313425, 51.8554109, 0], [34.3375661, 51.8411209, 0], [34.3262576, 51.8350887, 0], [34.3281562, 51.8333455, 0], [34.3420714, 51.8373298, 0], [34.3564051, 51.8360039, 0], [34.3771762, 51.8345719, 0], [34.3879908, 51.837648, 0], [34.387562, 51.8438791, 0], [34.3792361, 51.8440647, 0], [34.3792361, 51.8398223, 0], [34.3719414, 51.8373571, 0], [34.3597107, 51.8420109, 0], [34.3459337, 51.8424208, 0], [34.3481653, 51.8516468, 0], [34.3535726, 51.8556759, 0], [34.3559759, 51.8608179, 0], [34.3462771, 51.8639982, 0]]]}, "properties": {"name": "Статус невідомий /// Unknown status /// geoJSON.status.unknown\n", "styleUrl": "#poly-BCAAA4-1200-77-nodesc", "styleHash": "-68fec060", "styleMapHash": {"normal": "#poly-BCAAA4-1200-77-nodesc-normal", "highlight": "#poly-BCAAA4-1200-77-nodesc-highlight"}, "stroke-opacity": 1, "stroke": "#bcaaa4", "stroke-width": 1.2, "fill-opacity": 0.30196078431372547, "fill": "#bcaaa4"}}, {"type": "Feature", "geometry": {"type": "Polygon", "coordinates": [[[34.4094202, 51.7821585, 0], [34.4068453, 51.7788662, 0], [34.4142268, 51.7755737, 0], [34.4216082, 51.7751489, 0], [34.4229815, 51.7772731, 0], [34.4162867, 51.7790787, 0], [34.4142268, 51.7810965, 0], [34.4094202, 51.7821585, 0]]]}, "properties": {"name": "Статус невідомий /// Unknown status /// geoJSON.status.unknown\n", "styleUrl": "#poly-BCAAA4-1200-77-nodesc", "styleHash": "-68fec060", "styleMapHash": {"normal": "#poly-BCAAA4-1200-77-nodesc-normal", "highlight": "#poly-BCAAA4-1200-77-nodesc-highlight"}, "stroke-opacity": 1, "stroke": "#bcaaa4", "stroke-width": 1.2, "fill-opacity": 0.30196078431372547, "fill": "#bcaaa4"}}, {"type": "Feature", "geometry": {"type": "Polygon", "coordinates": [[[34.4250773, 51.728538, 0], [34.4279955, 51.7297608, 0], [34.4326304, 51.7298139, 0], [34.4365786, 51.7325782, 0], [34.4329737, 51.7340666, 0], [34.4192408, 51.7355549, 0], [34.4173525, 51.7301329, 0], [34.4112586, 51.7271027, 0], [34.4212577, 51.7227166, 0], [34.4250773, 51.728538, 0]]]}, "properties": {"name": "Статус невідомий /// Unknown status /// geoJSON.status.unknown\n", "styleUrl": "#poly-BCAAA4-1200-77-nodesc", "styleHash": "-68fec060", "styleMapHash": {"normal": "#poly-BCAAA4-1200-77-nodesc-normal", "highlight": "#poly-BCAAA4-1200-77-nodesc-highlight"}, "stroke-opacity": 1, "stroke": "#bcaaa4", "stroke-width": 1.2, "fill-opacity": 0.30196078431372547, "fill": "#bcaaa4"}}, {"type": "Feature", "geometry": {"type": "Polygon", "coordinates": [[[34.2314055, 51.70849, 0], [34.2200758, 51.7034903, 0], [34.2317488, 51.697958, 0], [34.2382719, 51.6975324, 0], [34.24737, 51.7013625, 0], [34.256468, 51.7025328, 0], [34.2537215, 51.7063625, 0], [34.2418768, 51.7078518, 0], [34.2314055, 51.70849, 0]]]}, "properties": {"name": "Статус невідомий /// Unknown status /// geoJSON.status.unknown\n", "styleUrl": "#poly-BCAAA4-1200-77-nodesc", "styleHash": "-68fec060", "styleMapHash": {"normal": "#poly-BCAAA4-1200-77-nodesc-normal", "highlight": "#poly-BCAAA4-1200-77-nodesc-highlight"}, "stroke-opacity": 1, "stroke": "#bcaaa4", "stroke-width": 1.2, "fill-opacity": 0.30196078431372547, "fill": "#bcaaa4"}}, {"type": "Feature", "geometry": {"type": "Polygon", "coordinates": [[[36.185053, 50.406603, 0], [36.1813488, 50.3977293, 0], [36.1897449, 50.3883613, 0], [36.214289, 50.383524, 0], [36.2075812, 50.3914754, 0], [36.2013254, 50.3892445, 0], [36.1983428, 50.391406, 0], [36.1917884, 50.390381, 0], [36.1876685, 50.3943208, 0], [36.1897284, 50.3984791, 0], [36.1989123, 50.4002846, 0], [36.185053, 50.406603, 0]]]}, "properties": {"name": "Статус невідомий /// Unknown status /// geoJSON.status.unknown\n", "styleUrl": "#poly-BCAAA4-1200-77-nodesc", "styleHash": "-68fec060", "styleMapHash": {"normal": "#poly-BCAAA4-1200-77-nodesc-normal", "highlight": "#poly-BCAAA4-1200-77-nodesc-highlight"}, "stroke-opacity": 1, "stroke": "#bcaaa4", "stroke-width": 1.2, "fill-opacity": 0.30196078431372547, "fill": "#bcaaa4"}}, {"type": "Feature", "geometry": {"type": "Polygon", "coordinates": [[[36.893159, 48.0873839, 0], [36.8926943, 48.0951177, 0], [36.9015266, 48.0977944, 0], [36.90497, 48.103836, 0], [36.903059, 48.113533, 0], [36.915912, 48.113831, 0], [36.912218, 48.129688, 0], [36.904532, 48.134801, 0], [36.90663, 48.139399, 0], [36.906103, 48.143382, 0], [36.907008, 48.164655, 0], [36.915983, 48.166689, 0], [36.93585, 48.18601, 0], [36.9307287, 48.1962499, 0], [36.9272081, 48.2200985, 0], [36.9515909, 48.2205983, 0], [36.9518286, 48.2361167, 0], [36.9420816, 48.2376173, 0], [36.9419454, 48.239804, 0], [36.9709934, 48.2384455, 0], [36.972917, 48.2456616, 0], [36.9816539, 48.2488557, 0], [36.9806418, 48.2580633, 0], [36.9874519, 48.2591455, 0], [36.9883384, 48.262913, 0], [36.9954488, 48.263395, 0], [37.0030738, 48.2609053, 0], [37.0088197, 48.2610535, 0], [37.0104538, 48.2597782, 0], [37.012517, 48.2599323, 0], [37.018077, 48.241751, 0], [37.03835, 48.244378, 0], [37.040486, 48.246641, 0], [37.046332, 48.249762, 0], [37.046086, 48.252084, 0], [37.0511652, 48.2551443, 0], [37.0503241, 48.2616321, 0], [37.05763, 48.263759, 0], [37.0543796, 48.2806922, 0], [37.103509, 48.2870468, 0], [37.1023468, 48.2958392, 0], [37.0878709, 48.3024452, 0], [37.0862081, 48.3125835, 0], [37.0620494, 48.317819, 0], [37.0628164, 48.3220158, 0], [37.0552574, 48.3210748, 0], [37.0530131, 48.3243291, 0], [37.0517849, 48.3290114, 0], [37.04744, 48.3286739, 0], [37.046701, 48.3320179, 0], [37.0500964, 48.3379842, 0], [37.0370108, 48.3488568, 0], [37.0408354, 48.3492325, 0], [37.0628539, 48.3400232, 0], [37.067504, 48.3427664, 0], [37.0684248, 48.3513707, 0], [37.0706879, 48.3517936, 0], [37.0729505, 48.3485661, 0], [37.0862311, 48.3468455, 0], [37.1061438, 48.3399326, 0], [37.105154, 48.3473726, 0], [37.1236288, 48.3488393, 0], [37.1433039, 48.3529272, 0], [37.1567985, 48.3480681, 0], [37.1613864, 48.3514125, 0], [37.1828291, 48.3534053, 0], [37.2021871, 48.35379, 0], [37.2018684, 48.3559571, 0], [37.1939138, 48.3605905, 0], [37.1937616, 48.3677735, 0], [37.1894033, 48.369026, 0], [37.1894655, 48.3718605, 0], [37.1921024, 48.3742391, 0], [37.2000328, 48.3719791, 0], [37.2028793, 48.3777866, 0], [37.2159394, 48.3757267, 0], [37.2165243, 48.3805159, 0], [37.2281896, 48.3817131, 0], [37.2297264, 48.3872422, 0], [37.2360921, 48.3980667, 0], [37.2423003, 48.3990448, 0], [37.2397299, 48.4111621, 0], [37.234612, 48.4111503, 0], [37.2374761, 48.4150694, 0], [37.2326469, 48.4167544, 0], [37.2367243, 48.4194072, 0], [37.2263186, 48.4209063, 0], [37.2244953, 48.4246838, 0], [37.2357878, 48.4262062, 0], [37.2481964, 48.4258487, 0], [37.2436159, 48.4293205, 0], [37.2589625, 48.4428476, 0], [37.2745692, 48.4520455, 0], [37.28728, 48.4603713, 0], [37.3021728, 48.4647581, 0], [37.3184403, 48.4647047, 0], [37.3253956, 48.4589055, 0], [37.3390921, 48.4597018, 0], [37.3514275, 48.4639111, 0], [37.3600317, 48.4719619, 0], [37.3652901, 48.4729231, 0], [37.3674132, 48.4824313, 0], [37.3755561, 48.484284, 0], [37.3751165, 48.4889811, 0], [37.3806387, 48.4933927, 0], [37.3883342, 48.4913265, 0], [37.3956864, 48.4858612, 0], [37.4189736, 48.4832948, 0], [37.4446321, 48.4847153, 0], [37.4461712, 48.4906845, 0], [37.4519195, 48.4847651, 0], [37.4660369, 48.4792162, 0], [37.4614422, 48.4736672, 0], [37.4740549, 48.4590094, 0], [37.4813328, 48.4567067, 0], [37.4913501, 48.4511124, 0], [37.5088781, 48.4448318, 0], [37.5244232, 48.4452194, 0], [37.5870054, 48.4441194, 0], [37.6045168, 48.4422839, 0], [37.6120284, 48.443395, 0], [37.63848, 48.450629, 0], [37.6385185, 48.4548211, 0], [37.6480769, 48.4576413, 0], [37.6472135, 48.4703363, 0], [37.6528788, 48.4757154, 0], [37.6531355, 48.4891182, 0], [37.6616769, 48.4897887, 0], [37.6594888, 48.4951865, 0], [37.6646924, 48.5036842, 0], [37.6798524, 48.4956879, 0], [37.6863436, 48.4964505, 0], [37.6894875, 48.4919232, 0], [37.7002034, 48.4915001, 0], [37.7161531, 48.4844196, 0], [37.7218038, 48.4719987, 0], [37.7455845, 48.4740194, 0], [37.754953, 48.4726716, 0], [37.7501193, 48.4822665, 0], [37.7196729, 48.5110791, 0], [37.7184947, 48.5159425, 0], [37.7036659, 48.5228525, 0], [37.6904916, 48.5272862, 0], [37.6839311, 48.5337555, 0], [37.6797734, 48.5311305, 0], [37.6783251, 48.5254252, 0], [37.6728531, 48.5294758, 0], [37.671501, 48.5260232, 0], [37.6590552, 48.5231832, 0], [37.660771, 48.5172786, 0], [37.6538354, 48.5152683, 0], [37.6467187, 48.5079231, 0], [37.6407346, 48.5208132, 0], [37.6254791, 48.5155091, 0], [37.62799, 48.4988878, 0], [37.6129947, 48.4946616, 0], [37.6112257, 48.4890452, 0], [37.6254517, 48.482989, 0], [37.6301311, 48.4743035, 0], [37.6269702, 48.4689246, 0], [37.6135143, 48.4662666, 0], [37.610048, 48.47831, 0], [37.6043317, 48.4850469, 0], [37.5968991, 48.4765358, 0], [37.6067532, 48.4698682, 0], [37.5993062, 48.4604937, 0], [37.5750923, 48.4503748, 0], [37.530983, 48.448522, 0], [37.5100541, 48.4571884, 0], [37.4897882, 48.4667873, 0], [37.4813813, 48.4706271, 0], [37.4734894, 48.4845377, 0], [37.4690325, 48.4919878, 0], [37.4435462, 48.495796, 0], [37.4381478, 48.4921499, 0], [37.42263, 48.496074, 0], [37.4165504, 48.4930904, 0], [37.3841031, 48.5016006, 0], [37.3957507, 48.5139947, 0], [37.3789017, 48.5172911, 0], [37.3547672, 48.5114829, 0], [37.3524754, 48.4955861, 0], [37.339164, 48.489381, 0], [37.3326835, 48.4826397, 0], [37.3327268, 48.4787429, 0], [37.3248091, 48.4809477, 0], [37.3169985, 48.483451, 0], [37.3162906, 48.4889549, 0], [37.3055233, 48.487631, 0], [37.2878356, 48.4825431, 0], [37.2633857, 48.4763909, 0], [37.2473007, 48.4702397, 0], [37.232908, 48.4737081, 0], [37.2171415, 48.4721669, 0], [37.2178982, 48.4633461, 0], [37.2247277, 48.4523392, 0], [37.2310425, 48.4407624, 0], [37.2137538, 48.4361634, 0], [37.2075565, 48.4428873, 0], [37.2029035, 48.4416395, 0], [37.2016957, 48.4373995, 0], [37.1918187, 48.4384547, 0], [37.1902611, 48.436465, 0], [37.192639, 48.4224619, 0], [37.1874382, 48.4220216, 0], [37.1916631, 48.3983753, 0], [37.1886387, 48.392592, 0], [37.1897739, 48.3786386, 0], [37.1733751, 48.3795573, 0], [37.1747792, 48.3704843, 0], [37.1792752, 48.3608994, 0], [37.1775751, 48.3600131, 0], [37.1719185, 48.3585149, 0], [37.1627623, 48.357835, 0], [37.1606939, 48.3661846, 0], [37.1503652, 48.3726927, 0], [37.1245472, 48.3825857, 0], [37.1133293, 48.3876518, 0], [37.1101239, 48.3844846, 0], [37.118591, 48.3794931, 0], [37.1177852, 48.3757164, 0], [37.1201204, 48.3663944, 0], [37.1224556, 48.3512541, 0], [37.1165187, 48.3500029, 0], [37.1038227, 48.3590958, 0], [37.1021628, 48.36616, 0], [37.0935143, 48.3784411, 0], [37.0828036, 48.3781787, 0], [37.089194, 48.3632849, 0], [37.0733072, 48.3612078, 0], [37.0692025, 48.3627795, 0], [37.0638925, 48.3616163, 0], [37.0623317, 48.3537552, 0], [37.0499638, 48.3536168, 0], [37.0465518, 48.3558459, 0], [37.0531227, 48.362562, 0], [37.0521169, 48.3666043, 0], [37.0499773, 48.3757681, 0], [37.0468074, 48.3753533, 0], [37.0483642, 48.3683656, 0], [37.011381, 48.3669704, 0], [37.0104121, 48.3645305, 0], [37.0228685, 48.3608545, 0], [37.0260541, 48.3569499, 0], [37.0226615, 48.351711, 0], [37.0302838, 48.3409385, 0], [37.0352458, 48.3316475, 0], [37.0462451, 48.3203528, 0], [37.043345, 48.3163059, 0], [37.0428502, 48.30792, 0], [37.0292267, 48.2984252, 0], [36.9865727, 48.3053708, 0], [36.9861053, 48.2927557, 0], [36.9727213, 48.2902461, 0], [36.9589909, 48.2899623, 0], [36.9663755, 48.2718575, 0], [36.9473036, 48.2750283, 0], [36.935098, 48.2724844, 0], [36.9424927, 48.2643423, 0], [36.9567513, 48.2600844, 0], [36.9665618, 48.2549393, 0], [36.9689927, 48.2439204, 0], [36.9588405, 48.2419105, 0], [36.9489031, 48.2447209, 0], [36.9142474, 48.245587, 0], [36.9135766, 48.2419722, 0], [36.9161849, 48.2370173, 0], [36.9260463, 48.2295404, 0], [36.9199332, 48.2220702, 0], [36.9168248, 48.2131917, 0], [36.9197712, 48.2006342, 0], [36.925205, 48.191393, 0], [36.924615, 48.184537, 0], [36.919489, 48.181091, 0], [36.9110995, 48.1790763, 0], [36.9037544, 48.1728468, 0], [36.8860968, 48.1688318, 0], [36.899549, 48.134183, 0], [36.8860351, 48.1338274, 0], [36.888192, 48.12097, 0], [36.889728, 48.113227, 0], [36.8863733, 48.1026195, 0], [36.8542833, 48.0929889, 0], [36.863429, 48.0819825, 0], [36.8762401, 48.0833377, 0], [36.893159, 48.0873839, 0]]]}, "properties": {"name": "Статус невідомий /// Unknown status /// geoJSON.status.unknown", "styleUrl": "#poly-BCAAA4-2000-77-nodesc", "styleHash": "-14fcf160", "styleMapHash": {"normal": "#poly-BCAAA4-2000-77-nodesc-normal", "highlight": "#poly-BCAAA4-2000-77-nodesc-highlight"}, "stroke-opacity": 1, "stroke": "#bcaaa4", "stroke-width": 2, "fill-opacity": 0.30196078431372547, "fill": "#bcaaa4"}}, {"type": "Feature", "geometry": {"type": "Polygon", "coordinates": [[[36.2130035, 50.3671023, 0], [36.2051072, 50.3606824, 0], [36.1949808, 50.3566988, 0], [36.1930455, 50.3407101, 0], [36.2110218, 50.3389334, 0], [36.241996, 50.358383, 0], [36.2238491, 50.358275, 0], [36.2190902, 50.3649557, 0], [36.2303407, 50.3717829, 0], [36.2208993, 50.3778043, 0], [36.2130035, 50.3671023, 0]]]}, "properties": {"name": "Статус невідомий /// Unknown status /// geoJSON.status.unknown\n", "styleUrl": "#poly-BCAAA4-1200-77-nodesc", "styleHash": "-68fec060", "styleMapHash": {"normal": "#poly-BCAAA4-1200-77-nodesc-normal", "highlight": "#poly-BCAAA4-1200-77-nodesc-highlight"}, "stroke-opacity": 1, "stroke": "#bcaaa4", "stroke-width": 1.2, "fill-opacity": 0.30196078431372547, "fill": "#bcaaa4"}}, {"type": "Feature", "geometry": {"type": "Polygon", "coordinates": [[[37.51617, 50.2458813, 0], [37.5134715, 50.2334333, 0], [37.5270535, 50.2222673, 0], [37.5614009, 50.2229555, 0], [37.5770309, 50.2111374, 0], [37.5876795, 50.2070085, 0], [37.614813, 50.216982, 0], [37.6148445, 50.2223728, 0], [37.5988438, 50.2213721, 0], [37.5866174, 50.2303641, 0], [37.5943873, 50.2338652, 0], [37.585999, 50.2391294, 0], [37.5885963, 50.2456012, 0], [37.6001937, 50.2405285, 0], [37.6268952, 50.2405027, 0], [37.6263807, 50.2505417, 0], [37.6023718, 50.2480812, 0], [37.5874642, 50.2514372, 0], [37.5749452, 50.246805, 0], [37.5284328, 50.2536528, 0], [37.51617, 50.2458813, 0]]]}, "properties": {"name": "Статус невідомий /// Unknown status /// geoJSON.status.unknown\n", "styleUrl": "#poly-BCAAA4-1200-77-nodesc", "styleHash": "-68fec060", "styleMapHash": {"normal": "#poly-BCAAA4-1200-77-nodesc-normal", "highlight": "#poly-BCAAA4-1200-77-nodesc-highlight"}, "stroke-opacity": 1, "stroke": "#bcaaa4", "stroke-width": 1.2, "fill-opacity": 0.30196078431372547, "fill": "#bcaaa4"}}, {"type": "Feature", "geometry": {"type": "Polygon", "coordinates": [[[35.3075769, 50.9766773, 0], [35.3001345, 50.9597022, 0], [35.308139, 50.9532124, 0], [35.3153105, 50.9495308, 0], [35.3131757, 50.9447507, 0], [35.3201388, 50.9432157, 0], [35.3257181, 50.9467691, 0], [35.3295584, 50.9476793, 0], [35.3299342, 50.9518113, 0], [35.3319765, 50.9529496, 0], [35.3344483, 50.955818, 0], [35.3357421, 50.9561431, 0], [35.3360061, 50.9585226, 0], [35.3346457, 50.9589026, 0], [35.3362165, 50.9630684, 0], [35.3423631, 50.9635614, 0], [35.3431193, 50.9673483, 0], [35.3485107, 50.9718378, 0], [35.3499525, 50.9718001, 0], [35.3519609, 50.973781, 0], [35.3503902, 50.9762306, 0], [35.3488194, 50.9768428, 0], [35.3432907, 50.987576, 0], [35.3406795, 50.9878804, 0], [35.3353214, 50.990562, 0], [35.3221395, 50.9852403, 0], [35.3075769, 50.9766773, 0]]]}, "properties": {"name": "Окуповано /// Occupied /// geoJSON.status.occupied\n", "styleUrl": "#poly-A52714-1200-77-nodesc", "styleHash": "5f0393c8", "styleMapHash": {"normal": "#poly-A52714-1200-77-nodesc-normal", "highlight": "#poly-A52714-1200-77-nodesc-highlight"}, "stroke-opacity": 1, "stroke": "#a52714", "stroke-width": 1.2, "fill-opacity": 0.30196078431372547, "fill": "#a52714"}}, {"type": "Feature", "geometry": {"type": "Polygon", "coordinates": [[[35.887754, 50.437506, 0], [35.890093, 50.436741, 0], [35.894492, 50.435634, 0], [35.897539, 50.43629, 0], [35.904019, 50.435005, 0], [35.903332, 50.433939, 0], [35.912946, 50.431588, 0], [35.924747, 50.431643, 0], [35.92758, 50.430276, 0], [35.935219, 50.428745, 0], [35.941312, 50.431151, 0], [35.94363, 50.433393, 0], [35.939338, 50.433775, 0], [35.937536, 50.433393, 0], [35.937622, 50.431807, 0], [35.935219, 50.430112, 0], [35.9323, 50.430932, 0], [35.932214, 50.431971, 0], [35.92818, 50.433721, 0], [35.927666, 50.434869, 0], [35.923889, 50.435853, 0], [35.920799, 50.437384, 0], [35.919254, 50.435798, 0], [35.911701, 50.434705, 0], [35.909212, 50.435634, 0], [35.907409, 50.437876, 0], [35.904749, 50.438969, 0], [35.903633, 50.438094, 0], [35.901144, 50.438149, 0], [35.9002, 50.439024, 0], [35.895908, 50.438696, 0], [35.894192, 50.437821, 0], [35.89196, 50.438149, 0], [35.889213, 50.438969, 0], [35.887754, 50.437506, 0]]]}, "properties": {"name": "Окуповано /// Occupied /// geoJSON.status.occupied", "styleUrl": "#poly-A52714-2000-77-nodesc", "styleHash": "55c21ec8", "styleMapHash": {"normal": "#poly-A52714-2000-77-nodesc-normal", "highlight": "#poly-A52714-2000-77-nodesc-highlight"}, "stroke-opacity": 1, "stroke": "#a52714", "stroke-width": 2, "fill-opacity": 0.30196078431372547, "fill": "#a52714"}}, {"type": "Feature", "geometry": {"type": "Polygon", "coordinates": [[[34.930134, 51.205724, 0], [34.924254, 51.205234, 0], [34.911851, 51.206464, 0], [34.904041, 51.203411, 0], [34.905629, 51.201085, 0], [34.89829, 51.193273, 0], [34.883356, 51.195747, 0], [34.876427, 51.191209, 0], [34.870406, 51.193239, 0], [34.862166, 51.198994, 0], [34.845772, 51.191302, 0], [34.846674, 51.189191, 0], [34.833155, 51.18256, 0], [34.834786, 51.178283, 0], [34.834829, 51.169323, 0], [34.815924, 51.169392, 0], [34.8134, 51.171608, 0], [34.808729, 51.172854, 0], [34.808658, 51.176424, 0], [34.800175, 51.17558, 0], [34.790317, 51.180117, 0], [34.789684, 51.182124, 0], [34.784296, 51.184414, 0], [34.780716, 51.180951, 0], [34.779197, 51.177273, 0], [34.772528, 51.17467, 0], [34.762156, 51.17649, 0], [34.753156, 51.180891, 0], [34.737125, 51.179299, 0], [34.7450879, 51.1667922, 0], [34.7519197, 51.1678886, 0], [34.7573821, 51.1509764, 0], [34.7717686, 51.1526934, 0], [34.7881348, 51.1523125, 0], [34.7986608, 51.1424027, 0], [34.8049502, 51.1429358, 0], [34.8148296, 51.1347544, 0], [34.8118991, 51.1292953, 0], [34.8261364, 51.1213054, 0], [34.8285989, 51.122294, 0], [34.8350961, 51.1177885, 0], [34.8442892, 51.1168483, 0], [34.8517645, 51.119302, 0], [34.867746, 51.122594, 0], [34.878312, 51.129412, 0], [34.884882, 51.138744, 0], [34.9020607, 51.12934, 0], [34.9156219, 51.142912, 0], [34.9274656, 51.1404348, 0], [34.9362658, 51.1307955, 0], [34.9545258, 51.1270248, 0], [34.9552015, 51.1220153, 0], [34.9653145, 51.1156433, 0], [34.9728323, 51.108586, 0], [34.9731012, 51.1053617, 0], [34.9796357, 51.1088197, 0], [35.0054075, 51.1094306, 0], [34.9964969, 51.102557, 0], [34.999603, 51.1009643, 0], [35.0193974, 51.1068814, 0], [35.028294, 51.106061, 0], [35.030193, 51.108784, 0], [35.030561, 51.112242, 0], [35.033296, 51.113528, 0], [35.037414, 51.110403, 0], [35.03986, 51.1103768, 0], [35.04148, 51.112248, 0], [35.042838, 51.116499, 0], [35.047672, 51.115792, 0], [35.047623, 51.112815, 0], [35.05505, 51.112478, 0], [35.097239, 51.127832, 0], [35.115952, 51.12453, 0], [35.142092, 51.13361, 0], [35.143906, 51.13667, 0], [35.144003, 51.140592, 0], [35.136644, 51.144128, 0], [35.135315, 51.1484, 0], [35.140812, 51.151182, 0], [35.137498, 51.153758, 0], [35.130579, 51.156549, 0], [35.126524, 51.159224, 0], [35.123213, 51.165356, 0], [35.134408, 51.170895, 0], [35.13078, 51.173706, 0], [35.13024, 51.19395, 0], [35.143973, 51.20234, 0], [35.142943, 51.207073, 0], [35.13642, 51.210084, 0], [35.137106, 51.215891, 0], [35.149123, 51.221052, 0], [35.149981, 51.223417, 0], [35.119738, 51.231485, 0], [35.11761, 51.229647, 0], [35.105143, 51.232776, 0], [35.084905, 51.230338, 0], [35.074708, 51.231963, 0], [35.069043, 51.230243, 0], [35.061318, 51.222933, 0], [35.063335, 51.218498, 0], [35.062949, 51.215891, 0], [35.051875, 51.209385, 0], [35.039259, 51.204061, 0], [35.037886, 51.218041, 0], [35.031706, 51.219762, 0], [35.028359, 51.219493, 0], [35.023467, 51.220514, 0], [35.021664, 51.223363, 0], [35.012824, 51.228685, 0], [35.012308, 51.230566, 0], [35.009133, 51.231829, 0], [35.004584, 51.231802, 0], [34.999949, 51.229222, 0], [34.993769, 51.2289, 0], [34.982268, 51.232017, 0], [34.982783, 51.233952, 0], [34.979521, 51.235886, 0], [34.976152, 51.233775, 0], [34.958137, 51.228686, 0], [34.950014, 51.227427, 0], [34.950159, 51.22497, 0], [34.952708, 51.222729, 0], [34.95231, 51.219106, 0], [34.944909, 51.219115, 0], [34.940082, 51.217942, 0], [34.939356, 51.211779, 0], [34.936375, 51.208321, 0], [34.930134, 51.205724, 0]]]}, "properties": {"name": "Окуповано /// Occupied /// geoJSON.status.occupied", "styleUrl": "#poly-A52714-2000-77-nodesc", "styleHash": "55c21ec8", "styleMapHash": {"normal": "#poly-A52714-2000-77-nodesc-normal", "highlight": "#poly-A52714-2000-77-nodesc-highlight"}, "stroke-opacity": 1, "stroke": "#a52714", "stroke-width": 2, "fill-opacity": 0.30196078431372547, "fill": "#a52714"}}, {"type": "Feature", "geometry": {"type": "Polygon", "coordinates": [[[29.945517, 46.55611, 0], [29.945461, 46.556458, 0], [29.945522, 46.556838, 0], [29.945407, 46.557237, 0], [29.945438, 46.557527, 0], [29.945615, 46.557953, 0], [29.946217, 46.558545, 0], [29.947038, 46.55944, 0], [29.94718, 46.559548, 0], [29.947416, 46.559627, 0], [29.948262, 46.560168, 0], [29.948507, 46.560798, 0], [29.948525, 46.561252, 0], [29.948372, 46.561457, 0], [29.948195, 46.561457, 0], [29.946324, 46.560774, 0], [29.945804, 46.560527, 0], [29.944738, 46.559774, 0], [29.943893, 46.559621, 0], [29.943143, 46.559382, 0], [29.942388, 46.55907, 0], [29.941908, 46.558999, 0], [29.940891, 46.558996, 0], [29.940245, 46.559132, 0], [29.940034, 46.55927, 0], [29.940032, 46.559434, 0], [29.940243, 46.559722, 0], [29.940579, 46.560053, 0], [29.940945, 46.560264, 0], [29.941923, 46.560547, 0], [29.942232, 46.560744, 0], [29.942369, 46.561037, 0], [29.942466, 46.561842, 0], [29.94267, 46.562824, 0], [29.942554, 46.56385, 0], [29.942576, 46.56469, 0], [29.942907, 46.565344, 0], [29.94359, 46.566007, 0], [29.943921, 46.566175, 0], [29.944391, 46.566381, 0], [29.944777, 46.566461, 0], [29.945226, 46.56649, 0], [29.945471, 46.566409, 0], [29.945958, 46.566195, 0], [29.946226, 46.566204, 0], [29.946642, 46.566339, 0], [29.94752, 46.567029, 0], [29.948208, 46.567925, 0], [29.948361, 46.568476, 0], [29.94818, 46.568849, 0], [29.947776, 46.569164, 0], [29.947319, 46.569258, 0], [29.946434, 46.569022, 0], [29.945794, 46.568701, 0], [29.944655, 46.567829, 0], [29.944262, 46.567643, 0], [29.943067, 46.567816, 0], [29.941189, 46.568303, 0], [29.938942, 46.568377, 0], [29.93857, 46.569405, 0], [29.938386, 46.570914, 0], [29.937863, 46.57173, 0], [29.937764, 46.572522, 0], [29.937297, 46.574174, 0], [29.936911, 46.574378, 0], [29.936584, 46.575284, 0], [29.936368, 46.576253, 0], [29.936457, 46.576932, 0], [29.93631, 46.57736, 0], [29.935637, 46.578186, 0], [29.935578, 46.578858, 0], [29.935031, 46.579884, 0], [29.935267, 46.580462, 0], [29.935138, 46.580777, 0], [29.935267, 46.581747, 0], [29.936983, 46.582072, 0], [29.937885, 46.583967, 0], [29.936018, 46.589003, 0], [29.937545, 46.589877, 0], [29.940656, 46.588904, 0], [29.939554, 46.586969, 0], [29.945093, 46.585328, 0], [29.946253, 46.587244, 0], [29.953442, 46.585118, 0], [29.954944, 46.584896, 0], [29.963312, 46.584763, 0], [29.964599, 46.591487, 0], [29.966916, 46.594714, 0], [29.967904, 46.597499, 0], [29.967389, 46.59897, 0], [29.966187, 46.600585, 0], [29.962443, 46.604514, 0], [29.961875, 46.60545, 0], [29.961252, 46.60691, 0], [29.955137, 46.617375, 0], [29.95405, 46.62005, 0], [29.954144, 46.621516, 0], [29.955437, 46.628428, 0], [29.955265, 46.632988, 0], [29.954943, 46.634454, 0], [29.954171, 46.635618, 0], [29.947348, 46.642896, 0], [29.946575, 46.644104, 0], [29.945717, 46.646284, 0], [29.945695, 46.648376, 0], [29.945845, 46.649701, 0], [29.946532, 46.650968, 0], [29.947926, 46.652647, 0], [29.95283, 46.656035, 0], [29.953962, 46.657213, 0], [29.955346, 46.659407, 0], [29.957744, 46.666901, 0], [29.957797, 46.670327, 0], [29.9574, 46.674769, 0], [29.959015, 46.677513, 0], [29.960573, 46.679106, 0], [29.962722, 46.68067, 0], [29.964272, 46.681612, 0], [29.967021, 46.682914, 0], [29.969834, 46.684743, 0], [29.97029, 46.685246, 0], [29.970554, 46.685733, 0], [29.970642, 46.686642, 0], [29.97056, 46.689597, 0], [29.968912, 46.701158, 0], [29.966373, 46.708093, 0], [29.966154, 46.709774, 0], [29.966236, 46.711366, 0], [29.967631, 46.716448, 0], [29.967695, 46.718398, 0], [29.968038, 46.720634, 0], [29.968167, 46.730048, 0], [29.969176, 46.733144, 0], [29.97072, 46.737754, 0], [29.97351, 46.74618, 0], [29.973931, 46.749148, 0], [29.974566, 46.752086, 0], [29.97358, 46.752182, 0], [29.974266, 46.753935, 0], [29.970736, 46.754488, 0], [29.966359, 46.7556, 0], [29.965742, 46.758055, 0], [29.966327, 46.77071, 0], [29.9594, 46.780014, 0], [29.94628, 46.792804, 0], [29.941976, 46.796016, 0], [29.943629, 46.79675, 0], [29.934895, 46.80593, 0], [29.962811, 46.818413, 0], [29.978422, 46.81635, 0], [29.979403, 46.819408, 0], [29.971421, 46.824158, 0], [29.97044, 46.82869, 0], [29.968036, 46.83208, 0], [29.960658, 46.834728, 0], [29.958447, 46.837328, 0], [29.956597, 46.83791, 0], [29.953786, 46.839166, 0], [29.951846, 46.838671, 0], [29.949502, 46.84188, 0], [29.939304, 46.838446, 0], [29.925604, 46.834827, 0], [29.930281, 46.828441, 0], [29.90509, 46.82016, 0], [29.884322, 46.849253, 0], [29.883504, 46.851471, 0], [29.892033, 46.853562, 0], [29.884072, 46.886052, 0], [29.846972, 46.882037, 0], [29.849086, 46.87537, 0], [29.749908, 46.86114, 0], [29.731119, 46.91938, 0], [29.72137, 46.918331, 0], [29.718351, 46.932167, 0], [29.70896, 46.928133, 0], [29.710065, 46.924153, 0], [29.701196, 46.923404, 0], [29.700497, 46.924941, 0], [29.648038, 46.919797, 0], [29.640088, 46.955341, 0], [29.571493, 46.940136, 0], [29.556113, 46.957889, 0], [29.595885, 46.96363, 0], [29.602408, 47.041713, 0], [29.628887, 47.044609, 0], [29.612041, 47.100312, 0], [29.547523, 47.09383, 0], [29.549889, 47.075935, 0], [29.530302, 47.075449, 0], [29.529607, 47.081501, 0], [29.529313, 47.081684, 0], [29.515471, 47.112573, 0], [29.499442, 47.109287, 0], [29.497232, 47.120632, 0], [29.495537, 47.131918, 0], [29.505416, 47.128554, 0], [29.580187, 47.135551, 0], [29.551992, 47.251458, 0], [29.598855, 47.257487, 0], [29.592609, 47.284703, 0], [29.587215, 47.311802, 0], [29.581065, 47.344281, 0], [29.57405, 47.370536, 0], [29.517225, 47.364708, 0], [29.487447, 47.355946, 0], [29.486438, 47.349692, 0], [29.491244, 47.332913, 0], [29.483317, 47.332486, 0], [29.485859, 47.305612, 0], [29.444828, 47.299853, 0], [29.446031, 47.294438, 0], [29.42698, 47.292166, 0], [29.423525, 47.304928, 0], [29.398376, 47.300356, 0], [29.383463, 47.344924, 0], [29.397937, 47.353613, 0], [29.390834, 47.379882, 0], [29.361242, 47.375648, 0], [29.361708, 47.373333, 0], [29.33727, 47.370277, 0], [29.31746, 47.449245, 0], [29.253591, 47.423457, 0], [29.25222, 47.418403, 0], [29.243967, 47.415279, 0], [29.242433, 47.438624, 0], [29.242272, 47.46194, 0], [29.191932, 47.425515, 0], [29.183328, 47.436016, 0], [29.187949, 47.439101, 0], [29.181921, 47.449012, 0], [29.193417, 47.459973, 0], [29.19, 47.462724, 0], [29.189098, 47.467207, 0], [29.162117, 47.452742, 0], [29.157415, 47.459256, 0], [29.187758, 47.475278, 0], [29.183735, 47.47978, 0], [29.194207, 47.487117, 0], [29.182877, 47.497151, 0], [29.186052, 47.505123, 0], [29.185065, 47.511776, 0], [29.189572, 47.513791, 0], [29.185109, 47.518915, 0], [29.151656, 47.50663, 0], [29.117179, 47.554407, 0], [29.166569, 47.57138, 0], [29.170995, 47.56763, 0], [29.184452, 47.571958, 0], [29.186482, 47.586495, 0], [29.203472, 47.59695, 0], [29.200725, 47.602391, 0], [29.217376, 47.612228, 0], [29.209297, 47.628189, 0], [29.213589, 47.625756, 0], [29.219189, 47.627053, 0], [29.223161, 47.634759, 0], [29.234081, 47.64253, 0], [29.209198, 47.642294, 0], [29.209571, 47.658024, 0], [29.219664, 47.658156, 0], [29.219436, 47.682527, 0], [29.231034, 47.683863, 0], [29.220269, 47.696593, 0], [29.222538, 47.697595, 0], [29.204472, 47.719153, 0], [29.215246, 47.73863, 0], [29.248398, 47.751259, 0], [29.276497, 47.801957, 0], [29.274481, 47.802714, 0], [29.275165, 47.804018, 0], [29.2471, 47.811063, 0], [29.232702, 47.797359, 0], [29.219256, 47.79838, 0], [29.197715, 47.819393, 0], [29.209763, 47.838571, 0], [29.215035, 47.840261, 0], [29.22546, 47.854624, 0], [29.235888, 47.859001, 0], [29.239751, 47.865709, 0], [29.266355, 47.87551, 0], [29.274103, 47.879847, 0], [29.278418, 47.886026, 0], [29.282002, 47.888252, 0], [29.274255, 47.890479, 0], [29.21574, 47.88588, 0], [29.223584, 47.890951, 0], [29.220579, 47.89403, 0], [29.216202, 47.896044, 0], [29.213026, 47.888591, 0], [29.213177, 47.885728, 0], [29.200538, 47.884303, 0], [29.197748, 47.89639, 0], [29.185134, 47.964493, 0], [29.180499, 47.964335, 0], [29.174899, 47.993781, 0], [29.124806, 47.993623, 0], [29.124002, 47.988568, 0], [29.130611, 47.98683, 0], [29.130846, 47.982335, 0], [29.108391, 47.984282, 0], [29.102973, 47.981717, 0], [29.093188, 47.982982, 0], [29.084347, 47.977638, 0], [29.085313, 47.975282, 0], [29.087866, 47.976661, 0], [29.091472, 47.973185, 0], [29.096085, 47.973493, 0], [29.096236, 47.968845, 0], [29.097995, 47.960034, 0], [29.095704, 47.959686, 0], [29.091301, 47.968042, 0], [29.086322, 47.968674, 0], [29.081, 47.972524, 0], [29.077739, 47.970425, 0], [29.084242, 47.959864, 0], [29.086547, 47.946624, 0], [29.065894, 47.943095, 0], [29.051303, 47.94229, 0], [29.041067, 47.946674, 0], [29.036196, 47.945625, 0], [29.033622, 47.942175, 0], [29.026068, 47.945883, 0], [29.010963, 47.956863, 0], [29.00135, 47.958904, 0], [28.996886, 47.963674, 0], [28.992766, 47.96149, 0], [28.971652, 47.976431, 0], [28.96221, 47.9785, 0], [28.925958, 47.960015, 0], [28.877659, 48.000734, 0], [28.88732, 48.006087, 0], [28.884351, 48.008096, 0], [28.890222, 48.011761, 0], [28.893868, 48.009323, 0], [28.901024, 48.010392, 0], [28.901828, 48.012531, 0], [28.889512, 48.014196, 0], [28.882635, 48.010446, 0], [28.867861, 48.018079, 0], [28.868784, 48.018983, 0], [28.864068, 48.020985, 0], [28.855716, 48.020052, 0], [28.85574, 48.026918, 0], [28.839551, 48.034677, 0], [28.849816, 48.053224, 0], [28.851991, 48.060748, 0], [28.843472, 48.06566, 0], [28.849518, 48.070521, 0], [28.842061, 48.075224, 0], [28.836761, 48.071188, 0], [28.833178, 48.072782, 0], [28.840362, 48.078985, 0], [28.84795, 48.079082, 0], [28.857591, 48.10251, 0], [28.855238, 48.108223, 0], [28.846977, 48.115257, 0], [28.84101, 48.1256, 0], [28.837276, 48.123739, 0], [28.833672, 48.128555, 0], [28.814037, 48.124129, 0], [28.80638, 48.134494, 0], [28.799854, 48.129869, 0], [28.794854, 48.129597, 0], [28.795026, 48.125543, 0], [28.771895, 48.12477, 0], [28.766027, 48.128179, 0], [28.755007, 48.136313, 0], [28.734899, 48.133208, 0], [28.722057, 48.126083, 0], [28.708701, 48.130057, 0], [28.702908, 48.12868, 0], [28.702007, 48.127663, 0], [28.688092, 48.124469, 0], [28.680378, 48.134594, 0], [28.678661, 48.141153, 0], [28.682384, 48.14683, 0], [28.64758, 48.143186, 0], [28.648964, 48.151948, 0], [28.635231, 48.154883, 0], [28.630553, 48.154124, 0], [28.620854, 48.157975, 0], [28.614634, 48.159589, 0], [28.611498, 48.156937, 0], [28.591934, 48.173353, 0], [28.579462, 48.166562, 0], [28.569296, 48.174752, 0], [28.570658, 48.174151, 0], [28.573209, 48.175629, 0], [28.576007, 48.174246, 0], [28.577333, 48.182211, 0], [28.570244, 48.176592, 0], [28.561858, 48.17311, 0], [28.54483, 48.169635, 0], [28.543392, 48.166348, 0], [28.535494, 48.161138, 0], [28.529316, 48.153866, 0], [28.513351, 48.151461, 0], [28.506636, 48.152974, 0], [28.50283, 48.151179, 0], [28.520711, 48.138103, 0], [28.517352, 48.137391, 0], [28.504514, 48.130906, 0], [28.498974, 48.127341, 0], [28.500133, 48.121332, 0], [28.495634, 48.119124, 0], [28.494679, 48.11956, 0], [28.494529, 48.119367, 0], [28.491889, 48.118844, 0], [28.498777, 48.115241, 0], [28.509144, 48.121655, 0], [28.521847, 48.120968, 0], [28.541073, 48.118218, 0], [28.564076, 48.110195, 0], [28.578495, 48.104464, 0], [28.593945, 48.098044, 0], [28.620983, 48.093345, 0], [28.63214, 48.086808, 0], [28.635745, 48.077174, 0], [28.632483, 48.070292, 0], [28.625531, 48.06599, 0], [28.618493, 48.064126, 0], [28.611626, 48.066449, 0], [28.607678, 48.075626, 0], [28.604631, 48.077604, 0], [28.600897, 48.076715, 0], [28.590426, 48.059394, 0], [28.587508, 48.048723, 0], [28.579869, 48.043846, 0], [28.567852, 48.039828, 0], [28.549914, 48.039484, 0], [28.545085, 48.037561, 0], [28.542403, 48.027201, 0], [28.529743, 48.014572, 0], [28.528885, 48.011299, 0], [28.529658, 48.004293, 0], [28.534464, 48.001824, 0], [28.539185, 47.998263, 0], [28.548111, 47.997402, 0], [28.556695, 47.993783, 0], [28.562445, 47.993553, 0], [28.570685, 47.997344, 0], [28.573773, 48.00122, 0], [28.574888, 48.005456, 0], [28.583817, 48.014055, 0], [28.588364, 48.020915, 0], [28.591326, 48.033012, 0], [28.593773, 48.035122, 0], [28.604936, 48.035181, 0], [28.619179, 48.030703, 0], [28.636475, 48.026715, 0], [28.646645, 48.024963, 0], [28.679003, 48.027144, 0], [28.690376, 48.026141, 0], [28.703636, 48.02192, 0], [28.705525, 48.016638, 0], [28.700805, 48.006906, 0], [28.703166, 48.003015, 0], [28.731188, 47.980111, 0], [28.747196, 47.975716, 0], [28.757452, 47.976606, 0], [28.775047, 47.984937, 0], [28.780026, 47.986258, 0], [28.785948, 47.986373, 0], [28.78951, 47.984822, 0], [28.796591, 47.965803, 0], [28.805775, 47.95448, 0], [28.812298, 47.950628, 0], [28.831868, 47.944074, 0], [28.83573, 47.939647, 0], [28.834614, 47.93453, 0], [28.821911, 47.918771, 0], [28.818821, 47.909912, 0], [28.825001, 47.901626, 0], [28.835644, 47.897483, 0], [28.863282, 47.896275, 0], [28.872809, 47.893915, 0], [28.889031, 47.890347, 0], [28.90654, 47.886145, 0], [28.931774, 47.884246, 0], [28.95718, 47.881138, 0], [28.981556, 47.876302, 0], [28.990139, 47.873769, 0], [28.998722, 47.870199, 0], [29.011769, 47.862771, 0], [29.01915, 47.855918, 0], [29.0243, 47.848373, 0], [29.02327, 47.841864, 0], [29.017777, 47.8323, 0], [29.010739, 47.825386, 0], [29.006962, 47.816683, 0], [28.99589, 47.803425, 0], [28.989109, 47.790568, 0], [28.987822, 47.782206, 0], [28.983444, 47.768881, 0], [28.980097, 47.745512, 0], [28.974604, 47.734949, 0], [28.966107, 47.722363, 0], [28.965678, 47.718436, 0], [28.96821, 47.711968, 0], [28.980355, 47.692214, 0], [28.986363, 47.668348, 0], [28.997692, 47.645223, 0], [28.994516, 47.63889, 0], [28.984474, 47.626137, 0], [28.982329, 47.620612, 0], [28.983101, 47.613351, 0], [28.993744, 47.601315, 0], [29.019322, 47.582502, 0], [29.027046, 47.57237, 0], [29.027819, 47.563625, 0], [29.017863, 47.531066, 0], [29.019022, 47.524082, 0], [29.025759, 47.516924, 0], [29.067559, 47.495645, 0], [29.096741, 47.483118, 0], [29.115881, 47.46873, 0], [29.118027, 47.458518, 0], [29.11528, 47.451379, 0], [29.090905, 47.436926, 0], [29.078888, 47.424152, 0], [29.076485, 47.413698, 0], [29.083952, 47.406263, 0], [29.132103, 47.381627, 0], [29.149269, 47.369537, 0], [29.158882, 47.359073, 0], [29.164032, 47.347443, 0], [29.160599, 47.337905, 0], [29.146866, 47.330692, 0], [29.124121, 47.327027, 0], [29.091426, 47.358551, 0], [29.070734, 47.353317, 0], [29.082064, 47.323245, 0], [29.114336, 47.28192, 0], [29.127211, 47.273302, 0], [29.134254, 47.267484, 0], [29.141807, 47.26096, 0], [29.146785, 47.254086, 0], [29.147815, 47.248144, 0], [29.149704, 47.244648, 0], [29.156742, 47.239403, 0], [29.161205, 47.232993, 0], [29.163265, 47.227048, 0], [29.167041, 47.21982, 0], [29.170646, 47.215273, 0], [29.179358, 47.213728, 0], [29.180186, 47.211177, 0], [29.179764, 47.206645, 0], [29.173792, 47.194936, 0], [29.1695, 47.189512, 0], [29.164866, 47.184554, 0], [29.156609, 47.17932, 0], [29.146816, 47.165558, 0], [29.140461, 47.159144, 0], [29.133915, 47.15489, 0], [29.127746, 47.152366, 0], [29.122693, 47.152236, 0], [29.108811, 47.149991, 0], [29.102846, 47.148185, 0], [29.099671, 47.145684, 0], [29.09744, 47.138346, 0], [29.093324, 47.132541, 0], [29.086209, 47.125134, 0], [29.068231, 47.113804, 0], [29.065205, 47.109443, 0], [29.06602, 47.105978, 0], [29.068852, 47.103838, 0], [29.071422, 47.100375, 0], [29.088924, 47.089593, 0], [29.096547, 47.08772, 0], [29.110763, 47.08824, 0], [29.114904, 47.087644, 0], [29.115978, 47.085576, 0], [29.112634, 47.08179, 0], [29.111611, 47.07866, 0], [29.118662, 47.074972, 0], [29.124008, 47.074961, 0], [29.126974, 47.076693, 0], [29.12896, 47.084597, 0], [29.134649, 47.094675, 0], [29.13899, 47.098001, 0], [29.151887, 47.100903, 0], [29.15382, 47.103084, 0], [29.153052, 47.106044, 0], [29.154263, 47.114416, 0], [29.159792, 47.124189, 0], [29.164758, 47.127029, 0], [29.17014, 47.126519, 0], [29.17268, 47.124404, 0], [29.174876, 47.116682, 0], [29.175314, 47.112494, 0], [29.174635, 47.109181, 0], [29.175183, 47.105278, 0], [29.17748, 47.104949, 0], [29.185426, 47.113137, 0], [29.188868, 47.118445, 0], [29.189228, 47.122402, 0], [29.186859, 47.128681, 0], [29.185624, 47.135808, 0], [29.179726, 47.152279, 0], [29.180716, 47.157782, 0], [29.184242, 47.160617, 0], [29.197301, 47.16331, 0], [29.207025, 47.163036, 0], [29.218369, 47.158789, 0], [29.223571, 47.153879, 0], [29.225406, 47.145408, 0], [29.226983, 47.144349, 0], [29.23001, 47.144523, 0], [29.232587, 47.147397, 0], [29.237826, 47.15148, 0], [29.241362, 47.157011, 0], [29.240794, 47.161243, 0], [29.237427, 47.163464, 0], [29.228633, 47.165572, 0], [29.227653, 47.168211, 0], [29.229213, 47.169579, 0], [29.23382, 47.169246, 0], [29.239109, 47.16778, 0], [29.248293, 47.163885, 0], [29.270051, 47.151804, 0], [29.291423, 47.141588, 0], [29.2958, 47.137385, 0], [29.29623, 47.131283, 0], [29.292668, 47.123662, 0], [29.291294, 47.114084, 0], [29.293011, 47.111163, 0], [29.301122, 47.105672, 0], [29.308359, 47.103346, 0], [29.314368, 47.102879, 0], [29.325354, 47.104719, 0], [29.33486, 47.107377, 0], [29.341404, 47.106997, 0], [29.34531, 47.105303, 0], [29.350073, 47.100542, 0], [29.354536, 47.0954, 0], [29.356811, 47.090053, 0], [29.358399, 47.08003, 0], [29.365008, 47.071438, 0], [29.374106, 47.062785, 0], [29.379256, 47.060622, 0], [29.389555, 47.060797, 0], [29.3911, 47.059891, 0], [29.391358, 47.058078, 0], [29.389384, 47.056762, 0], [29.384749, 47.056295, 0], [29.380286, 47.052494, 0], [29.379084, 47.048283, 0], [29.378912, 47.042844, 0], [29.380457, 47.039159, 0], [29.383719, 47.036, 0], [29.38801, 47.032958, 0], [29.388654, 47.030852, 0], [29.387324, 47.02898, 0], [29.383719, 47.026055, 0], [29.378054, 47.025089, 0], [29.372432, 47.026142, 0], [29.363205, 47.029185, 0], [29.361231, 47.034596, 0], [29.361574, 47.038106, 0], [29.359, 47.04068, 0], [29.355781, 47.040124, 0], [29.354923, 47.037053, 0], [29.357412, 47.031028, 0], [29.361746, 47.023363, 0], [29.366681, 47.017541, 0], [29.377153, 47.000364, 0], [29.376852, 46.995856, 0], [29.373934, 46.993749, 0], [29.361403, 46.992695, 0], [29.349344, 46.993632, 0], [29.333808, 46.992578, 0], [29.315226, 46.99571, 0], [29.309947, 46.995534, 0], [29.308059, 46.993222, 0], [29.308359, 46.99047, 0], [29.308188, 46.984966, 0], [29.306214, 46.98321, 0], [29.303038, 46.983063, 0], [29.29909, 46.985318, 0], [29.299133, 46.987338, 0], [29.303381, 46.993397, 0], [29.306128, 46.998081, 0], [29.305012, 46.999339, 0], [29.302823, 47.000071, 0], [29.295313, 46.998432, 0], [29.292052, 46.995036, 0], [29.291365, 46.988011, 0], [29.292223, 46.983019, 0], [29.294798, 46.97996, 0], [29.30145, 46.975041, 0], [29.305441, 46.971498, 0], [29.310076, 46.966226, 0], [29.316513, 46.960105, 0], [29.322436, 46.952401, 0], [29.330547, 46.948505, 0], [29.336405, 46.946029, 0], [29.340288, 46.943026, 0], [29.34896, 46.938507, 0], [29.360845, 46.934001, 0], [29.372218, 46.933415, 0], [29.381358, 46.934324, 0], [29.388311, 46.936258, 0], [29.394426, 46.939202, 0], [29.40037, 46.944432, 0], [29.40715, 46.949413, 0], [29.413631, 46.955975, 0], [29.419939, 46.96154, 0], [29.427922, 46.964615, 0], [29.438221, 46.96485, 0], [29.448006, 46.961335, 0], [29.451868, 46.958494, 0], [29.45616, 46.953192, 0], [29.46367, 46.950702, 0], [29.467382, 46.951024, 0], [29.470536, 46.950204, 0], [29.474828, 46.94411, 0], [29.476416, 46.936345, 0], [29.475558, 46.929898, 0], [29.472983, 46.919347, 0], [29.468004, 46.91067, 0], [29.464743, 46.906213, 0], [29.464571, 46.901463, 0], [29.467833, 46.89642, 0], [29.471524, 46.894426, 0], [29.481222, 46.892049, 0], [29.484998, 46.881153, 0], [29.483281, 46.870718, 0], [29.479001, 46.869721, 0], [29.475214, 46.869766, 0], [29.475708, 46.872547, 0], [29.474828, 46.874858, 0], [29.467146, 46.875419, 0], [29.462061, 46.86738, 0], [29.455924, 46.866882, 0], [29.441504, 46.864417, 0], [29.436955, 46.862598, 0], [29.43335, 46.861482, 0], [29.432149, 46.859604, 0], [29.435754, 46.852913, 0], [29.435754, 46.849391, 0], [29.404855, 46.846221, 0], [29.404168, 46.832835, 0], [29.405026, 46.815804, 0], [29.397816, 46.818506, 0], [29.396443, 46.806875, 0], [29.396958, 46.804642, 0], [29.406914, 46.80335, 0], [29.40846, 46.77667, 0], [29.402451, 46.774554, 0], [29.401421, 46.758445, 0], [29.412064, 46.759033, 0], [29.414296, 46.755152, 0], [29.458241, 46.759268, 0], [29.46219, 46.773731, 0], [29.469743, 46.771615, 0], [29.475407, 46.780314, 0], [29.48399, 46.78243, 0], [29.487595, 46.781725, 0], [29.48914, 46.778198, 0], [29.505963, 46.779962, 0], [29.508195, 46.784664, 0], [29.510426, 46.788308, 0], [29.512315, 46.788895, 0], [29.51489, 46.784076, 0], [29.53815, 46.7762, 0], [29.533686, 46.771203, 0], [29.541068, 46.767676, 0], [29.549994, 46.76697, 0], [29.558663, 46.75574, 0], [29.559865, 46.742096, 0], [29.556775, 46.73539, 0], [29.558663, 46.724212, 0], [29.55626, 46.717387, 0], [29.55111, 46.708618, 0], [29.570164, 46.708442, 0], [29.574284, 46.72433, 0], [29.571881, 46.732567, 0], [29.572739, 46.740332, 0], [29.581151, 46.743272, 0], [29.59351, 46.743155, 0], [29.607072, 46.74092, 0], [29.627328, 46.741273, 0], [29.642606, 46.743155, 0], [29.657368, 46.744331, 0], [29.657368, 46.735861, 0], [29.669385, 46.733037, 0], [29.669728, 46.72127, 0], [29.663548, 46.712326, 0], [29.666982, 46.703615, 0], [29.658313, 46.701437, 0], [29.648614, 46.701084, 0], [29.648356, 46.695374, 0], [29.654965, 46.695315, 0], [29.651189, 46.691076, 0], [29.659943, 46.689781, 0], [29.654794, 46.68566, 0], [29.652734, 46.682245, 0], [29.655137, 46.676709, 0], [29.663548, 46.675296, 0], [29.667668, 46.675414, 0], [29.67432, 46.67668, 0], [29.677667, 46.676268, 0], [29.681401, 46.673058, 0], [29.685864, 46.671762, 0], [29.691014, 46.672234, 0], [29.694362, 46.674177, 0], [29.694233, 46.67721, 0], [29.69522, 46.679006, 0], [29.69934, 46.678417, 0], [29.7014, 46.676062, 0], [29.70067, 46.671468, 0], [29.698481, 46.666756, 0], [29.69964, 46.665519, 0], [29.705219, 46.665136, 0], [29.717664, 46.65739, 0], [29.722514, 46.658981, 0], [29.726806, 46.661337, 0], [29.726848, 46.663546, 0], [29.722943, 46.666638, 0], [29.722353, 46.669053, 0], [29.723823, 46.671114, 0], [29.72702, 46.672351, 0], [29.728866, 46.672322, 0], [29.735388, 46.6692, 0], [29.741096, 46.665048, 0], [29.743414, 46.66546, 0], [29.74616, 46.668641, 0], [29.75985, 46.669465, 0], [29.763026, 46.66867, 0], [29.764485, 46.665372, 0], [29.761159, 46.659952, 0], [29.757576, 46.656035, 0], [29.755559, 46.65306, 0], [29.75513, 46.648229, 0], [29.756353, 46.647522, 0], [29.760344, 46.649849, 0], [29.767618, 46.6525, 0], [29.773175, 46.655888, 0], [29.774399, 46.655682, 0], [29.775708, 46.652191, 0], [29.774828, 46.649937, 0], [29.773304, 46.649046, 0], [29.771266, 46.648391, 0], [29.758649, 46.647374, 0], [29.757919, 46.64652, 0], [29.759593, 46.645312, 0], [29.767318, 46.637651, 0], [29.768468, 46.63723, 0], [29.76949, 46.637456, 0], [29.771148, 46.639736, 0], [29.773905, 46.640907, 0], [29.775708, 46.640524, 0], [29.778797, 46.636532, 0], [29.779173, 46.635338, 0], [29.778454, 46.633025, 0], [29.776834, 46.632812, 0], [29.758971, 46.634484, 0], [29.754894, 46.631883, 0], [29.751739, 46.630476, 0], [29.751482, 46.629341, 0], [29.754272, 46.628693, 0], [29.759764, 46.625982, 0], [29.762919, 46.623152, 0], [29.763643, 46.621391, 0], [29.763359, 46.620396, 0], [29.76176, 46.620057, 0], [29.758563, 46.621266, 0], [29.754464, 46.623447, 0], [29.747748, 46.625775, 0], [29.742212, 46.62551, 0], [29.741279, 46.624884, 0], [29.741461, 46.623815, 0], [29.745517, 46.62044, 0], [29.749551, 46.618576, 0], [29.75337, 46.617773, 0], [29.755537, 46.616874, 0], [29.755087, 46.615488, 0], [29.753123, 46.61439, 0], [29.750731, 46.614058, 0], [29.74792, 46.614427, 0], [29.74762, 46.613572, 0], [29.750066, 46.612584, 0], [29.750924, 46.61083, 0], [29.747233, 46.607941, 0], [29.743982, 46.606836, 0], [29.741461, 46.60688, 0], [29.739369, 46.608413, 0], [29.736783, 46.60918, 0], [29.735045, 46.608369, 0], [29.733328, 46.602044, 0], [29.731183, 46.600865, 0], [29.728844, 46.600497, 0], [29.726344, 46.601359, 0], [29.72385, 46.602763, 0], [29.722621, 46.602354, 0], [29.72201, 46.600843, 0], [29.722707, 46.599538, 0], [29.728758, 46.596236, 0], [29.745324, 46.591399, 0], [29.752061, 46.590352, 0], [29.765086, 46.589674, 0], [29.766846, 46.588922, 0], [29.766888, 46.585397, 0], [29.767919, 46.584756, 0], [29.771051, 46.583775, 0], [29.781222, 46.579874, 0], [29.784377, 46.580136, 0], [29.78841, 46.579262, 0], [29.789988, 46.579933, 0], [29.791356, 46.582982, 0], [29.792469, 46.583593, 0], [29.793367, 46.583171, 0], [29.794783, 46.581474, 0], [29.795878, 46.581298, 0], [29.796833, 46.58188, 0], [29.797573, 46.584247, 0], [29.797101, 46.58536, 0], [29.795213, 46.587451, 0], [29.794311, 46.590367, 0], [29.79474, 46.59311, 0], [29.7962, 46.594776, 0], [29.797895, 46.595292, 0], [29.804632, 46.591444, 0], [29.806296, 46.589092, 0], [29.8074, 46.587064, 0], [29.809053, 46.587285, 0], [29.809782, 46.588848, 0], [29.809214, 46.590699, 0], [29.806328, 46.595174, 0], [29.805276, 46.602177, 0], [29.803635, 46.602229, 0], [29.799574, 46.601282, 0], [29.798453, 46.601838, 0], [29.799236, 46.603769, 0], [29.801864, 46.605229, 0], [29.804847, 46.605332, 0], [29.809031, 46.60405, 0], [29.816413, 46.601057, 0], [29.816842, 46.599767, 0], [29.812507, 46.593434, 0], [29.812164, 46.590677, 0], [29.814868, 46.585383, 0], [29.82152, 46.590456, 0], [29.823794, 46.596973, 0], [29.822035, 46.601013, 0], [29.825854, 46.603224, 0], [29.829202, 46.601543, 0], [29.832377, 46.595322, 0], [29.839372, 46.596324, 0], [29.83684, 46.589187, 0], [29.828944, 46.586356, 0], [29.826841, 46.58379, 0], [29.827227, 46.581224, 0], [29.830403, 46.580074, 0], [29.838772, 46.582551, 0], [29.849543, 46.589335, 0], [29.852268, 46.587374, 0], [29.853513, 46.58143, 0], [29.85774, 46.578834, 0], [29.861903, 46.5782, 0], [29.869885, 46.5791, 0], [29.871173, 46.581902, 0], [29.869896, 46.586326, 0], [29.870765, 46.587624, 0], [29.875164, 46.586622, 0], [29.878039, 46.582581, 0], [29.876752, 46.579041, 0], [29.861281, 46.573893, 0], [29.860734, 46.572809, 0], [29.862718, 46.570928, 0], [29.867589, 46.57022, 0], [29.873404, 46.570427, 0], [29.872439, 46.56873, 0], [29.859671, 46.569438, 0], [29.859843, 46.56665, 0], [29.863105, 46.564408, 0], [29.869563, 46.562298, 0], [29.879284, 46.562121, 0], [29.88394, 46.56367, 0], [29.894733, 46.556574, 0], [29.896085, 46.552508, 0], [29.894154, 46.548709, 0], [29.924728, 46.552868, 0], [29.945263, 46.555192, 0], [29.945517, 46.55611, 0]]]}, "properties": {"name": "Придністров'я/// Transnistria /// geoJSON.territories.transnistria", "styleUrl": "#poly-FF5252-2000-77", "styleHash": "94360a6", "styleMapHash": {"normal": "#poly-FF5252-2000-77-normal", "highlight": "#poly-FF5252-2000-77-highlight"}, "description": "Окупована в 1992 шляхом невиведення 14-ї армії російської педерації.<br>///<br>Occupied in 1992 by 14-th Army of russia.<br>/// geoJSON.descriptions.#35", "stroke-opacity": 1, "stroke": "#ff5252", "stroke-width": 2, "fill-opacity": 0.30196078431372547, "fill": "#ff5252"}}, {"type": "Feature", "geometry": {"type": "Polygon", "coordinates": [[[38.691727, 48.729363, 0], [38.753516, 48.718494, 0], [38.76707, 48.714322, 0], [38.80844, 48.713416, 0], [38.83007, 48.71704, 0], [38.836078, 48.723269, 0], [38.84715, 48.742913, 0], [38.85539, 48.749648, 0], [38.85938, 48.749592, 0], [38.860604, 48.74979, 0], [38.860958, 48.750738, 0], [38.863881, 48.751382, 0], [38.871695, 48.751308, 0], [38.87762, 48.752591, 0], [38.879079, 48.752478, 0], [38.880238, 48.750611, 0], [38.881332, 48.750186, 0], [38.892039, 48.750441, 0], [38.89882, 48.750186, 0], [38.901094, 48.750908, 0], [38.904742, 48.75061, 0], [38.908777, 48.749252, 0], [38.911137, 48.748007, 0], [38.912575, 48.746875, 0], [38.914323, 48.744385, 0], [38.91803, 48.742914, 0], [38.919969, 48.743423, 0], [38.921308, 48.744611, 0], [38.922724, 48.745008, 0], [38.924633, 48.745036, 0], [38.930652, 48.745276, 0], [38.933667, 48.746026, 0], [38.935057, 48.746856, 0], [38.936961, 48.747119, 0], [38.938281, 48.746684, 0], [38.93886, 48.745814, 0], [38.937959, 48.744074, 0], [38.934354, 48.742913, 0], [38.932466, 48.7368, 0], [38.934011, 48.735781, 0], [38.94371, 48.733856, 0], [38.94607, 48.734451, 0], [38.956948, 48.734069, 0], [38.961048, 48.736517, 0], [38.961219, 48.739913, 0], [38.959932, 48.742913, 0], [38.961133, 48.74614, 0], [38.964095, 48.746196, 0], [38.966948, 48.745206, 0], [38.969834, 48.743749, 0], [38.972565, 48.743586, 0], [38.974999, 48.744765, 0], [38.978814, 48.744894, 0], [38.981218, 48.743847, 0], [38.982334, 48.742192, 0], [38.982205, 48.740288, 0], [38.984458, 48.737582, 0], [38.989543, 48.734989, 0], [38.991439, 48.730611, 0], [38.998391, 48.724269, 0], [38.999335, 48.719626, 0], [38.998048, 48.717474, 0], [38.993921, 48.716191, 0], [38.988864, 48.715209, 0], [38.984744, 48.713624, 0], [38.984308, 48.71183, 0], [38.986925, 48.71016, 0], [38.991925, 48.710004, 0], [38.996925, 48.711604, 0], [38.998988, 48.711198, 0], [38.99822, 48.707677, 0], [38.999507, 48.703995, 0], [38.99985, 48.7002, 0], [39.001817, 48.698009, 0], [39.004829, 48.696347, 0], [39.01555, 48.694894, 0], [39.015729, 48.688642, 0], [39.014356, 48.683429, 0], [39.016369, 48.680945, 0], [39.019584, 48.679141, 0], [39.020278, 48.675608, 0], [39.020536, 48.672264, 0], [39.023883, 48.669884, 0], [39.026286, 48.667276, 0], [39.027488, 48.663251, 0], [39.025428, 48.661976, 0], [39.021652, 48.662401, 0], [39.018562, 48.664102, 0], [39.012982, 48.664045, 0], [39.009635, 48.662628, 0], [39.010318, 48.660086, 0], [39.012374, 48.658338, 0], [39.019155, 48.656978, 0], [39.02851, 48.653009, 0], [39.032209, 48.652876, 0], [39.03345, 48.651978, 0], [39.035548, 48.648245, 0], [39.038084, 48.647187, 0], [39.04268, 48.646468, 0], [39.054868, 48.647036, 0], [39.074352, 48.650438, 0], [39.075897, 48.651629, 0], [39.084909, 48.650665, 0], [39.098556, 48.650892, 0], [39.10362, 48.649871, 0], [39.111938, 48.653349, 0], [39.11683, 48.656751, 0], [39.123189, 48.66002, 0], [39.127309, 48.660474, 0], [39.13949, 48.659642, 0], [39.141986, 48.66087, 0], [39.142673, 48.663535, 0], [39.141643, 48.665066, 0], [39.141901, 48.666653, 0], [39.144514, 48.670914, 0], [39.148674, 48.675287, 0], [39.151943, 48.676288, 0], [39.157436, 48.675382, 0], [39.163351, 48.675741, 0], [39.174251, 48.680331, 0], [39.18164, 48.685752, 0], [39.185417, 48.693401, 0], [39.190902, 48.699822, 0], [39.195108, 48.703901, 0], [39.19651, 48.706516, 0], [39.197519, 48.706487, 0], [39.198356, 48.705779, 0], [39.19915, 48.702267, 0], [39.200373, 48.700002, 0], [39.203184, 48.698614, 0], [39.207175, 48.698302, 0], [39.212539, 48.70122, 0], [39.219406, 48.705184, 0], [39.224899, 48.70677, 0], [39.226787, 48.708979, 0], [39.232366, 48.711415, 0], [39.235993, 48.71109, 0], [39.23959, 48.709127, 0], [39.243517, 48.709622, 0], [39.249782, 48.712567, 0], [39.253902, 48.720155, 0], [39.253309, 48.722061, 0], [39.253965, 48.724404, 0], [39.256141, 48.726874, 0], [39.259231, 48.733838, 0], [39.255284, 48.738776, 0], [39.255026, 48.740687, 0], [39.256313, 48.742272, 0], [39.258537, 48.742744, 0], [39.26447, 48.741255, 0], [39.268665, 48.741951, 0], [39.270811, 48.743989, 0], [39.271677, 48.747762, 0], [39.270304, 48.751214, 0], [39.270811, 48.752761, 0], [39.272385, 48.753889, 0], [39.274778, 48.753683, 0], [39.276661, 48.752336, 0], [39.27889, 48.749341, 0], [39.282062, 48.748611, 0], [39.286436, 48.748903, 0], [39.289522, 48.751516, 0], [39.289283, 48.753686, 0], [39.290645, 48.75625, 0], [39.291496, 48.759438, 0], [39.29262, 48.760607, 0], [39.299915, 48.76304, 0], [39.303091, 48.765416, 0], [39.308834, 48.771998, 0], [39.311846, 48.774072, 0], [39.3245889, 48.7769257, 0], [39.3286586, 48.774795, 0], [39.3275431, 48.7686007, 0], [39.3366453, 48.7666122, 0], [39.3496039, 48.7693956, 0], [39.354504, 48.766831, 0], [39.351328, 48.763097, 0], [39.349175, 48.762154, 0], [39.3422472, 48.759209, 0], [39.349266, 48.742496, 0], [39.3609339, 48.7360082, 0], [39.3550115, 48.7271195, 0], [39.3725803, 48.7206505, 0], [39.3729498, 48.7156244, 0], [39.3483161, 48.7119438, 0], [39.355953, 48.697214, 0], [39.3786967, 48.686792, 0], [39.3911027, 48.68512, 0], [39.3908693, 48.6804445, 0], [39.3989371, 48.6752314, 0], [39.405821, 48.673812, 0], [39.4155028, 48.6679755, 0], [39.408207, 48.661457, 0], [39.414234, 48.656694, 0], [39.420748, 48.658225, 0], [39.43895, 48.654942, 0], [39.450178, 48.655674, 0], [39.453387, 48.652815, 0], [39.4498, 48.650403, 0], [39.451642, 48.641036, 0], [39.457562, 48.638651, 0], [39.4675642, 48.6389378, 0], [39.465427, 48.633504, 0], [39.467219, 48.628555, 0], [39.487882, 48.6299193, 0], [39.511638, 48.635704, 0], [39.518343, 48.630272, 0], [39.512924, 48.62213, 0], [39.528054, 48.612874, 0], [39.529832, 48.609362, 0], [39.524524, 48.602638, 0], [39.526932, 48.598541, 0], [39.534191, 48.596769, 0], [39.535012, 48.592838, 0], [39.529249, 48.591218, 0], [39.530691, 48.585691, 0], [39.539875, 48.584017, 0], [39.549316, 48.585976, 0], [39.549059, 48.595854, 0], [39.554981, 48.598295, 0], [39.563564, 48.599089, 0], [39.569414, 48.591116, 0], [39.564086, 48.584599, 0], [39.57434, 48.581738, 0], [39.591386, 48.59225, 0], [39.600613, 48.592875, 0], [39.606406, 48.588618, 0], [39.605878, 48.585521, 0], [39.596866, 48.579502, 0], [39.601073, 48.574959, 0], [39.611029, 48.574051, 0], [39.619525, 48.583023, 0], [39.633431, 48.581263, 0], [39.671325, 48.58924, 0], [39.687271, 48.587084, 0], [39.6789285, 48.5982903, 0], [39.669571, 48.59594, 0], [39.668158, 48.601311, 0], [39.670944, 48.603218, 0], [39.671091, 48.6048718, 0], [39.6649366, 48.6052475, 0], [39.661447, 48.610904, 0], [39.667989, 48.621313, 0], [39.6944975, 48.6364796, 0], [39.6945425, 48.6421872, 0], [39.69153, 48.644962, 0], [39.693715, 48.649408, 0], [39.7110568, 48.6547855, 0], [39.7109647, 48.6680683, 0], [39.704576, 48.666624, 0], [39.701721, 48.669404, 0], [39.704033, 48.671485, 0], [39.712113, 48.674652, 0], [39.714196, 48.680225, 0], [39.721986, 48.682727, 0], [39.722546, 48.684956, 0], [39.716681, 48.689934, 0], [39.718827, 48.693317, 0], [39.715965, 48.695208, 0], [39.720211, 48.697203, 0], [39.717876, 48.703361, 0], [39.712262, 48.715916, 0], [39.726615, 48.729372, 0], [39.725011, 48.740452, 0], [39.731647, 48.742096, 0], [39.732192, 48.744333, 0], [39.737309, 48.743188, 0], [39.740281, 48.7443076, 0], [39.736376, 48.752183, 0], [39.740082, 48.766418, 0], [39.755303, 48.767977, 0], [39.7634291, 48.762787, 0], [39.7701559, 48.7670144, 0], [39.765451, 48.778079, 0], [39.773495, 48.784419, 0], [39.780194, 48.786082, 0], [39.785854, 48.799158, 0], [39.797126, 48.840576, 0], [39.804672, 48.843576, 0], [39.808044, 48.83948, 0], [39.807503, 48.838581, 0], [39.8298919, 48.832143, 0], [39.8859763, 48.8215592, 0], [39.9475121, 48.7964776, 0], [39.976403, 48.793903, 0], [40.078831, 48.869867, 0], [40.0613315, 48.9088569, 0], [40.031195, 48.915801, 0], [40.00398, 48.900793, 0], [39.99343, 48.868286, 0], [39.9568318, 48.8738784, 0], [39.924336, 48.895717, 0], [39.853161, 48.890737, 0], [39.845802, 48.902911, 0], [39.8349555, 48.9009621, 0], [39.8353697, 48.8920876, 0], [39.8237685, 48.8888564, 0], [39.8226741, 48.9032394, 0], [39.782372, 48.915745, 0], [39.7767074, 48.9526767, 0], [39.748412, 48.979267, 0], [39.75208, 48.986592, 0], [39.747268, 48.987412, 0], [39.73038, 48.978202, 0], [39.717623, 48.982354, 0], [39.71677, 48.987067, 0], [39.699288, 49.00097, 0], [39.67693, 48.989538, 0], [39.663411, 49.000872, 0], [39.670277, 49.003148, 0], [39.679204, 49.012886, 0], [39.673658, 49.014934, 0], [39.675663, 49.026888, 0], [39.681736, 49.028733, 0], [39.683582, 49.036925, 0], [39.672317, 49.040569, 0], [39.693366, 49.05054, 0], [39.768105, 49.039893, 0], [39.803143, 49.059202, 0], [39.880305, 49.06432, 0], [39.910263, 49.057462, 0], [39.937951, 49.056277, 0], [39.942532, 49.071347, 0], [39.938169, 49.082798, 0], [39.972108, 49.124488, 0], [40.031575, 49.180241, 0], [40.07613, 49.186828, 0], [40.10829, 49.210883, 0], [40.137226, 49.239885, 0], [40.188228, 49.238626, 0], [40.21437, 49.244887, 0], [40.219264, 49.265172, 0], [40.185745, 49.284288, 0], [40.18404, 49.303985, 0], [40.188526, 49.307443, 0], [40.196814, 49.345228, 0], [40.176429, 49.356618, 0], [40.170182, 49.3564, 0], [40.159805, 49.366018, 0], [40.162603, 49.367837, 0], [40.136835, 49.381814, 0], [40.105631, 49.391292, 0], [40.078125, 49.410189, 0], [40.060275, 49.43587, 0], [40.02919, 49.453599, 0], [40.04176, 49.499103, 0], [40.037599, 49.519895, 0], [40.168435, 49.568921, 0], [40.135258, 49.616254, 0], [40.063538, 49.599233, 0], [40.056729, 49.606573, 0], [39.951954, 49.597472, 0], [39.935131, 49.57399, 0], [39.890224, 49.558359, 0], [39.805312, 49.55805, 0], [39.750232, 49.596719, 0], [39.659995, 49.614811, 0], [39.638379, 49.6351, 0], [39.613305, 49.691362, 0], [39.59136, 49.719134, 0], [39.610109, 49.733798, 0], [39.533835, 49.740848, 0], [39.478761, 49.756475, 0], [39.438201, 49.760006, 0], [39.412062, 49.753111, 0], [39.376963, 49.738424, 0], [39.307924, 49.753044, 0], [39.28556, 49.755666, 0], [39.27547, 49.768026, 0], [39.264639, 49.76848, 0], [39.250371, 49.777802, 0], [39.228114, 49.816503, 0], [39.225656, 49.840184, 0], [39.188395, 49.886222, 0], [39.178402, 49.888001, 0], [39.130738, 49.861568, 0], [39.110366, 49.837773, 0], [39.069763, 49.818731, 0], [39.066233, 49.815349, 0], [39.025667, 49.82248, 0], [38.984906, 49.807783, 0], [38.971138, 49.807221, 0], [38.949095, 49.796102, 0], [38.94035, 49.800888, 0], [38.930753, 49.797174, 0], [38.9287, 49.803888, 0], [38.920357, 49.804946, 0], [38.916163, 49.812724, 0], [38.919124, 49.814665, 0], [38.909372, 49.81917, 0], [38.907392, 49.828412, 0], [38.91366, 49.829789, 0], [38.91057, 49.833276, 0], [38.912225, 49.844315, 0], [38.90505, 49.849149, 0], [38.918648, 49.8579, 0], [38.909338, 49.860103, 0], [38.898467, 49.870416, 0], [38.876416, 49.869423, 0], [38.869398, 49.864488, 0], [38.856713, 49.869139, 0], [38.849104, 49.865103, 0], [38.836346, 49.867366, 0], [38.832017, 49.876702, 0], [38.794958, 49.88331, 0], [38.79015, 49.87851, 0], [38.777683, 49.88532, 0], [38.768232, 49.896044, 0], [38.743847, 49.897307, 0], [38.733846, 49.905025, 0], [38.723247, 49.927005, 0], [38.6929, 49.934766, 0], [38.6853, 49.960344, 0], [38.715315, 49.982384, 0], [38.715136, 49.98771, 0], [38.687546, 50.008152, 0], [38.679052, 50.005448, 0], [38.676054, 49.992814, 0], [38.679731, 49.974494, 0], [38.666941, 49.972156, 0], [38.646196, 49.955937, 0], [38.616078, 49.97439, 0], [38.58157, 49.977416, 0], [38.526715, 49.958271, 0], [38.507898, 49.96403, 0], [38.487706, 49.963602, 0], [38.47752, 49.983271, 0], [38.465914, 49.983961, 0], [38.46804, 49.995247, 0], [38.434095, 50.001019, 0], [38.416008, 49.981338, 0], [38.397563, 49.990585, 0], [38.349575, 50.006444, 0], [38.354164, 50.019048, 0], [38.3512, 50.034741, 0], [38.333976, 50.059093, 0], [38.329442, 50.08551, 0], [38.313196, 50.088337, 0], [38.301154, 50.087142, 0], [38.291305, 50.079178, 0], [38.275685, 50.073117, 0], [38.178568, 50.079969, 0], [38.185066, 50.055692, 0], [38.183827, 50.045832, 0], [38.18882, 50.033, 0], [38.185824, 50.022553, 0], [38.217126, 49.987182, 0], [38.196332, 49.969759, 0], [38.162402, 49.951496, 0], [38.171565, 49.941901, 0], [38.126682, 49.92215, 0], [38.124994, 49.942552, 0], [38.056464, 49.923247, 0], [38.032779, 49.900051, 0], [38.020937, 49.925811, 0], [38.043687, 49.932897, 0], [38.005373, 49.967245, 0], [37.999075, 49.963601, 0], [37.980562, 49.976794, 0], [37.965809, 49.979304, 0], [37.939445, 50.015581, 0], [37.930119, 50.027404, 0], [37.926727, 50.034251, 0], [37.893906, 50.050305, 0], [37.876589, 50.053326, 0], [37.873603, 50.048707, 0], [37.852961, 50.037493, 0], [37.8320536, 50.0148025, 0], [37.7784475, 50.0057746, 0], [37.7804197, 49.993807, 0], [37.775992, 49.982118, 0], [37.768273, 49.979852, 0], [37.761756, 49.969747, 0], [37.75069, 49.972173, 0], [37.734732, 49.966041, 0], [37.727291, 49.961004, 0], [37.734898, 49.95601, 0], [37.748912, 49.953199, 0], [37.752736, 49.93996, 0], [37.773713, 49.929327, 0], [37.775018, 49.921524, 0], [37.771121, 49.913478, 0], [37.76859, 49.912578, 0], [37.753528, 49.913556, 0], [37.747178, 49.91257, 0], [37.749238, 49.908269, 0], [37.744348, 49.900549, 0], [37.738516, 49.897712, 0], [37.732928, 49.900517, 0], [37.708232, 49.892617, 0], [37.70199, 49.890135, 0], [37.696636, 49.89027, 0], [37.694024, 49.891022, 0], [37.682886, 49.888812, 0], [37.677931, 49.882439, 0], [37.663524, 49.882537, 0], [37.655369, 49.889578, 0], [37.649624, 49.890778, 0], [37.65001, 49.871535, 0], [37.640691, 49.868973, 0], [37.63646, 49.862767, 0], [37.647907, 49.857949, 0], [37.647909, 49.851347, 0], [37.634142, 49.851668, 0], [37.632287, 49.850879, 0], [37.633392, 49.840982, 0], [37.629433, 49.830529, 0], [37.628233, 49.828063, 0], [37.617078, 49.824791, 0], [37.61571, 49.823452, 0], [37.609756, 49.815873, 0], [37.600514, 49.811768, 0], [37.600134, 49.80926, 0], [37.605246, 49.802153, 0], [37.605703, 49.795738, 0], [37.612197, 49.79171, 0], [37.611246, 49.78401, 0], [37.6232738, 49.7767237, 0], [37.6381151, 49.7738941, 0], [37.6466529, 49.7588812, 0], [37.6557653, 49.7530816, 0], [37.6620531, 49.7516757, 0], [37.6691991, 49.7517112, 0], [37.6746149, 49.7547544, 0], [37.6853659, 49.7477409, 0], [37.700727, 49.7369691, 0], [37.7192914, 49.7369807, 0], [37.733444, 49.740142, 0], [37.7494416, 49.7414791, 0], [37.7768543, 49.7327184, 0], [37.7695729, 49.7040325, 0], [37.7756004, 49.6953775, 0], [37.7708693, 49.6892205, 0], [37.7778114, 49.6731791, 0], [37.7727358, 49.6577081, 0], [37.7699749, 49.6572755, 0], [37.7701087, 49.6542929, 0], [37.7784403, 49.6513703, 0], [37.7782176, 49.6426777, 0], [37.8012187, 49.6408989, 0], [37.7989986, 49.6273681, 0], [37.810056, 49.6241761, 0], [37.8166923, 49.6149658, 0], [37.808735, 49.607885, 0], [37.787941, 49.607704, 0], [37.789024, 49.603152, 0], [37.803024, 49.603214, 0], [37.804075, 49.594326, 0], [37.790894, 49.594665, 0], [37.790625, 49.592201, 0], [37.796328, 49.590543, 0], [37.79249, 49.580292, 0], [37.772164, 49.574912, 0], [37.77057, 49.572138, 0], [37.761252, 49.569586, 0], [37.753832, 49.563496, 0], [37.753838, 49.56178, 0], [37.760668, 49.559201, 0], [37.759603, 49.556177, 0], [37.731829, 49.557172, 0], [37.715368, 49.556361, 0], [37.701752, 49.552933, 0], [37.70085, 49.544334, 0], [37.696021, 49.541136, 0], [37.695323, 49.530318, 0], [37.692828, 49.526886, 0], [37.696968, 49.525332, 0], [37.700764, 49.514862, 0], [37.696716, 49.508826, 0], [37.695034, 49.502686, 0], [37.697626, 49.502403, 0], [37.706303, 49.507389, 0], [37.713266, 49.513489, 0], [37.723574, 49.514624, 0], [37.733753, 49.510818, 0], [37.728931, 49.501997, 0], [37.7435195, 49.4910765, 0], [37.7783498, 49.4823508, 0], [37.7717094, 49.4682359, 0], [37.7579254, 49.4579104, 0], [37.7432773, 49.4599297, 0], [37.7125011, 49.4417663, 0], [37.7084009, 49.4307764, 0], [37.6767368, 49.4212577, 0], [37.684216, 49.4121845, 0], [37.7115087, 49.4170643, 0], [37.7645106, 49.3973763, 0], [37.768932, 49.405279, 0], [37.815689, 49.390963, 0], [37.82396, 49.394644, 0], [37.829959, 49.401199, 0], [37.846639, 49.386656, 0], [37.847139, 49.381273, 0], [37.86223, 49.380416, 0], [37.875647, 49.377602, 0], [37.890612, 49.382054, 0], [37.916373, 49.382798, 0], [37.916074, 49.378557, 0], [37.93251, 49.38069, 0], [37.938519, 49.379198, 0], [37.949072, 49.362706, 0], [37.954308, 49.361588, 0], [37.949573, 49.353118, 0], [37.947628, 49.351399, 0], [37.941921, 49.349687, 0], [37.943867, 49.346904, 0], [37.941177, 49.344568, 0], [37.942329, 49.341848, 0], [37.941789, 49.338838, 0], [37.950047, 49.337701, 0], [37.953435, 49.336622, 0], [37.957295, 49.334845, 0], [37.962823, 49.334169, 0], [37.964944, 49.332475, 0], [37.965519, 49.330277, 0], [37.966392, 49.322245, 0], [37.961857, 49.317318, 0], [37.961584, 49.311489, 0], [37.969378, 49.311145, 0], [37.969614, 49.303038, 0], [37.962008, 49.303265, 0], [37.967716, 49.286555, 0], [37.979567, 49.282252, 0], [37.983734, 49.28089, 0], [37.98938, 49.283586, 0], [37.997847, 49.283115, 0], [37.999277, 49.28581, 0], [38.002595, 49.288282, 0], [38.008788, 49.28801, 0], [38.012922, 49.285051, 0], [38.006727, 49.273896, 0], [38.014016, 49.268431, 0], [38.009803, 49.261509, 0], [37.997876, 49.252128, 0], [37.9670076, 49.2438865, 0], [37.9559195, 49.2482486, 0], [37.9500259, 49.2479101, 0], [37.9500332, 49.2466768, 0], [37.953817, 49.2454436, 0], [37.9502621, 49.2441543, 0], [37.9491714, 49.2417166, 0], [37.9564918, 49.2402874, 0], [37.9510069, 49.2363778, 0], [37.935564, 49.239305, 0], [37.919478, 49.245847, 0], [37.915586, 49.242748, 0], [37.91873, 49.226813, 0], [37.898306, 49.224458, 0], [37.895111, 49.226009, 0], [37.887527, 49.226464, 0], [37.876396, 49.226102, 0], [37.878299, 49.221606, 0], [37.884149, 49.220472, 0], [37.883474, 49.213581, 0], [37.88074, 49.208092, 0], [37.892682, 49.200398, 0], [37.8839, 49.192806, 0], [37.842278, 49.1906, 0], [37.839223, 49.186051, 0], [37.814419, 49.185799, 0], [37.805966, 49.180848, 0], [37.794786, 49.183885, 0], [37.79455, 49.185673, 0], [37.783937, 49.188134, 0], [37.780561, 49.185225, 0], [37.776544, 49.182906, 0], [37.759911, 49.185634, 0], [37.755336, 49.181574, 0], [37.749046, 49.178692, 0], [37.7500095, 49.174491, 0], [37.7638464, 49.1668115, 0], [37.764481, 49.163179, 0], [37.74892, 49.14743, 0], [37.745681, 49.142893, 0], [37.747495, 49.137986, 0], [37.7536, 49.136166, 0], [37.7472985, 49.1297186, 0], [37.7240818, 49.1332643, 0], [37.7095327, 49.1268678, 0], [37.7003972, 49.1302842, 0], [37.6886444, 49.1282404, 0], [37.6789513, 49.1176016, 0], [37.6784489, 49.1053093, 0], [37.6964577, 49.1050632, 0], [37.703824, 49.110266, 0], [37.715115, 49.1071085, 0], [37.714108, 49.102253, 0], [37.7103, 49.101567, 0], [37.6955048, 49.0996444, 0], [37.6818175, 49.0970408, 0], [37.6839874, 49.0942648, 0], [37.706926, 49.089239, 0], [37.721735, 49.088379, 0], [37.720738, 49.082395, 0], [37.7130459, 49.0691004, 0], [37.7220394, 49.0648366, 0], [37.747419, 49.0631634, 0], [37.783585, 49.071062, 0], [37.8203985, 49.0698701, 0], [37.8399829, 49.0784861, 0], [37.8608946, 49.0814076, 0], [37.86619, 49.074126, 0], [37.866655, 49.072194, 0], [37.869523, 49.071161, 0], [37.883844, 49.077528, 0], [37.900901, 49.081013, 0], [37.917712, 49.081798, 0], [37.935568, 49.073383, 0], [37.955772, 49.067824, 0], [37.968105, 49.060994, 0], [37.966102, 49.048272, 0], [37.95489, 49.038881, 0], [37.961283, 49.033357, 0], [37.951235, 49.024341, 0], [37.940268, 49.023416, 0], [37.94156, 49.019807, 0], [37.938389, 49.019295, 0], [37.940453, 49.013688, 0], [37.945692, 49.009082, 0], [37.956422, 49.009206, 0], [37.967442, 49.002176, 0], [37.98064, 48.989903, 0], [37.975829, 48.986475, 0], [37.965441, 48.98459, 0], [37.96838, 48.976538, 0], [37.9669839, 48.9697606, 0], [37.9247142, 48.9659619, 0], [37.8829035, 48.9599471, 0], [37.8789452, 48.9514532, 0], [37.8816009, 48.9299537, 0], [37.9192613, 48.9123972, 0], [37.930705, 48.9150088, 0], [37.935628, 48.9273212, 0], [37.933803, 48.9368311, 0], [37.9357549, 48.941323, 0], [37.9502394, 48.9407359, 0], [37.9537381, 48.9459549, 0], [37.9653286, 48.9419142, 0], [37.9661973, 48.9378116, 0], [37.9548639, 48.9296861, 0], [37.9404422, 48.9187692, 0], [37.9370505, 48.9087543, 0], [37.9299934, 48.9005092, 0], [37.9322546, 48.898336, 0], [37.9315117, 48.8909146, 0], [37.9269365, 48.8854383, 0], [37.9149421, 48.875648, 0], [37.9165489, 48.8719308, 0], [37.9554431, 48.874034, 0], [38.0015256, 48.8854813, 0], [38.0069113, 48.8935377, 0], [38.022576, 48.8987009, 0], [38.031208, 48.917192, 0], [38.0384761, 48.9264165, 0], [38.0902933, 48.9400567, 0], [38.132843, 48.924137, 0], [38.142769, 48.933357, 0], [38.195775, 48.928016, 0], [38.23259, 48.940945, 0], [38.233873, 48.95314, 0], [38.258858, 48.969268, 0], [38.241062, 49.005535, 0], [38.262698, 49.024532, 0], [38.299791, 49.024992, 0], [38.691727, 48.729363, 0]]]}, "properties": {"name": "Окуповано /// Occupied /// geoJSON.status.occupied", "styleUrl": "#poly-A52714-1000-77-nodesc", "styleHash": "433e000a", "styleMapHash": {"normal": "#poly-A52714-1000-77-nodesc-normal", "highlight": "#poly-A52714-1000-77-nodesc-highlight"}, "stroke-opacity": 1, "stroke": "#a52714", "stroke-width": 1, "fill-opacity": 0.30196078431372547, "fill": "#a52714"}}, {"type": "Feature", "geometry": {"type": "Polygon", "coordinates": [[[44.4841, 42.411842, 0], [44.449043, 42.458435, 0], [44.420666, 42.464368, 0], [44.39995, 42.464035, 0], [44.391136, 42.459938, 0], [44.375057, 42.472704, 0], [44.357057, 42.469208, 0], [44.342393, 42.47974, 0], [44.338836, 42.488548, 0], [44.334482, 42.492825, 0], [44.356352, 42.503945, 0], [44.376559, 42.503811, 0], [44.38014, 42.510072, 0], [44.37163, 42.514216, 0], [44.363597, 42.52489, 0], [44.354774, 42.523268, 0], [44.347272, 42.52739, 0], [44.345066, 42.547032, 0], [44.326454, 42.551163, 0], [44.31011, 42.561762, 0], [44.307259, 42.578753, 0], [44.288928, 42.595276, 0], [44.279759, 42.597721, 0], [44.267879, 42.60545, 0], [44.263012, 42.601385, 0], [44.255551, 42.599042, 0], [44.252124, 42.596509, 0], [44.251152, 42.592518, 0], [44.249151, 42.59166, 0], [44.246464, 42.59333, 0], [44.241732, 42.601534, 0], [44.234338, 42.608347, 0], [44.230639, 42.606194, 0], [44.22673, 42.610424, 0], [44.228828, 42.616546, 0], [44.2325, 42.622792, 0], [44.231247, 42.624716, 0], [44.23171, 42.626765, 0], [44.231705, 42.627588, 0], [44.230048, 42.629484, 0], [44.223891, 42.631068, 0], [44.219902, 42.630528, 0], [44.216814, 42.632006, 0], [44.212528, 42.631931, 0], [44.210822, 42.630645, 0], [44.203803, 42.630977, 0], [44.202983, 42.632272, 0], [44.198082, 42.632969, 0], [44.194801, 42.635499, 0], [44.192874, 42.635255, 0], [44.192798, 42.633252, 0], [44.189897, 42.633034, 0], [44.184781, 42.62906, 0], [44.183992, 42.622248, 0], [44.180527, 42.621002, 0], [44.172223, 42.613961, 0], [44.166774, 42.612763, 0], [44.162658, 42.606987, 0], [44.155886, 42.608099, 0], [44.149567, 42.605879, 0], [44.139649, 42.61137, 0], [44.116372, 42.619068, 0], [44.106209, 42.617284, 0], [44.091115, 42.609922, 0], [44.088564, 42.606376, 0], [44.063459, 42.601617, 0], [44.052213, 42.605109, 0], [44.022183, 42.598335, 0], [44.008467, 42.591353, 0], [43.988589, 42.569039, 0], [43.972525, 42.561313, 0], [43.971642, 42.55294, 0], [43.962834, 42.548085, 0], [43.959294, 42.552794, 0], [43.952212, 42.553358, 0], [43.945093, 42.550441, 0], [43.944587, 42.552953, 0], [43.948727, 42.555955, 0], [43.948082, 42.559176, 0], [43.944387, 42.563851, 0], [43.936994, 42.562073, 0], [43.913275, 42.570405, 0], [43.910467, 42.575943, 0], [43.90348, 42.57631, 0], [43.897867, 42.579205, 0], [43.89272, 42.577475, 0], [43.889633, 42.57903, 0], [43.884147, 42.578602, 0], [43.882099, 42.581032, 0], [43.875258, 42.581088, 0], [43.874964, 42.58474, 0], [43.867123, 42.590454, 0], [43.840777, 42.599349, 0], [43.834431, 42.599191, 0], [43.827747, 42.594006, 0], [43.816948, 42.594687, 0], [43.809415, 42.600978, 0], [43.788848, 42.597876, 0], [43.77527, 42.589722, 0], [43.755166, 42.60002, 0], [43.75547, 42.617581, 0], [43.727915, 42.630466, 0], [43.716744, 42.634003, 0], [43.733544, 42.643608, 0], [43.736933, 42.648678, 0], [43.742341, 42.647706, 0], [43.760032, 42.654354, 0], [43.77292, 42.673629, 0], [43.779633, 42.677252, 0], [43.789321, 42.698318, 0], [43.808721, 42.720778, 0], [43.809076, 42.73695, 0], [43.804276, 42.743796, 0], [43.799476, 42.74459, 0], [43.787809, 42.712424, 0], [43.771325, 42.702049, 0], [43.7466, 42.683917, 0], [43.735265, 42.683701, 0], [43.709846, 42.685286, 0], [43.718406, 42.671674, 0], [43.699086, 42.647234, 0], [43.650177, 42.6433, 0], [43.57709, 42.576782, 0], [43.592975, 42.549862, 0], [43.615129, 42.541543, 0], [43.603142, 42.526932, 0], [43.606651, 42.48254, 0], [43.585976, 42.4699, 0], [43.595526, 42.406074, 0], [43.624232, 42.386358, 0], [43.608186, 42.364678, 0], [43.593957, 42.355306, 0], [43.618357, 42.339112, 0], [43.667861, 42.334691, 0], [43.672049, 42.30844, 0], [43.617281, 42.277752, 0], [43.599708, 42.210558, 0], [43.630201, 42.201817, 0], [43.636278, 42.190824, 0], [43.634457, 42.181352, 0], [43.65485, 42.168004, 0], [43.68156, 42.16548, 0], [43.683638, 42.165584, 0], [43.68416, 42.165354, 0], [43.684603, 42.164678, 0], [43.685467, 42.164361, 0], [43.686532, 42.163694, 0], [43.687426, 42.162147, 0], [43.688936, 42.161326, 0], [43.689618, 42.161133, 0], [43.690193, 42.160398, 0], [43.690768, 42.160061, 0], [43.691724, 42.15972, 0], [43.692264, 42.159198, 0], [43.69227, 42.158837, 0], [43.691714, 42.158365, 0], [43.691762, 42.157994, 0], [43.69248, 42.157108, 0], [43.693486, 42.156451, 0], [43.694062, 42.155358, 0], [43.695449, 42.154764, 0], [43.696041, 42.153809, 0], [43.698237, 42.152627, 0], [43.697964, 42.151719, 0], [43.698018, 42.149807, 0], [43.699662, 42.147865, 0], [43.704782, 42.14395, 0], [43.707297, 42.143121, 0], [43.709153, 42.145345, 0], [43.711319, 42.145974, 0], [43.710759, 42.147996, 0], [43.713673, 42.148317, 0], [43.71566, 42.151314, 0], [43.716331, 42.151373, 0], [43.716576, 42.154133, 0], [43.716167, 42.15488, 0], [43.715583, 42.155507, 0], [43.715275, 42.155656, 0], [43.714636, 42.155682, 0], [43.714132, 42.155798, 0], [43.713745, 42.156121, 0], [43.713614, 42.156512, 0], [43.71331, 42.156865, 0], [43.712381, 42.157428, 0], [43.711766, 42.158315, 0], [43.711481, 42.158641, 0], [43.711383, 42.159468, 0], [43.711766, 42.159929, 0], [43.713068, 42.160692, 0], [43.716606, 42.160492, 0], [43.717566, 42.16022, 0], [43.721331, 42.159247, 0], [43.722768, 42.159717, 0], [43.724588, 42.160603, 0], [43.725463, 42.160583, 0], [43.729811, 42.159221, 0], [43.732626, 42.159584, 0], [43.732635, 42.160612, 0], [43.727201, 42.163993, 0], [43.725859, 42.167956, 0], [43.726608, 42.168251, 0], [43.731885, 42.165986, 0], [43.731936, 42.1655, 0], [43.73268, 42.164255, 0], [43.733188, 42.163853, 0], [43.733654, 42.163152, 0], [43.734093, 42.162767, 0], [43.73452, 42.162299, 0], [43.735067, 42.161908, 0], [43.735936, 42.161851, 0], [43.737587, 42.161133, 0], [43.738723, 42.160492, 0], [43.737133, 42.162217, 0], [43.736463, 42.163915, 0], [43.737054, 42.166581, 0], [43.738483, 42.16645, 0], [43.739303, 42.166752, 0], [43.739462, 42.16699, 0], [43.73979, 42.167108, 0], [43.743036, 42.168963, 0], [43.749812, 42.166211, 0], [43.769594, 42.16547, 0], [43.770216, 42.161344, 0], [43.785461, 42.159534, 0], [43.80184, 42.162446, 0], [43.808915, 42.161165, 0], [43.809826, 42.159858, 0], [43.80938, 42.153542, 0], [43.812762, 42.150893, 0], [43.802643, 42.14716, 0], [43.798785, 42.148857, 0], [43.790676, 42.149706, 0], [43.784901, 42.148802, 0], [43.782879, 42.146239, 0], [43.787745, 42.141493, 0], [43.791293, 42.140679, 0], [43.79238, 42.141704, 0], [43.795928, 42.140879, 0], [43.796507, 42.134071, 0], [43.791155, 42.132416, 0], [43.791569, 42.129616, 0], [43.79684, 42.129521, 0], [43.797587, 42.123776, 0], [43.805943, 42.124086, 0], [43.808291, 42.11943, 0], [43.813281, 42.120416, 0], [43.816034, 42.115689, 0], [43.819728, 42.11638, 0], [43.82282, 42.113774, 0], [43.824731, 42.11518, 0], [43.834549, 42.111351, 0], [43.838598, 42.107463, 0], [43.848948, 42.110294, 0], [43.858158, 42.128645, 0], [43.857527, 42.133109, 0], [43.862919, 42.133494, 0], [43.867289, 42.1306, 0], [43.873337, 42.132908, 0], [43.867992, 42.136736, 0], [43.872272, 42.140432, 0], [43.873339, 42.143393, 0], [43.871812, 42.146688, 0], [43.873151, 42.154603, 0], [43.869744, 42.157844, 0], [43.866233, 42.159958, 0], [43.865987, 42.163197, 0], [43.867858, 42.163668, 0], [43.868621, 42.165128, 0], [43.86896, 42.166765, 0], [43.869065, 42.168553, 0], [43.874825, 42.168907, 0], [43.878907, 42.167143, 0], [43.880476, 42.162254, 0], [43.890057, 42.159745, 0], [43.894827, 42.163134, 0], [43.898997, 42.164189, 0], [43.903511, 42.168599, 0], [43.904794, 42.169152, 0], [43.906509, 42.17193, 0], [43.912345, 42.178503, 0], [43.914619, 42.180454, 0], [43.916465, 42.183422, 0], [43.916249, 42.184737, 0], [43.913652, 42.188129, 0], [43.913899, 42.190302, 0], [43.915481, 42.192756, 0], [43.916465, 42.193172, 0], [43.917988, 42.195287, 0], [43.917804, 42.196981, 0], [43.916254, 42.19964, 0], [43.917581, 42.200334, 0], [43.918116, 42.201348, 0], [43.92113, 42.200854, 0], [43.924526, 42.201751, 0], [43.926309, 42.201787, 0], [43.929561, 42.202568, 0], [43.929471, 42.203816, 0], [43.927795, 42.20479, 0], [43.925701, 42.20728, 0], [43.938178, 42.210914, 0], [43.941289, 42.212014, 0], [43.94537, 42.209845, 0], [43.959062, 42.206115, 0], [43.961144, 42.205083, 0], [43.964803, 42.205267, 0], [43.975602, 42.200988, 0], [43.97671, 42.203108, 0], [43.977993, 42.203214, 0], [43.97915, 42.203744, 0], [43.983848, 42.203946, 0], [43.982421, 42.208211, 0], [43.98587, 42.208976, 0], [43.989483, 42.209136, 0], [43.987641, 42.215224, 0], [43.996278, 42.21592, 0], [44.005431, 42.215535, 0], [44.008489, 42.216548, 0], [44.021434, 42.217372, 0], [44.028465, 42.216291, 0], [44.032924, 42.216799, 0], [44.032751, 42.21416, 0], [44.034617, 42.215066, 0], [44.036558, 42.215265, 0], [44.03946, 42.216508, 0], [44.042328, 42.219768, 0], [44.043478, 42.226714, 0], [44.046678, 42.230974, 0], [44.061368, 42.235392, 0], [44.060646, 42.238777, 0], [44.075545, 42.238539, 0], [44.079022, 42.237866, 0], [44.08282, 42.233811, 0], [44.08695, 42.233563, 0], [44.089014, 42.231182, 0], [44.091591, 42.228054, 0], [44.091764, 42.225901, 0], [44.096313, 42.224428, 0], [44.095326, 42.22207, 0], [44.094746, 42.217268, 0], [44.086603, 42.202025, 0], [44.088797, 42.198757, 0], [44.094615, 42.196869, 0], [44.106536, 42.19726, 0], [44.112025, 42.185341, 0], [44.106487, 42.179381, 0], [44.109038, 42.17621, 0], [44.115249, 42.176819, 0], [44.118269, 42.174293, 0], [44.124672, 42.170994, 0], [44.130449, 42.170235, 0], [44.129968, 42.160234, 0], [44.129427, 42.159256, 0], [44.13025, 42.158545, 0], [44.131483, 42.158977, 0], [44.131927, 42.158968, 0], [44.131971, 42.158792, 0], [44.131597, 42.158183, 0], [44.131694, 42.15798, 0], [44.131882, 42.157975, 0], [44.132993, 42.158285, 0], [44.133359, 42.157856, 0], [44.13243, 42.157094, 0], [44.132416, 42.156836, 0], [44.132913, 42.156481, 0], [44.133199, 42.156108, 0], [44.134061, 42.155727, 0], [44.135243, 42.155934, 0], [44.135587, 42.155728, 0], [44.135512, 42.15506, 0], [44.136806, 42.154288, 0], [44.138546, 42.153528, 0], [44.141219, 42.152727, 0], [44.142395, 42.152446, 0], [44.14316, 42.151919, 0], [44.14417, 42.151465, 0], [44.144664, 42.15059, 0], [44.143269, 42.146748, 0], [44.142937, 42.143601, 0], [44.138522, 42.135123, 0], [44.136796, 42.134515, 0], [44.135328, 42.132442, 0], [44.135189, 42.129479, 0], [44.133231, 42.12752, 0], [44.13693, 42.121288, 0], [44.134102, 42.114766, 0], [44.137751, 42.112204, 0], [44.143116, 42.111767, 0], [44.155994, 42.135363, 0], [44.159706, 42.140331, 0], [44.167485, 42.140333, 0], [44.168027, 42.146126, 0], [44.180229, 42.14355, 0], [44.181438, 42.146207, 0], [44.182772, 42.146709, 0], [44.184512, 42.146864, 0], [44.186112, 42.148565, 0], [44.187555, 42.149797, 0], [44.195099, 42.14564, 0], [44.20814, 42.146584, 0], [44.213116, 42.150811, 0], [44.221783, 42.146256, 0], [44.228101, 42.140056, 0], [44.228151, 42.136167, 0], [44.223541, 42.13435, 0], [44.22175, 42.128732, 0], [44.232613, 42.119111, 0], [44.248599, 42.120602, 0], [44.25715, 42.109345, 0], [44.262432, 42.10943, 0], [44.281446, 42.111239, 0], [44.278661, 42.087318, 0], [44.259348, 42.058918, 0], [44.278353, 42.036431, 0], [44.283859, 42.051986, 0], [44.293182, 42.069544, 0], [44.308146, 42.072267, 0], [44.314083, 42.065471, 0], [44.308639, 42.056274, 0], [44.313984, 42.042625, 0], [44.334165, 42.038349, 0], [44.336016, 42.042967, 0], [44.345526, 42.042344, 0], [44.347448, 42.044136, 0], [44.364632, 42.052808, 0], [44.414944, 42.052174, 0], [44.477223, 42.046455, 0], [44.489327, 42.042573, 0], [44.48286, 42.061539, 0], [44.483606, 42.068028, 0], [44.487763, 42.068655, 0], [44.492538, 42.059106, 0], [44.508657, 42.05382, 0], [44.53131, 42.041104, 0], [44.542469, 42.048002, 0], [44.558866, 42.062158, 0], [44.547838, 42.073953, 0], [44.526358, 42.067236, 0], [44.52015, 42.091735, 0], [44.536875, 42.101494, 0], [44.54799, 42.115927, 0], [44.56694, 42.117034, 0], [44.560971, 42.13414, 0], [44.580986, 42.155675, 0], [44.566275, 42.174332, 0], [44.603057, 42.192475, 0], [44.627455, 42.192595, 0], [44.615635, 42.22648, 0], [44.619324, 42.27443, 0], [44.579019, 42.32695, 0], [44.609189, 42.364082, 0], [44.597484, 42.378094, 0], [44.54905, 42.387127, 0], [44.53272, 42.407097, 0], [44.4841, 42.411842, 0]]]}, "properties": {"name": "Окупований Цхінвальський район\n///\nOccupied Tskhinvali district /// geoJSON.territories.tskhinvali-district", "styleUrl": "#poly-FF5252-2000-77", "styleHash": "94360a6", "styleMapHash": {"normal": "#poly-FF5252-2000-77-normal", "highlight": "#poly-FF5252-2000-77-highlight"}, "description": "Окуповано з 1994 шляхом підтримки невизнаного сепаратистського руху. Повторно окуповано вводом \"миротворчого контингенту\" в 2008.<br>///<br>Occupied in 1994 in a result of unrecognized separatist movement support. Re-occupied In 2008 by \"peacemaker troops\".<br>/// geoJSON.descriptions.#36", "stroke-opacity": 1, "stroke": "#ff5252", "stroke-width": 2, "fill-opacity": 0.30196078431372547, "fill": "#ff5252"}}, {"type": "Feature", "geometry": {"type": "Polygon", "coordinates": [[[36.519242, 45.293988, 0], [36.50714, 45.295558, 0], [36.518298, 45.288856, 0], [36.533319, 45.279798, 0], [36.537782, 45.273999, 0], [36.54585, 45.26808, 0], [36.549112, 45.261314, 0], [36.571599, 45.250076, 0], [36.578294, 45.249048, 0], [36.557012, 45.267052, 0], [36.547052, 45.279677, 0], [36.531774, 45.286199, 0], [36.519242, 45.293988, 0]]]}, "properties": {"name": "Острів Тузла /// Occupied Tuzla Island /// geoJSON.territories.tuzla", "styleUrl": "#poly-880E4F-2000-77-nodesc", "styleHash": "-610e8f59", "styleMapHash": {"normal": "#poly-880E4F-2000-77-nodesc-normal", "highlight": "#poly-880E4F-2000-77-nodesc-highlight"}, "stroke-opacity": 1, "stroke": "#880e4f", "stroke-width": 2, "fill-opacity": 0.30196078431372547, "fill": "#880e4f"}}, {"type": "Feature", "geometry": {"type": "Polygon", "coordinates": [[[39.082891, 47.851604, 0], [39.109389, 47.851752, 0], [39.109535, 47.842747, 0], [39.149682, 47.842582, 0], [39.236213, 47.853953, 0], [39.241734, 47.867014, 0], [39.39045, 47.866185, 0], [39.412529, 47.830898, 0], [39.437354, 47.839834, 0], [39.44625, 47.850644, 0], [39.478474, 47.859474, 0], [39.520308, 47.825141, 0], [39.534491, 47.83253, 0], [39.542168, 47.824981, 0], [39.565587, 47.836556, 0], [39.73791, 47.827729, 0], [39.763184, 47.846537, 0], [39.762505, 47.870145, 0], [39.794941, 47.866833, 0], [39.793904, 47.915897, 0], [39.806594, 47.933666, 0], [39.805888, 47.950562, 0], [39.827391, 47.950834, 0], [39.819844, 47.967762, 0], [39.815408, 47.970866, 0], [39.815117, 47.973617, 0], [39.817538, 47.976646, 0], [39.819849, 47.977446, 0], [39.822798, 47.979535, 0], [39.823031, 47.98354, 0], [39.816717, 47.984542, 0], [39.81618, 47.992798, 0], [39.817916, 47.994778, 0], [39.813771, 47.996697, 0], [39.813736, 47.998502, 0], [39.816518, 48.000116, 0], [39.81672, 48.001463, 0], [39.810975, 48.004856, 0], [39.804541, 48.006459, 0], [39.802998, 48.007948, 0], [39.797687, 48.009306, 0], [39.795218, 48.010703, 0], [39.785081, 48.023125, 0], [39.786777, 48.025034, 0], [39.779662, 48.039336, 0], [39.877208, 48.041378, 0], [39.885886, 48.047866, 0], [39.832202, 48.0665, 0], [39.868584, 48.079444, 0], [39.87154, 48.116196, 0], [39.907357, 48.148152, 0], [39.906952, 48.168758, 0], [39.910109, 48.179389, 0], [39.936986, 48.180352, 0], [39.942623, 48.228972, 0], [40.002928, 48.223301, 0], [40.009557, 48.22457, 0], [40.005778, 48.241029, 0], [40.020776, 48.25378, 0], [40.012886, 48.266136, 0], [40.015704, 48.267401, 0], [40.014045, 48.270133, 0], [40.00965, 48.270112, 0], [39.999745, 48.28929, 0], [39.993925, 48.30071, 0], [39.993222, 48.313596, 0], [39.990989, 48.316061, 0], [39.991074, 48.316582, 0], [39.990815, 48.317082, 0], [39.986949, 48.317512, 0], [39.985311, 48.317001, 0], [39.98418, 48.316207, 0], [39.982518, 48.315704, 0], [39.980311, 48.315784, 0], [39.9789, 48.315713, 0], [39.977623, 48.315173, 0], [39.975498, 48.31432, 0], [39.974425, 48.313471, 0], [39.972492, 48.312971, 0], [39.971029, 48.311629, 0], [39.97188, 48.309716, 0], [39.970793, 48.308971, 0], [39.971236, 48.307796, 0], [39.971265, 48.307302, 0], [39.970808, 48.307084, 0], [39.968735, 48.307134, 0], [39.967636, 48.306805, 0], [39.966383, 48.306776, 0], [39.965678, 48.306403, 0], [39.965814, 48.305656, 0], [39.965441, 48.304678, 0], [39.963744, 48.303416, 0], [39.956916, 48.301479, 0], [39.956822, 48.302619, 0], [39.95666, 48.303185, 0], [39.955606, 48.303746, 0], [39.954057, 48.304012, 0], [39.952975, 48.303915, 0], [39.951971, 48.303551, 0], [39.951721, 48.30305, 0], [39.951995, 48.302392, 0], [39.951769, 48.302131, 0], [39.952219, 48.301038, 0], [39.951958, 48.300093, 0], [39.949848, 48.299401, 0], [39.949619, 48.298845, 0], [39.950836, 48.297733, 0], [39.950737, 48.297222, 0], [39.949037, 48.296715, 0], [39.948426, 48.2961, 0], [39.948411, 48.294295, 0], [39.947227, 48.294163, 0], [39.946532, 48.293784, 0], [39.945958, 48.292741, 0], [39.94481, 48.292027, 0], [39.943716, 48.29191, 0], [39.941612, 48.292849, 0], [39.938521, 48.292127, 0], [39.937703, 48.292225, 0], [39.936882, 48.291565, 0], [39.936615, 48.289958, 0], [39.937024, 48.288116, 0], [39.93664, 48.286887, 0], [39.936215, 48.285058, 0], [39.935023, 48.28377, 0], [39.934098, 48.283479, 0], [39.933277, 48.283753, 0], [39.932108, 48.28373, 0], [39.930585, 48.283285, 0], [39.930156, 48.282764, 0], [39.930286, 48.28238, 0], [39.932176, 48.281213, 0], [39.934112, 48.280735, 0], [39.934978, 48.27975, 0], [39.934695, 48.279066, 0], [39.932875, 48.279241, 0], [39.931596, 48.277992, 0], [39.929638, 48.277779, 0], [39.927869, 48.276582, 0], [39.927291, 48.275387, 0], [39.925836, 48.273969, 0], [39.925628, 48.273588, 0], [39.925899, 48.272969, 0], [39.925969, 48.27216, 0], [39.924907, 48.271485, 0], [39.922955, 48.271306, 0], [39.921069, 48.27166, 0], [39.919657, 48.271298, 0], [39.91898, 48.270601, 0], [39.917496, 48.270094, 0], [39.914829, 48.269678, 0], [39.91426, 48.269847, 0], [39.91458, 48.270755, 0], [39.915049, 48.271344, 0], [39.914753, 48.271887, 0], [39.914065, 48.271958, 0], [39.913076, 48.271193, 0], [39.911139, 48.27102, 0], [39.910269, 48.271645, 0], [39.910589, 48.272153, 0], [39.911831, 48.27277, 0], [39.912254, 48.273746, 0], [39.911385, 48.275269, 0], [39.910418, 48.276031, 0], [39.909686, 48.276012, 0], [39.909508, 48.276717, 0], [39.90822, 48.277008, 0], [39.908434, 48.278133, 0], [39.910064, 48.27901, 0], [39.909377, 48.280766, 0], [39.910753, 48.282907, 0], [39.911103, 48.285018, 0], [39.909745, 48.287526, 0], [39.910034, 48.291057, 0], [39.901336, 48.294325, 0], [39.887839, 48.304591, 0], [39.88795, 48.309434, 0], [39.858898, 48.309238, 0], [39.840832, 48.310394, 0], [39.841887, 48.318824, 0], [39.840394, 48.329117, 0], [39.845217, 48.329499, 0], [39.845593, 48.332774, 0], [39.859703, 48.334566, 0], [39.877934, 48.334073, 0], [39.918581, 48.341692, 0], [39.918603, 48.347207, 0], [39.930727, 48.348957, 0], [39.943644, 48.34812, 0], [39.947507, 48.35523, 0], [39.94253, 48.354963, 0], [39.944422, 48.357166, 0], [39.939451, 48.360773, 0], [39.940668, 48.365023, 0], [39.93675, 48.367136, 0], [39.934751, 48.372274, 0], [39.943278, 48.383791, 0], [39.941535, 48.387072, 0], [39.938309, 48.387562, 0], [39.935271, 48.384697, 0], [39.93189, 48.376929, 0], [39.926845, 48.375075, 0], [39.92122, 48.375928, 0], [39.917522, 48.379228, 0], [39.916306, 48.384231, 0], [39.914558, 48.386827, 0], [39.907802, 48.388712, 0], [39.905962, 48.390316, 0], [39.906743, 48.392269, 0], [39.917405, 48.39481, 0], [39.918644, 48.397611, 0], [39.91605, 48.40061, 0], [39.908459, 48.402052, 0], [39.906312, 48.403562, 0], [39.906484, 48.407494, 0], [39.912763, 48.41558, 0], [39.910297, 48.421956, 0], [39.895926, 48.429242, 0], [39.888817, 48.441993, 0], [39.889864, 48.443571, 0], [39.896766, 48.44422, 0], [39.898555, 48.445972, 0], [39.897326, 48.448112, 0], [39.857752, 48.463363, 0], [39.846338, 48.473712, 0], [39.847753, 48.485678, 0], [39.847884, 48.495108, 0], [39.846469, 48.499306, 0], [39.84871, 48.50284, 0], [39.853191, 48.503425, 0], [39.856659, 48.501636, 0], [39.861877, 48.501924, 0], [39.866135, 48.504775, 0], [39.866756, 48.508883, 0], [39.857486, 48.537401, 0], [39.858045, 48.545366, 0], [39.854533, 48.552999, 0], [39.85763, 48.561413, 0], [39.846829, 48.572934, 0], [39.821685, 48.578332, 0], [39.820604, 48.579285, 0], [39.825482, 48.581645, 0], [39.826311, 48.584207, 0], [39.825051, 48.586152, 0], [39.82236, 48.586636, 0], [39.812855, 48.583855, 0], [39.80861, 48.583972, 0], [39.804495, 48.585454, 0], [39.800216, 48.589553, 0], [39.796119, 48.591847, 0], [39.789985, 48.593369, 0], [39.773425, 48.592326, 0], [39.772062, 48.591601, 0], [39.770368, 48.587994, 0], [39.754759, 48.583, 0], [39.751295, 48.58209, 0], [39.75055, 48.583338, 0], [39.751054, 48.588836, 0], [39.749038, 48.590243, 0], [39.746721, 48.590673, 0], [39.744319, 48.590057, 0], [39.738743, 48.586838, 0], [39.734629, 48.585851, 0], [39.730178, 48.585919, 0], [39.726252, 48.586624, 0], [39.723379, 48.586216, 0], [39.721237, 48.584834, 0], [39.714893, 48.585248, 0], [39.702546, 48.587778, 0], [39.697765, 48.58716, 0], [39.691635, 48.586378, 0], [39.687271, 48.587084, 0], [39.671325, 48.58924, 0], [39.633431, 48.581263, 0], [39.619525, 48.583023, 0], [39.611029, 48.574051, 0], [39.601073, 48.574959, 0], [39.596866, 48.579502, 0], [39.605878, 48.585521, 0], [39.606406, 48.588618, 0], [39.600613, 48.592875, 0], [39.591386, 48.59225, 0], [39.57434, 48.581738, 0], [39.564086, 48.584599, 0], [39.569414, 48.591116, 0], [39.563564, 48.599089, 0], [39.554981, 48.598295, 0], [39.549059, 48.595854, 0], [39.549314, 48.585973, 0], [39.539875, 48.584017, 0], [39.530691, 48.585691, 0], [39.529249, 48.591218, 0], [39.535012, 48.592838, 0], [39.534191, 48.596769, 0], [39.526932, 48.598541, 0], [39.524524, 48.602638, 0], [39.529832, 48.609362, 0], [39.528054, 48.612874, 0], [39.512924, 48.62213, 0], [39.518343, 48.630272, 0], [39.511638, 48.635704, 0], [39.487882, 48.6299193, 0], [39.467219, 48.628555, 0], [39.465427, 48.633504, 0], [39.4675642, 48.6389378, 0], [39.457562, 48.638651, 0], [39.45164, 48.641033, 0], [39.449798, 48.650401, 0], [39.453385, 48.652812, 0], [39.450176, 48.655672, 0], [39.438948, 48.65494, 0], [39.420746, 48.658223, 0], [39.414232, 48.656692, 0], [39.408205, 48.661454, 0], [39.4155028, 48.6679755, 0], [39.405821, 48.673812, 0], [39.3989371, 48.6752314, 0], [39.3908693, 48.6804445, 0], [39.3911027, 48.68512, 0], [39.3786967, 48.686792, 0], [39.355953, 48.697214, 0], [39.3483161, 48.7119438, 0], [39.3729498, 48.7156244, 0], [39.3725803, 48.7206505, 0], [39.3550115, 48.7271195, 0], [39.3609339, 48.7360082, 0], [39.349266, 48.742496, 0], [39.3422472, 48.759209, 0], [39.351326, 48.763094, 0], [39.354502, 48.766828, 0], [39.3496039, 48.7693956, 0], [39.3366453, 48.7666122, 0], [39.3275431, 48.7686007, 0], [39.3286586, 48.774795, 0], [39.3245889, 48.7769257, 0], [39.311844, 48.774069, 0], [39.308832, 48.771995, 0], [39.303089, 48.765414, 0], [39.299913, 48.763038, 0], [39.292617, 48.760605, 0], [39.291494, 48.759436, 0], [39.290643, 48.756248, 0], [39.289281, 48.753683, 0], [39.28952, 48.751514, 0], [39.286434, 48.748901, 0], [39.28206, 48.748608, 0], [39.278887, 48.749339, 0], [39.276658, 48.752333, 0], [39.274776, 48.753681, 0], [39.272383, 48.753887, 0], [39.270809, 48.752759, 0], [39.270302, 48.751212, 0], [39.271675, 48.74776, 0], [39.270809, 48.743987, 0], [39.268663, 48.741949, 0], [39.264468, 48.741252, 0], [39.258535, 48.742741, 0], [39.256311, 48.74227, 0], [39.255023, 48.740685, 0], [39.255282, 48.738774, 0], [39.259229, 48.733835, 0], [39.256139, 48.726872, 0], [39.253962, 48.724402, 0], [39.253307, 48.722059, 0], [39.2539, 48.720153, 0], [39.24978, 48.712564, 0], [39.243515, 48.709619, 0], [39.239588, 48.709125, 0], [39.23599, 48.711088, 0], [39.232364, 48.711412, 0], [39.226785, 48.708977, 0], [39.224897, 48.706768, 0], [39.219404, 48.705182, 0], [39.207173, 48.6983, 0], [39.203182, 48.698611, 0], [39.200371, 48.699999, 0], [39.199148, 48.702265, 0], [39.198354, 48.705777, 0], [39.197517, 48.706485, 0], [39.196508, 48.706513, 0], [39.195106, 48.703898, 0], [39.1909, 48.69982, 0], [39.185415, 48.693399, 0], [39.181638, 48.68575, 0], [39.174249, 48.680329, 0], [39.163349, 48.675739, 0], [39.157434, 48.675379, 0], [39.151941, 48.676286, 0], [39.148672, 48.675285, 0], [39.144512, 48.670911, 0], [39.141898, 48.66665, 0], [39.141641, 48.665063, 0], [39.142671, 48.663533, 0], [39.141984, 48.660868, 0], [39.139488, 48.65964, 0], [39.127307, 48.660471, 0], [39.123187, 48.660018, 0], [39.116828, 48.656748, 0], [39.111936, 48.653347, 0], [39.103618, 48.649869, 0], [39.098554, 48.650889, 0], [39.084907, 48.650662, 0], [39.075894, 48.651626, 0], [39.07435, 48.650436, 0], [39.054866, 48.647033, 0], [39.042678, 48.646466, 0], [39.038082, 48.647185, 0], [39.035546, 48.648243, 0], [39.033447, 48.651976, 0], [39.032206, 48.652874, 0], [39.028508, 48.653006, 0], [39.019153, 48.656975, 0], [39.012372, 48.658336, 0], [39.010316, 48.660084, 0], [39.009633, 48.662626, 0], [39.01298, 48.664043, 0], [39.018559, 48.6641, 0], [39.021649, 48.662399, 0], [39.025426, 48.661974, 0], [39.027486, 48.663249, 0], [39.026284, 48.667274, 0], [39.023881, 48.669882, 0], [39.020534, 48.672262, 0], [39.020276, 48.675606, 0], [39.019582, 48.679139, 0], [39.016367, 48.680943, 0], [39.014354, 48.683427, 0], [39.015727, 48.68864, 0], [39.015548, 48.694891, 0], [39.004826, 48.696345, 0], [39.001815, 48.698007, 0], [38.999848, 48.700198, 0], [38.999505, 48.703993, 0], [38.998218, 48.707674, 0], [38.998986, 48.711196, 0], [38.996922, 48.711602, 0], [38.991923, 48.710002, 0], [38.986923, 48.710158, 0], [38.984305, 48.711828, 0], [38.984742, 48.713621, 0], [38.988862, 48.715207, 0], [38.993918, 48.716189, 0], [38.998046, 48.717472, 0], [38.999333, 48.719624, 0], [38.998389, 48.724267, 0], [38.991437, 48.730608, 0], [38.989541, 48.734987, 0], [38.984456, 48.73758, 0], [38.982203, 48.740286, 0], [38.982332, 48.742189, 0], [38.981216, 48.743845, 0], [38.978812, 48.744892, 0], [38.974997, 48.744763, 0], [38.972563, 48.743584, 0], [38.969832, 48.743746, 0], [38.966946, 48.745204, 0], [38.964092, 48.746194, 0], [38.961131, 48.746137, 0], [38.95993, 48.742911, 0], [38.961217, 48.739911, 0], [38.961045, 48.736515, 0], [38.956946, 48.734067, 0], [38.946067, 48.734449, 0], [38.943707, 48.733854, 0], [38.934009, 48.735779, 0], [38.932464, 48.736798, 0], [38.934352, 48.742911, 0], [38.937957, 48.744071, 0], [38.938858, 48.745812, 0], [38.938279, 48.746682, 0], [38.936959, 48.747117, 0], [38.935055, 48.746854, 0], [38.933665, 48.746024, 0], [38.93065, 48.745274, 0], [38.922722, 48.745005, 0], [38.921306, 48.744609, 0], [38.919967, 48.743421, 0], [38.918028, 48.742911, 0], [38.914321, 48.744383, 0], [38.912572, 48.746873, 0], [38.911135, 48.748005, 0], [38.908775, 48.74925, 0], [38.90474, 48.750608, 0], [38.901092, 48.750905, 0], [38.898818, 48.750184, 0], [38.892037, 48.750438, 0], [38.88133, 48.750184, 0], [38.880236, 48.750608, 0], [38.879077, 48.752476, 0], [38.877618, 48.752589, 0], [38.871692, 48.751305, 0], [38.863879, 48.75138, 0], [38.860955, 48.750736, 0], [38.860601, 48.749788, 0], [38.859378, 48.74959, 0], [38.855387, 48.749646, 0], [38.847148, 48.742911, 0], [38.836076, 48.723267, 0], [38.830067, 48.717038, 0], [38.808438, 48.713414, 0], [38.767067, 48.71432, 0], [38.753514, 48.718492, 0], [38.691716, 48.729363, 0], [38.674549, 48.729363, 0], [38.678412, 48.723701, 0], [38.630167, 48.721172, 0], [38.583218, 48.71987, 0], [38.578419, 48.70943, 0], [38.577732, 48.696742, 0], [38.572231, 48.689056, 0], [38.559446, 48.686695, 0], [38.548978, 48.675294, 0], [38.539451, 48.673509, 0], [38.527284, 48.674642, 0], [38.516148, 48.670562, 0], [38.515247, 48.666367, 0], [38.496708, 48.663192, 0], [38.480228, 48.659111, 0], [38.464428, 48.656408, 0], [38.445202, 48.655048, 0], [38.431476, 48.650492, 0], [38.426326, 48.638696, 0], [38.436275, 48.629243, 0], [38.441253, 48.617271, 0], [38.438793, 48.611028, 0], [38.40607, 48.60193, 0], [38.402637, 48.59194, 0], [38.402637, 48.547867, 0], [38.414303, 48.520605, 0], [38.411563, 48.51058, 0], [38.405377, 48.473366, 0], [38.393024, 48.436606, 0], [38.389247, 48.432278, 0], [38.390964, 48.415874, 0], [38.367914, 48.402171, 0], [38.354228, 48.390346, 0], [38.343578, 48.384437, 0], [38.321754, 48.371053, 0], [38.290706, 48.361631, 0], [38.273689, 48.359192, 0], [38.238521, 48.386717, 0], [38.18906, 48.416533, 0], [38.163094, 48.402117, 0], [38.148548, 48.414482, 0], [38.135244, 48.419039, 0], [38.117477, 48.420805, 0], [38.113706, 48.408013, 0], [38.068504, 48.408673, 0], [38.042123, 48.409086, 0], [38.004802, 48.393954, 0], [37.978623, 48.391275, 0], [37.974959, 48.381115, 0], [37.970152, 48.380317, 0], [37.958486, 48.377104, 0], [37.950083, 48.373433, 0], [37.942264, 48.362251, 0], [37.944796, 48.35967, 0], [37.942023, 48.357463, 0], [37.934841, 48.360987, 0], [37.931785, 48.360573, 0], [37.929296, 48.35949, 0], [37.923617, 48.352797, 0], [37.918552, 48.346527, 0], [37.905496, 48.340438, 0], [37.900682, 48.323255, 0], [37.901147, 48.290882, 0], [37.89434, 48.286666, 0], [37.895347, 48.268546, 0], [37.89157, 48.255061, 0], [37.892943, 48.233569, 0], [37.896571, 48.215429, 0], [37.88333, 48.199712, 0], [37.856208, 48.192846, 0], [37.828593, 48.17515, 0], [37.824622, 48.157818, 0], [37.819855, 48.143897, 0], [37.816804, 48.132292, 0], [37.808937, 48.122079, 0], [37.804106, 48.117671, 0], [37.8002, 48.114966, 0], [37.792021, 48.104528, 0], [37.789283, 48.100177, 0], [37.773053, 48.092032, 0], [37.756436, 48.08667, 0], [37.743087, 48.086825, 0], [37.726651, 48.079582, 0], [37.725794, 48.073324, 0], [37.699702, 48.072204, 0], [37.693049, 48.069307, 0], [37.687749, 48.061894, 0], [37.694294, 48.056545, 0], [37.691199, 48.053406, 0], [37.68785, 48.054754, 0], [37.64781, 48.028944, 0], [37.622662, 48.019444, 0], [37.616482, 48.018095, 0], [37.588566, 48.016021, 0], [37.575455, 48.013961, 0], [37.573394, 48.006899, 0], [37.556143, 48.009855, 0], [37.549621, 47.997364, 0], [37.558546, 47.986451, 0], [37.549941, 47.979664, 0], [37.544791, 47.977423, 0], [37.541201, 47.974587, 0], [37.532003, 47.964588, 0], [37.525158, 47.957202, 0], [37.521854, 47.94582, 0], [37.542839, 47.932477, 0], [37.53503, 47.918015, 0], [37.5686, 47.907768, 0], [37.575907, 47.907733, 0], [37.644034, 47.886626, 0], [37.634262, 47.838423, 0], [37.634549, 47.802538, 0], [37.623169, 47.77311, 0], [37.637589, 47.751994, 0], [37.67268, 47.724717, 0], [37.764495, 47.684702, 0], [37.775529, 47.675427, 0], [37.803977, 47.660196, 0], [37.831275, 47.656729, 0], [37.852385, 47.641694, 0], [37.84586, 47.623762, 0], [37.815994, 47.585221, 0], [37.819427, 47.546303, 0], [37.892555, 47.469773, 0], [37.878478, 47.441684, 0], [37.863715, 47.426588, 0], [37.855819, 47.403124, 0], [37.856849, 47.392898, 0], [37.850326, 47.384298, 0], [37.83831, 47.378022, 0], [37.841643, 47.369022, 0], [37.851599, 47.365534, 0], [37.841743, 47.358489, 0], [37.837623, 47.352442, 0], [37.848609, 47.350116, 0], [37.859152, 47.354371, 0], [37.861212, 47.347858, 0], [37.856849, 47.343603, 0], [37.844489, 47.341974, 0], [37.829283, 47.342507, 0], [37.827323, 47.328479, 0], [37.824577, 47.321498, 0], [37.831786, 47.314981, 0], [37.834876, 47.30823, 0], [37.827666, 47.302643, 0], [37.833846, 47.285412, 0], [37.833503, 47.249301, 0], [37.811187, 47.201271, 0], [37.800544, 47.173272, 0], [37.818054, 47.119099, 0], [37.829283, 47.112742, 0], [37.83831, 47.099704, 0], [37.862171, 47.106248, 0], [37.87958, 47.106667, 0], [37.895473, 47.110921, 0], [37.983964, 47.083576, 0], [37.99023, 47.091466, 0], [37.979072, 47.09281, 0], [37.975882, 47.095683, 0], [37.993063, 47.099003, 0], [38.032545, 47.08907, 0], [38.040012, 47.091875, 0], [38.040785, 47.096257, 0], [38.054332, 47.108302, 0], [38.062671, 47.110804, 0], [38.08885, 47.105956, 0], [38.104662, 47.095627, 0], [38.122869, 47.080622, 0], [38.132826, 47.06402, 0], [38.131796, 47.053729, 0], [38.106046, 47.047179, 0], [38.080408, 47.026545, 0], [38.084988, 47.020418, 0], [38.163265, 47.065455, 0], [38.186556, 47.093712, 0], [38.211502, 47.107183, 0], [38.230118, 47.119406, 0], [38.228451, 47.122673, 0], [38.229247, 47.127085, 0], [38.231909, 47.129692, 0], [38.234068, 47.135546, 0], [38.236312, 47.139527, 0], [38.23559, 47.196129, 0], [38.234781, 47.202589, 0], [38.237378, 47.208391, 0], [38.239657, 47.208713, 0], [38.241055, 47.210114, 0], [38.241152, 47.210543, 0], [38.240825, 47.210855, 0], [38.241222, 47.211753, 0], [38.241847, 47.212166, 0], [38.241542, 47.212529, 0], [38.241893, 47.214844, 0], [38.242276, 47.215302, 0], [38.24228, 47.216212, 0], [38.24279, 47.217117, 0], [38.242505, 47.217811, 0], [38.241288, 47.218482, 0], [38.240507, 47.218336, 0], [38.239826, 47.218731, 0], [38.239897, 47.219924, 0], [38.240083, 47.220149, 0], [38.240047, 47.221361, 0], [38.23976, 47.221618, 0], [38.238759, 47.221739, 0], [38.238255, 47.222409, 0], [38.238714, 47.223216, 0], [38.238517, 47.22364, 0], [38.236442, 47.224262, 0], [38.236274, 47.2245, 0], [38.23641, 47.225413, 0], [38.236145, 47.225608, 0], [38.234648, 47.225407, 0], [38.233869, 47.225801, 0], [38.234011, 47.227113, 0], [38.233674, 47.228017, 0], [38.232862, 47.22841, 0], [38.232907, 47.22919, 0], [38.234334, 47.230986, 0], [38.235123, 47.231097, 0], [38.236248, 47.230817, 0], [38.237346, 47.231216, 0], [38.237809, 47.232043, 0], [38.239886, 47.232412, 0], [38.240751, 47.232146, 0], [38.241649, 47.232812, 0], [38.242767, 47.232683, 0], [38.246091, 47.23411, 0], [38.247703, 47.233423, 0], [38.253541, 47.233616, 0], [38.260502, 47.238316, 0], [38.288189, 47.23856, 0], [38.288043, 47.2565, 0], [38.324491, 47.256821, 0], [38.330785, 47.263449, 0], [38.330997, 47.264575, 0], [38.329143, 47.266503, 0], [38.333286, 47.268272, 0], [38.333735, 47.268938, 0], [38.33081, 47.275932, 0], [38.327633, 47.27668, 0], [38.326187, 47.277483, 0], [38.327186, 47.279544, 0], [38.323394, 47.281132, 0], [38.325766, 47.284601, 0], [38.328436, 47.284808, 0], [38.32969, 47.289612, 0], [38.333354, 47.292132, 0], [38.333739, 47.296253, 0], [38.333288, 47.296975, 0], [38.327547, 47.297527, 0], [38.327091, 47.299009, 0], [38.328204, 47.300397, 0], [38.334511, 47.301408, 0], [38.336304, 47.306408, 0], [38.220978, 47.30538, 0], [38.221472, 47.327345, 0], [38.227214, 47.32971, 0], [38.225794, 47.332115, 0], [38.222079, 47.332853, 0], [38.230493, 47.338902, 0], [38.230693, 47.343169, 0], [38.24024, 47.346223, 0], [38.246788, 47.351445, 0], [38.250461, 47.357713, 0], [38.247363, 47.361737, 0], [38.245559, 47.363193, 0], [38.258732, 47.373353, 0], [38.286492, 47.37356, 0], [38.286416, 47.391477, 0], [38.300409, 47.391514, 0], [38.302085, 47.39287, 0], [38.302022, 47.475121, 0], [38.289402, 47.476754, 0], [38.2941, 47.490745, 0], [38.295072, 47.508064, 0], [38.284908, 47.508376, 0], [38.284804, 47.544465, 0], [38.305114, 47.544851, 0], [38.31115, 47.553619, 0], [38.31097, 47.576028, 0], [38.350737, 47.576206, 0], [38.35012, 47.616689, 0], [38.456688, 47.617004, 0], [38.456275, 47.644253, 0], [38.620087, 47.64487, 0], [38.629589, 47.653336, 0], [38.629274, 47.669278, 0], [38.665887, 47.669418, 0], [38.665616, 47.697176, 0], [38.6592, 47.700057, 0], [38.670796, 47.698954, 0], [38.729124, 47.698807, 0], [38.730305, 47.680361, 0], [38.754069, 47.684888, 0], [38.773164, 47.685764, 0], [38.770869, 47.720629, 0], [38.788943, 47.737015, 0], [38.798157, 47.77844, 0], [38.788677, 47.815974, 0], [38.835102, 47.816059, 0], [38.839399, 47.864254, 0], [39.082778, 47.869927, 0], [39.082891, 47.851604, 0]]]}, "properties": {"name": "ОРДЛО /// CADR and CALR /// geoJSON.territories.ordlo", "styleUrl": "#poly-880E4F-2000-77-nodesc", "styleHash": "-610e8f59", "styleMapHash": {"normal": "#poly-880E4F-2000-77-nodesc-normal", "highlight": "#poly-880E4F-2000-77-nodesc-highlight"}, "stroke-opacity": 1, "stroke": "#880e4f", "stroke-width": 2, "fill-opacity": 0.30196078431372547, "fill": "#880e4f"}}, {"type": "Feature", "geometry": {"type": "Polygon", "coordinates": [[[35.201458, 45.523343, 0], [35.109867, 45.599025, 0], [35.050056, 45.667202, 0], [34.977053, 45.765285, 0], [34.958219, 45.760037, 0], [34.800881, 45.804735, 0], [34.796134, 45.892053, 0], [34.782879, 45.904975, 0], [34.752716, 45.910231, 0], [34.700883, 45.959179, 0], [34.651415, 45.973908, 0], [34.556042, 45.988691, 0], [34.478552, 45.946947, 0], [34.436726, 45.968164, 0], [34.382464, 46.034692, 0], [34.227754, 46.060816, 0], [34.160772, 46.08043, 0], [34.122582, 46.108122, 0], [34.038334, 46.116935, 0], [33.82395, 46.187069, 0], [33.740532, 46.185128, 0], [33.714554, 46.196894, 0], [33.6897, 46.204334, 0], [33.60668, 46.146878, 0], [33.612528, 46.138238, 0], [33.612957, 46.129148, 0], [33.616561, 46.11536, 0], [33.633038, 46.097381, 0], [33.637282, 46.081351, 0], [33.623699, 46.071722, 0], [33.611338, 46.054819, 0], [33.618724, 46.01252, 0], [33.622873, 45.997617, 0], [33.628543, 45.987604, 0], [33.629384, 45.977458, 0], [33.629688, 45.967426, 0], [33.627758, 45.958848, 0], [33.616479, 45.949068, 0], [33.617606, 45.944243, 0], [33.624497, 45.942516, 0], [33.634992, 45.941326, 0], [33.642079, 45.942885, 0], [33.647501, 45.945166, 0], [33.640135, 45.949356, 0], [33.659761, 45.954586, 0], [33.682856, 45.952803, 0], [33.692314, 45.95526, 0], [33.722964, 45.950158, 0], [33.744939, 45.95033, 0], [33.747278, 45.946685, 0], [33.751076, 45.9488, 0], [33.755784, 45.939282, 0], [33.757987, 45.934494, 0], [33.756027, 45.931109, 0], [33.749506, 45.928276, 0], [33.730928, 45.930188, 0], [33.720244, 45.924636, 0], [33.701995, 45.911004, 0], [33.697545, 45.911367, 0], [33.691971, 45.913471, 0], [33.687773, 45.912752, 0], [33.680094, 45.90854, 0], [33.676214, 45.903954, 0], [33.675115, 45.898868, 0], [33.678367, 45.885139, 0], [33.679953, 45.875048, 0], [33.679077, 45.867314, 0], [33.684716, 45.858888, 0], [33.684191, 45.850098, 0], [33.674126, 45.857432, 0], [33.661598, 45.86426, 0], [33.662233, 45.871524, 0], [33.654663, 45.875233, 0], [33.642234, 45.876325, 0], [33.634096, 45.882614, 0], [33.616272, 45.892143, 0], [33.593725, 45.885292, 0], [33.581653, 45.871206, 0], [33.568716, 45.874008, 0], [33.55864, 45.86172, 0], [33.551715, 45.851628, 0], [33.548213, 45.843531, 0], [33.542129, 45.840258, 0], [33.537116, 45.845796, 0], [33.527171, 45.849723, 0], [33.517655, 45.846594, 0], [33.507622, 45.841072, 0], [33.50089, 45.848355, 0], [33.520062, 45.857708, 0], [33.544102, 45.880335, 0], [33.540593, 45.884913, 0], [33.517951, 45.867777, 0], [33.482974, 45.854396, 0], [33.432207, 45.838576, 0], [33.41709, 45.830205, 0], [33.373494, 45.797187, 0], [33.32241, 45.775037, 0], [33.280613, 45.76267, 0], [33.23866, 45.752804, 0], [33.21192, 45.757728, 0], [33.182114, 45.773902, 0], [33.172486, 45.786603, 0], [33.180625, 45.797211, 0], [33.185831, 45.807952, 0], [33.182338, 45.80993, 0], [33.175838, 45.805742, 0], [33.165737, 45.78827, 0], [33.159184, 45.749182, 0], [33.152919, 45.733355, 0], [33.1378, 45.719814, 0], [33.127908, 45.719842, 0], [33.114638, 45.712775, 0], [33.095704, 45.715503, 0], [33.077681, 45.707393, 0], [33.0691, 45.706833, 0], [33.050144, 45.696959, 0], [33.017154, 45.687009, 0], [33.006337, 45.679383, 0], [32.999393, 45.681147, 0], [32.908691, 45.640338, 0], [32.82504, 45.590611, 0], [32.820181, 45.586841, 0], [32.820129, 45.584393, 0], [32.821299, 45.58301, 0], [32.829252, 45.583603, 0], [32.837291, 45.583354, 0], [32.841008, 45.582406, 0], [32.843556, 45.576834, 0], [32.843141, 45.570597, 0], [32.840648, 45.56511, 0], [32.833962, 45.560234, 0], [32.825974, 45.55733, 0], [32.820317, 45.559825, 0], [32.793178, 45.56389, 0], [32.772105, 45.557869, 0], [32.736877, 45.543007, 0], [32.72322, 45.533026, 0], [32.691784, 45.523882, 0], [32.59058, 45.48558, 0], [32.562144, 45.470223, 0], [32.538208, 45.454884, 0], [32.524271, 45.438872, 0], [32.500388, 45.424663, 0], [32.48807, 45.407956, 0], [32.479703, 45.404263, 0], [32.478939, 45.389163, 0], [32.488644, 45.384988, 0], [32.507445, 45.381957, 0], [32.513458, 45.372038, 0], [32.510377, 45.360884, 0], [32.489453, 45.346136, 0], [32.551846, 45.332385, 0], [32.569816, 45.332888, 0], [32.578538, 45.327642, 0], [32.599462, 45.325318, 0], [32.622109, 45.317634, 0], [32.65299, 45.313322, 0], [32.675688, 45.320614, 0], [32.685502, 45.332102, 0], [32.712159, 45.341307, 0], [32.735393, 45.354972, 0], [32.76522, 45.363836, 0], [32.84671, 45.365264, 0], [32.907019, 45.359436, 0], [32.966765, 45.336694, 0], [32.991848, 45.322499, 0], [33.035244, 45.29016, 0], [33.062776, 45.27566, 0], [33.081231, 45.258421, 0], [33.093199, 45.248834, 0], [33.107907, 45.23151, 0], [33.124087, 45.225712, 0], [33.138912, 45.216317, 0], [33.143404, 45.20709, 0], [33.148825, 45.202143, 0], [33.157326, 45.198774, 0], [33.165826, 45.19347, 0], [33.179821, 45.187651, 0], [33.185236, 45.183717, 0], [33.201984, 45.183225, 0], [33.225292, 45.174695, 0], [33.234348, 45.168219, 0], [33.245939, 45.156938, 0], [33.257295, 45.147804, 0], [33.268036, 45.145629, 0], [33.27516, 45.145901, 0], [33.284289, 45.148276, 0], [33.288293, 45.154105, 0], [33.296035, 45.157719, 0], [33.300138, 45.162027, 0], [33.29792, 45.165633, 0], [33.298963, 45.167787, 0], [33.301221, 45.170642, 0], [33.305239, 45.17277, 0], [33.310057, 45.1741, 0], [33.318394, 45.174581, 0], [33.325143, 45.174125, 0], [33.331548, 45.171883, 0], [33.350015, 45.173699, 0], [33.358429, 45.178252, 0], [33.37497, 45.183679, 0], [33.380282, 45.185909, 0], [33.376286, 45.18766, 0], [33.376436, 45.191845, 0], [33.38275, 45.196471, 0], [33.391196, 45.197375, 0], [33.400771, 45.196065, 0], [33.408547, 45.193444, 0], [33.415989, 45.191404, 0], [33.432652, 45.184093, 0], [33.450854, 45.174238, 0], [33.480757, 45.155892, 0], [33.509265, 45.13445, 0], [33.536378, 45.109551, 0], [33.56149, 45.081073, 0], [33.58086, 45.050881, 0], [33.602595, 44.997973, 0], [33.604377, 44.980471, 0], [33.597652, 44.97655, 0], [33.610962, 44.925721, 0], [33.610592, 44.899319, 0], [33.606448, 44.871702, 0], [33.6052, 44.866386, 0], [33.600863, 44.857663, 0], [33.594636, 44.847578, 0], [33.590643, 44.845722, 0], [33.586864, 44.847, 0], [33.578964, 44.840487, 0], [33.569694, 44.838843, 0], [33.561031, 44.842318, 0], [33.556915, 44.840587, 0], [33.55297, 44.841655, 0], [33.548513, 44.834598, 0], [33.550231, 44.822242, 0], [33.549545, 44.810828, 0], [33.547143, 44.81013, 0], [33.54552, 44.80417, 0], [33.540633, 44.802652, 0], [33.533513, 44.792608, 0], [33.540722, 44.761758, 0], [33.539777, 44.744321, 0], [33.547583, 44.724445, 0], [33.545774, 44.707798, 0], [33.547442, 44.698563, 0], [33.546363, 44.677979, 0], [33.541864, 44.658932, 0], [33.535667, 44.64599, 0], [33.531191, 44.641107, 0], [33.525691, 44.638362, 0], [33.52105, 44.640258, 0], [33.512474, 44.633149, 0], [33.508271, 44.631916, 0], [33.494615, 44.617766, 0], [33.450155, 44.615946, 0], [33.373305, 44.584056, 0], [33.403694, 44.553239, 0], [33.46013, 44.522891, 0], [33.472733, 44.511135, 0], [33.486243, 44.494968, 0], [33.506071, 44.500846, 0], [33.554048, 44.486877, 0], [33.601948, 44.491739, 0], [33.627013, 44.479579, 0], [33.63834, 44.458687, 0], [33.64553, 44.421924, 0], [33.673869, 44.412807, 0], [33.702892, 44.416926, 0], [33.733092, 44.383332, 0], [33.759005, 44.386932, 0], [33.778737, 44.381452, 0], [33.846027, 44.401142, 0], [33.882423, 44.400268, 0], [33.939412, 44.389646, 0], [33.963406, 44.38885, 0], [34.034986, 44.403674, 0], [34.057232, 44.416521, 0], [34.128936, 44.427878, 0], [34.171984, 44.491011, 0], [34.260362, 44.507556, 0], [34.308946, 44.552088, 0], [34.320135, 44.551094, 0], [34.334843, 44.545507, 0], [34.349035, 44.546767, 0], [34.349805, 44.57185, 0], [34.354354, 44.585681, 0], [34.375816, 44.591703, 0], [34.377892, 44.612309, 0], [34.38342, 44.615877, 0], [34.389678, 44.628884, 0], [34.403924, 44.639751, 0], [34.412176, 44.658807, 0], [34.432149, 44.682765, 0], [34.474964, 44.715071, 0], [34.544614, 44.741006, 0], [34.625628, 44.773956, 0], [34.677858, 44.787856, 0], [34.728811, 44.807825, 0], [34.747987, 44.807058, 0], [34.763731, 44.815057, 0], [34.830931, 44.816908, 0], [34.845166, 44.813296, 0], [34.912095, 44.81577, 0], [34.920318, 44.82153, 0], [34.920988, 44.828751, 0], [34.935034, 44.830042, 0], [34.942529, 44.833842, 0], [34.967823, 44.838027, 0], [34.980991, 44.834465, 0], [34.988701, 44.828075, 0], [35.0007, 44.83203, 0], [35.029503, 44.828249, 0], [35.047274, 44.814837, 0], [35.043666, 44.799459, 0], [35.064425, 44.797108, 0], [35.081062, 44.790612, 0], [35.09398, 44.801375, 0], [35.111022, 44.80702, 0], [35.118455, 44.81723, 0], [35.133101, 44.822812, 0], [35.130569, 44.829311, 0], [35.139391, 44.861252, 0], [35.144155, 44.867002, 0], [35.156245, 44.886911, 0], [35.169311, 44.900247, 0], [35.177573, 44.900936, 0], [35.190556, 44.907887, 0], [35.205602, 44.910216, 0], [35.216612, 44.909005, 0], [35.243653, 44.916792, 0], [35.25652, 44.938423, 0], [35.249825, 44.952823, 0], [35.258409, 44.960904, 0], [35.271282, 44.967596, 0], [35.283641, 44.96616, 0], [35.294987, 44.959711, 0], [35.301518, 44.965776, 0], [35.322807, 44.966441, 0], [35.322466, 44.95921, 0], [35.344315, 44.964188, 0], [35.351803, 44.954952, 0], [35.382973, 44.943891, 0], [35.394038, 44.954933, 0], [35.356103, 44.97733, 0], [35.358416, 44.985552, 0], [35.366739, 44.992559, 0], [35.395224, 44.999343, 0], [35.428693, 45.012912, 0], [35.412652, 45.025778, 0], [35.385966, 45.035246, 0], [35.389399, 45.049444, 0], [35.414638, 45.07541, 0], [35.451063, 45.097366, 0], [35.541346, 45.125861, 0], [35.58496, 45.129359, 0], [35.62977, 45.122303, 0], [35.692135, 45.104626, 0], [35.748793, 45.081465, 0], [35.777878, 45.066304, 0], [35.785327, 45.057628, 0], [35.804886, 45.045558, 0], [35.814483, 45.033306, 0], [35.810165, 45.021418, 0], [35.821947, 45.019203, 0], [35.82978, 45.014076, 0], [35.834113, 45.0091, 0], [35.828278, 45.004552, 0], [35.834801, 44.999213, 0], [35.842096, 44.998366, 0], [35.870587, 45.004186, 0], [35.879342, 45.009765, 0], [35.900286, 45.014189, 0], [35.907658, 45.018079, 0], [35.925851, 45.019111, 0], [35.954083, 45.011219, 0], [35.984215, 45.022859, 0], [35.994952, 45.03511, 0], [36.012561, 45.044932, 0], [36.035405, 45.049216, 0], [36.07129, 45.048252, 0], [36.160037, 45.035925, 0], [36.201045, 45.033023, 0], [36.213493, 45.02807, 0], [36.225684, 45.026816, 0], [36.24793, 45.04068, 0], [36.249153, 45.047687, 0], [36.282137, 45.05499, 0], [36.309329, 45.057922, 0], [36.337724, 45.058302, 0], [36.372884, 45.057475, 0], [36.390978, 45.065359, 0], [36.440096, 45.083327, 0], [36.456018, 45.095623, 0], [36.454606, 45.105555, 0], [36.439699, 45.116727, 0], [36.43318, 45.117691, 0], [36.425628, 45.128893, 0], [36.4258, 45.134402, 0], [36.422542, 45.136938, 0], [36.421428, 45.152916, 0], [36.417779, 45.164294, 0], [36.407778, 45.172889, 0], [36.407734, 45.193404, 0], [36.403912, 45.214162, 0], [36.412019, 45.225877, 0], [36.423049, 45.23723, 0], [36.423707, 45.245262, 0], [36.435783, 45.258066, 0], [36.43962, 45.271622, 0], [36.436333, 45.276239, 0], [36.426012, 45.27864, 0], [36.421663, 45.286584, 0], [36.435179, 45.295073, 0], [36.484438, 45.305478, 0], [36.499502, 45.318675, 0], [36.488837, 45.324608, 0], [36.47329, 45.330744, 0], [36.472041, 45.341233, 0], [36.477812, 45.349132, 0], [36.483644, 45.350864, 0], [36.518286, 45.351539, 0], [36.535225, 45.349918, 0], [36.534981, 45.345637, 0], [36.54435, 45.344735, 0], [36.564437, 45.347114, 0], [36.592338, 45.3465, 0], [36.596554, 45.345031, 0], [36.60599, 45.347733, 0], [36.612025, 45.355938, 0], [36.625643, 45.360763, 0], [36.630569, 45.360521, 0], [36.633217, 45.362811, 0], [36.630106, 45.373786, 0], [36.6335, 45.375653, 0], [36.643211, 45.377813, 0], [36.648733, 45.38292, 0], [36.641199, 45.390666, 0], [36.634642, 45.391737, 0], [36.611273, 45.407542, 0], [36.607593, 45.412573, 0], [36.611498, 45.414921, 0], [36.61553, 45.422271, 0], [36.606346, 45.42872, 0], [36.598276, 45.438662, 0], [36.587036, 45.44127, 0], [36.57528, 45.442252, 0], [36.565672, 45.436625, 0], [36.56594, 45.428443, 0], [36.554467, 45.424368, 0], [36.547831, 45.425611, 0], [36.532672, 45.42719, 0], [36.518828, 45.433521, 0], [36.506954, 45.44226, 0], [36.499746, 45.445484, 0], [36.495456, 45.450514, 0], [36.482062, 45.455771, 0], [36.470548, 45.458514, 0], [36.461093, 45.456435, 0], [36.447174, 45.460135, 0], [36.441535, 45.455406, 0], [36.442064, 45.453282, 0], [36.43401, 45.450676, 0], [36.432474, 45.447875, 0], [36.421423, 45.446002, 0], [36.415458, 45.446825, 0], [36.40184, 45.450177, 0], [36.376602, 45.463689, 0], [36.372894, 45.47138, 0], [36.357563, 45.471617, 0], [36.345514, 45.480891, 0], [36.344848, 45.484307, 0], [36.33933, 45.482513, 0], [36.340048, 45.477585, 0], [36.336302, 45.474221, 0], [36.322868, 45.471297, 0], [36.307976, 45.475414, 0], [36.293683, 45.483861, 0], [36.265345, 45.478566, 0], [36.17039, 45.472361, 0], [36.12387, 45.463618, 0], [36.068785, 45.445463, 0], [36.068942, 45.404374, 0], [36.04285, 45.384009, 0], [35.99701, 45.371491, 0], [35.941221, 45.380044, 0], [35.886842, 45.407774, 0], [35.846507, 45.446506, 0], [35.86369, 45.45422, 0], [35.87606, 45.463856, 0], [35.867831, 45.473251, 0], [35.841775, 45.474473, 0], [35.823649, 45.46632, 0], [35.817747, 45.458869, 0], [35.818368, 45.451418, 0], [35.826475, 45.440129, 0], [35.802358, 45.424293, 0], [35.748929, 45.396331, 0], [35.745726, 45.39066, 0], [35.748889, 45.384633, 0], [35.760985, 45.381258, 0], [35.753728, 45.366548, 0], [35.724851, 45.351594, 0], [35.71557, 45.338458, 0], [35.632903, 45.324584, 0], [35.525825, 45.291193, 0], [35.498759, 45.306176, 0], [35.467835, 45.307544, 0], [35.382064, 45.352514, 0], [35.311256, 45.411424, 0], [35.201458, 45.523343, 0]]]}, "properties": {"name": "Окупований Крим /// Occupied Crimea /// geoJSON.territories.crimea", "styleUrl": "#poly-880E4F-2000-77-nodesc", "styleHash": "-610e8f59", "styleMapHash": {"normal": "#poly-880E4F-2000-77-nodesc-normal", "highlight": "#poly-880E4F-2000-77-nodesc-highlight"}, "stroke-opacity": 1, "stroke": "#880e4f", "stroke-width": 2, "fill-opacity": 0.30196078431372547, "fill": "#880e4f"}}, {"type": "Feature", "geometry": {"type": "Polygon", "coordinates": [[[19.812673, 54.442388, 0], [20.068456, 54.421285, 0], [20.33212, 54.400384, 0], [20.581252, 54.378108, 0], [20.624288, 54.371651, 0], [20.660319, 54.371642, 0], [20.6912, 54.372323, 0], [21.43365, 54.326903, 0], [21.446135, 54.318238, 0], [21.509987, 54.325882, 0], [22.097301, 54.3374, 0], [22.181686, 54.338656, 0], [22.225769, 54.343659, 0], [22.298009, 54.34123, 0], [22.623559, 54.355776, 0], [22.650532, 54.354244, 0], [22.679911, 54.360309, 0], [22.710862, 54.361425, 0], [22.791315, 54.363416, 0], [22.775203, 54.375542, 0], [22.774858, 54.377835, 0], [22.770733, 54.382322, 0], [22.76643, 54.385296, 0], [22.765893, 54.387048, 0], [22.736724, 54.442513, 0], [22.704702, 54.452592, 0], [22.704029, 54.452846, 0], [22.70366, 54.453062, 0], [22.703244, 54.453386, 0], [22.702964, 54.453779, 0], [22.702866, 54.454387, 0], [22.702912, 54.471694, 0], [22.698941, 54.482036, 0], [22.69512, 54.489752, 0], [22.697425, 54.492818, 0], [22.695858, 54.499149, 0], [22.696845, 54.502239, 0], [22.695386, 54.505228, 0], [22.699335, 54.507617, 0], [22.691442, 54.511996, 0], [22.691107, 54.514975, 0], [22.689063, 54.516947, 0], [22.684975, 54.518101, 0], [22.681264, 54.525192, 0], [22.683622, 54.527815, 0], [22.683532, 54.530272, 0], [22.680264, 54.532795, 0], [22.682654, 54.537641, 0], [22.690183, 54.541156, 0], [22.69408, 54.550577, 0], [22.703936, 54.554282, 0], [22.706483, 54.560298, 0], [22.712609, 54.564365, 0], [22.701515, 54.569117, 0], [22.700613, 54.57663, 0], [22.689881, 54.579121, 0], [22.68507, 54.582806, 0], [22.684551, 54.586293, 0], [22.686938, 54.59069, 0], [22.698584, 54.59471, 0], [22.706091, 54.602752, 0], [22.719053, 54.605711, 0], [22.728514, 54.623567, 0], [22.744592, 54.626839, 0], [22.748826, 54.631104, 0], [22.748539, 54.635063, 0], [22.750627, 54.636572, 0], [22.750253, 54.638846, 0], [22.748132, 54.63942, 0], [22.747152, 54.640119, 0], [22.745191, 54.640873, 0], [22.74393, 54.641587, 0], [22.742094, 54.64207, 0], [22.741857, 54.643086, 0], [22.74473, 54.64631, 0], [22.746356, 54.647245, 0], [22.755017, 54.647228, 0], [22.75745, 54.651615, 0], [22.755577, 54.65433, 0], [22.742129, 54.657776, 0], [22.737204, 54.664072, 0], [22.73044, 54.668923, 0], [22.740608, 54.673859, 0], [22.737938, 54.679566, 0], [22.731222, 54.679862, 0], [22.726026, 54.686811, 0], [22.734178, 54.69873, 0], [22.747319, 54.705382, 0], [22.748959, 54.711041, 0], [22.741939, 54.713434, 0], [22.738885, 54.720006, 0], [22.739301, 54.72581, 0], [22.744254, 54.731076, 0], [22.765497, 54.737444, 0], [22.77572, 54.748993, 0], [22.772729, 54.751296, 0], [22.777977, 54.75261, 0], [22.784182, 54.750779, 0], [22.790069, 54.754844, 0], [22.796008, 54.753661, 0], [22.802051, 54.753871, 0], [22.806927, 54.756173, 0], [22.806896, 54.759588, 0], [22.809826, 54.761815, 0], [22.812156, 54.762854, 0], [22.81238, 54.76671, 0], [22.822272, 54.767291, 0], [22.823752, 54.765593, 0], [22.826777, 54.764391, 0], [22.829223, 54.767235, 0], [22.82961, 54.768792, 0], [22.831501, 54.769869, 0], [22.841982, 54.768753, 0], [22.843162, 54.766856, 0], [22.843784, 54.76694, 0], [22.847646, 54.77082, 0], [22.849277, 54.771401, 0], [22.849191, 54.771721, 0], [22.847988, 54.772162, 0], [22.847472, 54.774036, 0], [22.849356, 54.775308, 0], [22.858816, 54.77666, 0], [22.859265, 54.777493, 0], [22.858273, 54.778464, 0], [22.856033, 54.779764, 0], [22.855415, 54.78073, 0], [22.852891, 54.782216, 0], [22.850633, 54.783952, 0], [22.847747, 54.78465, 0], [22.847983, 54.786196, 0], [22.851009, 54.786875, 0], [22.852147, 54.787752, 0], [22.853608, 54.790048, 0], [22.856702, 54.790286, 0], [22.86083, 54.788583, 0], [22.866382, 54.789384, 0], [22.870002, 54.788924, 0], [22.873279, 54.789106, 0], [22.875229, 54.790034, 0], [22.877757, 54.791099, 0], [22.877662, 54.792831, 0], [22.87627, 54.79392, 0], [22.87263, 54.795209, 0], [22.871013, 54.796697, 0], [22.871214, 54.798684, 0], [22.873474, 54.799657, 0], [22.87436, 54.80063, 0], [22.872586, 54.805114, 0], [22.87762, 54.811757, 0], [22.879879, 54.812231, 0], [22.882336, 54.812041, 0], [22.884247, 54.81134, 0], [22.885836, 54.812139, 0], [22.886442, 54.81428, 0], [22.885458, 54.815242, 0], [22.883616, 54.815659, 0], [22.880102, 54.815504, 0], [22.877882, 54.818558, 0], [22.876016, 54.819126, 0], [22.871083, 54.819074, 0], [22.869984, 54.820445, 0], [22.871374, 54.823299, 0], [22.872954, 54.824063, 0], [22.875084, 54.823909, 0], [22.877111, 54.823107, 0], [22.87842, 54.82437, 0], [22.879665, 54.825513, 0], [22.878378, 54.828095, 0], [22.876662, 54.829303, 0], [22.876147, 54.833499, 0], [22.87134, 54.835069, 0], [22.863787, 54.835737, 0], [22.858121, 54.838456, 0], [22.858548, 54.842214, 0], [22.860091, 54.844392, 0], [22.863862, 54.846672, 0], [22.863507, 54.848068, 0], [22.864514, 54.849477, 0], [22.868074, 54.850221, 0], [22.869227, 54.852138, 0], [22.867976, 54.853562, 0], [22.863758, 54.853839, 0], [22.863047, 54.856074, 0], [22.858536, 54.857777, 0], [22.855692, 54.85802, 0], [22.848116, 54.860779, 0], [22.844464, 54.860466, 0], [22.840937, 54.861914, 0], [22.839031, 54.863921, 0], [22.83951, 54.868726, 0], [22.842698, 54.870828, 0], [22.843409, 54.875231, 0], [22.847405, 54.88137, 0], [22.854025, 54.885355, 0], [22.854997, 54.887103, 0], [22.853137, 54.888753, 0], [22.850446, 54.889879, 0], [22.847983, 54.889565, 0], [22.846318, 54.890516, 0], [22.846592, 54.895578, 0], [22.844738, 54.897607, 0], [22.841028, 54.898506, 0], [22.837384, 54.897934, 0], [22.83456, 54.898962, 0], [22.834746, 54.903783, 0], [22.830653, 54.904935, 0], [22.825213, 54.906252, 0], [22.82051, 54.911255, 0], [22.816938, 54.911393, 0], [22.812971, 54.910362, 0], [22.804059, 54.905573, 0], [22.800984, 54.901475, 0], [22.793119, 54.902556, 0], [22.786659, 54.907284, 0], [22.786438, 54.918712, 0], [22.782906, 54.923409, 0], [22.777558, 54.924517, 0], [22.768234, 54.921206, 0], [22.762293, 54.915766, 0], [22.7535, 54.917711, 0], [22.747238, 54.92298, 0], [22.752907, 54.929969, 0], [22.766305, 54.93369, 0], [22.762543, 54.936989, 0], [22.740592, 54.938454, 0], [22.738913, 54.94474, 0], [22.733835, 54.946266, 0], [22.72661, 54.95467, 0], [22.728826, 54.959425, 0], [22.724672, 54.96322, 0], [22.712242, 54.967457, 0], [22.706949, 54.972779, 0], [22.701166, 54.972583, 0], [22.698527, 54.969824, 0], [22.687754, 54.970414, 0], [22.68577, 54.980266, 0], [22.680349, 54.985454, 0], [22.672352, 54.987687, 0], [22.660823, 54.981121, 0], [22.669694, 54.968972, 0], [22.665123, 54.96359, 0], [22.652894, 54.963862, 0], [22.640108, 54.970709, 0], [22.642057, 54.982753, 0], [22.628039, 54.995486, 0], [22.617163, 55.012088, 0], [22.604331, 55.012801, 0], [22.594446, 55.031163, 0], [22.590498, 55.070006, 0], [22.572563, 55.069489, 0], [22.543639, 55.064643, 0], [22.488557, 55.046871, 0], [22.476245, 55.044555, 0], [22.465013, 55.044246, 0], [22.452746, 55.04606, 0], [22.435844, 55.052004, 0], [22.422298, 55.054057, 0], [22.394094, 55.053047, 0], [22.34721, 55.061434, 0], [22.314725, 55.061871, 0], [22.288889, 55.064698, 0], [22.249235, 55.061356, 0], [22.21739, 55.060274, 0], [22.200312, 55.055653, 0], [22.185425, 55.053791, 0], [22.156624, 55.055367, 0], [22.132504, 55.04564, 0], [22.127184, 55.032672, 0], [22.119971, 55.027197, 0], [22.10108, 55.024115, 0], [22.081833, 55.024047, 0], [22.064965, 55.027252, 0], [22.049258, 55.032491, 0], [22.037748, 55.041, 0], [22.030942, 55.051203, 0], [22.031348, 55.058158, 0], [22.04006, 55.069119, 0], [22.039636, 55.079441, 0], [22.033331, 55.083964, 0], [22.003503, 55.087501, 0], [21.981615, 55.083568, 0], [21.970005, 55.07513, 0], [21.963032, 55.07416, 0], [21.949771, 55.076938, 0], [21.916727, 55.080325, 0], [21.879478, 55.093416, 0], [21.852012, 55.096387, 0], [21.845144, 55.098989, 0], [21.821092, 55.116568, 0], [21.809029, 55.120105, 0], [21.780428, 55.118728, 0], [21.760689, 55.12295, 0], [21.747297, 55.128543, 0], [21.723779, 55.132665, 0], [21.717428, 55.136002, 0], [21.717095, 55.144008, 0], [21.713673, 55.148874, 0], [21.687596, 55.162334, 0], [21.670471, 55.16767, 0], [21.650983, 55.180304, 0], [21.618522, 55.186357, 0], [21.595134, 55.187681, 0], [21.573404, 55.19797, 0], [21.541348, 55.196671, 0], [21.524573, 55.187926, 0], [21.515056, 55.185135, 0], [21.502548, 55.185626, 0], [21.493839, 55.192093, 0], [21.487573, 55.201692, 0], [21.452353, 55.21868, 0], [21.437965, 55.2362, 0], [21.430546, 55.252591, 0], [21.415518, 55.262961, 0], [21.405348, 55.278228, 0], [21.383203, 55.294846, 0], [21.378592, 55.293756, 0], [21.376458, 55.28891, 0], [21.373981, 55.286997, 0], [21.357553, 55.285206, 0], [21.346837, 55.27889, 0], [21.336738, 55.276816, 0], [21.331648, 55.274624, 0], [21.320786, 55.26633, 0], [21.311427, 55.263041, 0], [21.306104, 55.260375, 0], [21.302672, 55.255998, 0], [21.297525, 55.252698, 0], [21.282095, 55.24908, 0], [21.272997, 55.245361, 0], [21.099148, 55.256173, 0], [20.975851, 55.279792, 0], [20.931906, 55.292305, 0], [20.851482, 55.195603, 0], [20.782322, 55.144304, 0], [20.696504, 55.07198, 0], [20.646159, 55.041853, 0], [20.600501, 55.013048, 0], [20.548456, 54.989658, 0], [20.481638, 54.964896, 0], [20.446421, 54.954268, 0], [20.380337, 54.939873, 0], [20.350317, 54.938476, 0], [20.298647, 54.945181, 0], [20.270151, 54.964403, 0], [20.21764, 54.962802, 0], [20.159144, 54.948861, 0], [20.125937, 54.945604, 0], [20.093855, 54.949914, 0], [20.020727, 54.948928, 0], [19.994641, 54.962039, 0], [19.975408, 54.963516, 0], [19.961831, 54.942463, 0], [19.944148, 54.928901, 0], [19.92597, 54.90375, 0], [19.928716, 54.858324, 0], [19.956541, 54.806492, 0], [19.956869, 54.771279, 0], [19.937643, 54.709442, 0], [19.888204, 54.653867, 0], [19.822286, 54.602989, 0], [19.632772, 54.454764, 0], [19.812673, 54.442388, 0]]]}, "properties": {"name": "Тимчасово окупована східна Пруссія.\n///\nEast Prussia is temporarily occupied.\n/// geoJSON.territories.prussia", "styleUrl": "#poly-FF5252-2000-77", "styleHash": "94360a6", "styleMapHash": {"normal": "#poly-FF5252-2000-77-normal", "highlight": "#poly-FF5252-2000-77-highlight"}, "description": "Аннексована в 1946 за результатами Другої Світової війни.<br>///<br>Annexed in 1946 in a result of WWII.<br>/// geoJSON.descriptions.#37", "stroke-opacity": 1, "stroke": "#ff5252", "stroke-width": 2, "fill-opacity": 0.30196078431372547, "fill": "#ff5252"}}, {"type": "Feature", "geometry": {"type": "Polygon", "coordinates": [[[42.040072, 43.188, 0], [42.03719, 43.198716, 0], [42.034822, 43.202925, 0], [42.02456, 43.213707, 0], [42.019101, 43.218358, 0], [42.010704, 43.218104, 0], [41.996301, 43.213596, 0], [41.985517, 43.215962, 0], [41.969102, 43.213935, 0], [41.957253, 43.204253, 0], [41.953131, 43.205956, 0], [41.950903, 43.21234, 0], [41.9467, 43.214594, 0], [41.945161, 43.223108, 0], [41.941516, 43.225717, 0], [41.910662, 43.226698, 0], [41.899526, 43.232356, 0], [41.903282, 43.23567, 0], [41.897296, 43.24211, 0], [41.898734, 43.244579, 0], [41.890598, 43.250234, 0], [41.885981, 43.251701, 0], [41.882412, 43.251852, 0], [41.878372, 43.246002, 0], [41.873516, 43.245716, 0], [41.862567, 43.243866, 0], [41.860844, 43.239479, 0], [41.865133, 43.23391, 0], [41.858779, 43.229341, 0], [41.85259, 43.216566, 0], [41.84605, 43.211282, 0], [41.833346, 43.214907, 0], [41.828496, 43.215044, 0], [41.822359, 43.21293, 0], [41.814378, 43.208952, 0], [41.809573, 43.203746, 0], [41.803692, 43.202603, 0], [41.799184, 43.206214, 0], [41.794974, 43.208556, 0], [41.792046, 43.214366, 0], [41.788078, 43.215726, 0], [41.787523, 43.219198, 0], [41.784008, 43.222764, 0], [41.773717, 43.218886, 0], [41.770889, 43.220825, 0], [41.761063, 43.225108, 0], [41.745912, 43.237646, 0], [41.73365, 43.242617, 0], [41.727394, 43.24396, 0], [41.72158, 43.24152, 0], [41.706178, 43.226259, 0], [41.702326, 43.221001, 0], [41.685358, 43.218988, 0], [41.678119, 43.228138, 0], [41.659889, 43.239161, 0], [41.652432, 43.235941, 0], [41.64201, 43.230359, 0], [41.634397, 43.222814, 0], [41.618546, 43.222023, 0], [41.615914, 43.226393, 0], [41.59371, 43.237516, 0], [41.587754, 43.2375, 0], [41.582018, 43.248722, 0], [41.576722, 43.253659, 0], [41.563258, 43.250376, 0], [41.548417, 43.267846, 0], [41.544483, 43.27103, 0], [41.505604, 43.281538, 0], [41.490401, 43.28724, 0], [41.468668, 43.305434, 0], [41.461246, 43.309337, 0], [41.455299, 43.310042, 0], [41.440185, 43.307122, 0], [41.422498, 43.316778, 0], [41.418114, 43.330597, 0], [41.412317, 43.334635, 0], [41.417849, 43.349536, 0], [41.414038, 43.356697, 0], [41.395119, 43.365979, 0], [41.384753, 43.366744, 0], [41.37545, 43.366377, 0], [41.365804, 43.370751, 0], [41.361776, 43.368824, 0], [41.355986, 43.358437, 0], [41.34278, 43.354342, 0], [41.339532, 43.347501, 0], [41.323424, 43.349046, 0], [41.317896, 43.340558, 0], [41.304131, 43.341308, 0], [41.287931, 43.338311, 0], [41.278449, 43.360458, 0], [41.259346, 43.366126, 0], [41.248176, 43.361528, 0], [41.222582, 43.381386, 0], [41.202601, 43.381964, 0], [41.182103, 43.386406, 0], [41.168914, 43.38384, 0], [41.159845, 43.389505, 0], [41.156125, 43.38886, 0], [41.156612, 43.399148, 0], [41.152893, 43.40482, 0], [41.115266, 43.399288, 0], [41.106564, 43.4056, 0], [41.097402, 43.399764, 0], [41.103113, 43.39358, 0], [41.096, 43.3862, 0], [41.0821, 43.390191, 0], [41.079444, 43.390688, 0], [41.073718, 43.387999, 0], [41.051296, 43.398118, 0], [41.042389, 43.398663, 0], [41.037257, 43.406941, 0], [41.02251, 43.41634, 0], [41.00501, 43.433467, 0], [40.985273, 43.431485, 0], [40.950953, 43.419523, 0], [40.94514, 43.42577, 0], [40.936604, 43.424545, 0], [40.930174, 43.426332, 0], [40.927478, 43.434174, 0], [40.929846, 43.44457, 0], [40.923938, 43.448912, 0], [40.894446, 43.457938, 0], [40.900608, 43.468302, 0], [40.897502, 43.478914, 0], [40.891974, 43.48245, 0], [40.89534, 43.487281, 0], [40.891083, 43.490217, 0], [40.82805, 43.489581, 0], [40.758116, 43.519788, 0], [40.738774, 43.529214, 0], [40.694018, 43.535146, 0], [40.693432, 43.548032, 0], [40.664687, 43.563902, 0], [40.621079, 43.551738, 0], [40.564021, 43.519404, 0], [40.517189, 43.522246, 0], [40.484782, 43.547493, 0], [40.45649, 43.547356, 0], [40.441927, 43.558163, 0], [40.415258, 43.552626, 0], [40.355751, 43.565938, 0], [40.343849, 43.563701, 0], [40.323492, 43.570168, 0], [40.321915, 43.576138, 0], [40.315326, 43.580617, 0], [40.305579, 43.579128, 0], [40.298446, 43.571172, 0], [40.288646, 43.575905, 0], [40.280202, 43.579121, 0], [40.273787, 43.578123, 0], [40.272287, 43.577328, 0], [40.266237, 43.580707, 0], [40.264993, 43.58104, 0], [40.265108, 43.582567, 0], [40.260422, 43.586384, 0], [40.250964, 43.586184, 0], [40.24887, 43.584291, 0], [40.241892, 43.586723, 0], [40.230038, 43.583068, 0], [40.227014, 43.580669, 0], [40.22449, 43.581034, 0], [40.223389, 43.579276, 0], [40.220157, 43.579117, 0], [40.214208, 43.575938, 0], [40.213124, 43.574804, 0], [40.211213, 43.575708, 0], [40.209622, 43.575649, 0], [40.208673, 43.574909, 0], [40.20746, 43.574736, 0], [40.203492, 43.57582, 0], [40.20019, 43.574505, 0], [40.193156, 43.575234, 0], [40.188443, 43.574017, 0], [40.181677, 43.574693, 0], [40.175615, 43.574023, 0], [40.174047, 43.575854, 0], [40.171426, 43.576533, 0], [40.168588, 43.57447, 0], [40.161281, 43.57308, 0], [40.158254, 43.575026, 0], [40.154946, 43.574441, 0], [40.152535, 43.572399, 0], [40.150447, 43.572636, 0], [40.148777, 43.571683, 0], [40.147043, 43.571626, 0], [40.145044, 43.570338, 0], [40.141895, 43.569278, 0], [40.140639, 43.56938, 0], [40.138041, 43.568216, 0], [40.137566, 43.567444, 0], [40.136014, 43.566955, 0], [40.134885, 43.567223, 0], [40.13104, 43.565022, 0], [40.129872, 43.564973, 0], [40.128738, 43.565653, 0], [40.124647, 43.566096, 0], [40.122902, 43.567696, 0], [40.121901, 43.567973, 0], [40.12101, 43.567724, 0], [40.120134, 43.56773, 0], [40.119997, 43.568453, 0], [40.119341, 43.568524, 0], [40.11817, 43.569318, 0], [40.117158, 43.569011, 0], [40.116147, 43.569255, 0], [40.114496, 43.568518, 0], [40.112706, 43.568857, 0], [40.111915, 43.569222, 0], [40.110784, 43.569177, 0], [40.110261, 43.569987, 0], [40.109128, 43.569928, 0], [40.106692, 43.569126, 0], [40.106024, 43.568299, 0], [40.103444, 43.56834, 0], [40.100902, 43.56658, 0], [40.098308, 43.565929, 0], [40.097668, 43.565325, 0], [40.097933, 43.564117, 0], [40.097261, 43.563069, 0], [40.097749, 43.562674, 0], [40.098129, 43.561393, 0], [40.094949, 43.559518, 0], [40.090735, 43.555396, 0], [40.091492, 43.551069, 0], [40.093522, 43.549134, 0], [40.091841, 43.547922, 0], [40.091709, 43.547264, 0], [40.092839, 43.546998, 0], [40.093511, 43.545875, 0], [40.092709, 43.542415, 0], [40.092651, 43.539476, 0], [40.094337, 43.538452, 0], [40.095649, 43.533852, 0], [40.0951, 43.529383, 0], [40.09228, 43.527785, 0], [40.090119, 43.523532, 0], [40.079574, 43.517639, 0], [40.076925, 43.516963, 0], [40.076124, 43.513712, 0], [40.073385, 43.51163, 0], [40.072197, 43.509832, 0], [40.064501, 43.50586, 0], [40.063872, 43.504577, 0], [40.062012, 43.503009, 0], [40.061038, 43.49981, 0], [40.05892, 43.498516, 0], [40.057344, 43.493999, 0], [40.052477, 43.487578, 0], [40.05227, 43.485634, 0], [40.051085, 43.484424, 0], [40.050321, 43.483042, 0], [40.048612, 43.482096, 0], [40.047514, 43.478895, 0], [40.045015, 43.478161, 0], [40.044996, 43.476132, 0], [40.043585, 43.4717, 0], [40.044883, 43.467133, 0], [40.041814, 43.459743, 0], [40.042456, 43.456425, 0], [40.041767, 43.453403, 0], [40.040603, 43.452, 0], [40.038833, 43.451187, 0], [40.036408, 43.449095, 0], [40.035765, 43.444661, 0], [40.033622, 43.443146, 0], [40.031739, 43.44024, 0], [40.020847, 43.431998, 0], [40.014514, 43.430908, 0], [40.013004, 43.429788, 0], [40.010586, 43.423495, 0], [40.011996, 43.422427, 0], [40.01565, 43.42177, 0], [40.016995, 43.420551, 0], [40.01522, 43.418485, 0], [40.014032, 43.413014, 0], [40.009554, 43.406343, 0], [40.009612, 43.396804, 0], [40.008184, 43.394188, 0], [40.007392, 43.390364, 0], [40.007458, 43.385791, 0], [40.05488, 43.375129, 0], [40.074462, 43.37578, 0], [40.152055, 43.339732, 0], [40.232083, 43.315376, 0], [40.245927, 43.305687, 0], [40.263822, 43.263356, 0], [40.27137, 43.192161, 0], [40.284391, 43.175089, 0], [40.343043, 43.140983, 0], [40.364943, 43.161164, 0], [40.385519, 43.169734, 0], [40.468591, 43.135436, 0], [40.514203, 43.138307, 0], [40.577623, 43.085022, 0], [40.642132, 43.089924, 0], [40.694962, 43.077278, 0], [40.859353, 43.06641, 0], [40.969947, 42.971074, 0], [41.031048, 42.988535, 0], [41.068424, 42.942969, 0], [41.093935, 42.845234, 0], [41.146136, 42.78626, 0], [41.185179, 42.781502, 0], [41.212871, 42.790184, 0], [41.302217, 42.76425, 0], [41.385171, 42.746219, 0], [41.426511, 42.718022, 0], [41.459466, 42.67669, 0], [41.487557, 42.617161, 0], [41.507733, 42.556586, 0], [41.52397, 42.48937, 0], [41.543055, 42.385312, 0], [41.557992, 42.388727, 0], [41.560157, 42.39879, 0], [41.566126, 42.40362, 0], [41.594755, 42.408954, 0], [41.601203, 42.414044, 0], [41.607283, 42.415885, 0], [41.610013, 42.414997, 0], [41.61558, 42.406361, 0], [41.61839, 42.403348, 0], [41.619802, 42.402963, 0], [41.622759, 42.40402, 0], [41.624086, 42.405235, 0], [41.625529, 42.411171, 0], [41.628932, 42.414045, 0], [41.63256, 42.414532, 0], [41.635441, 42.412846, 0], [41.637769, 42.41239, 0], [41.639506, 42.411602, 0], [41.641886, 42.411588, 0], [41.648385, 42.419678, 0], [41.653272, 42.421237, 0], [41.657615, 42.423255, 0], [41.662944, 42.428726, 0], [41.663347, 42.431812, 0], [41.65896, 42.435385, 0], [41.661945, 42.443101, 0], [41.660876, 42.445104, 0], [41.659167, 42.445437, 0], [41.657294, 42.444647, 0], [41.656724, 42.442558, 0], [41.655113, 42.44139, 0], [41.652491, 42.441842, 0], [41.651785, 42.444974, 0], [41.655652, 42.448546, 0], [41.656215, 42.450645, 0], [41.655362, 42.451921, 0], [41.651627, 42.455633, 0], [41.654608, 42.462582, 0], [41.653791, 42.467521, 0], [41.649582, 42.475754, 0], [41.654722, 42.48145, 0], [41.663626, 42.482208, 0], [41.670965, 42.491572, 0], [41.680664, 42.490428, 0], [41.685642, 42.494719, 0], [41.698688, 42.496719, 0], [41.707615, 42.501476, 0], [41.714825, 42.50061, 0], [41.721696, 42.50799, 0], [41.761184, 42.521992, 0], [41.768753, 42.531011, 0], [41.780632, 42.534879, 0], [41.79667, 42.542863, 0], [41.828735, 42.558326, 0], [41.83107, 42.562063, 0], [41.838316, 42.564856, 0], [41.844676, 42.569783, 0], [41.850529, 42.575967, 0], [41.850907, 42.585048, 0], [41.853724, 42.587408, 0], [41.854894, 42.590233, 0], [41.861357, 42.59664, 0], [41.87634, 42.605094, 0], [41.884848, 42.608482, 0], [41.889678, 42.613995, 0], [41.897107, 42.622492, 0], [41.919002, 42.629757, 0], [41.93996, 42.631027, 0], [41.951662, 42.637355, 0], [41.954296, 42.642305, 0], [41.948494, 42.650155, 0], [41.946245, 42.65939, 0], [41.938776, 42.66453, 0], [41.941974, 42.672606, 0], [41.939096, 42.693816, 0], [41.933507, 42.697678, 0], [41.926302, 42.69748, 0], [41.912698, 42.717091, 0], [41.912285, 42.725074, 0], [41.906557, 42.731548, 0], [41.906276, 42.73689, 0], [41.940355, 42.740448, 0], [41.949172, 42.744686, 0], [41.957294, 42.762197, 0], [41.954957, 42.77278, 0], [41.951084, 42.778008, 0], [41.931263, 42.777484, 0], [41.90445, 42.772782, 0], [41.89968, 42.795296, 0], [41.90121, 42.800647, 0], [41.895397, 42.808478, 0], [41.888897, 42.829601, 0], [41.881409, 42.834724, 0], [41.875514, 42.843888, 0], [41.878778, 42.850634, 0], [41.894195, 42.867024, 0], [41.904883, 42.869972, 0], [41.915437, 42.875577, 0], [41.927996, 42.877238, 0], [41.936821, 42.881468, 0], [41.940428, 42.88156, 0], [41.947182, 42.891058, 0], [41.935868, 42.896952, 0], [41.908585, 42.903346, 0], [41.904839, 42.905905, 0], [41.896319, 42.930972, 0], [41.893459, 42.950891, 0], [41.905706, 42.960532, 0], [41.903359, 42.969764, 0], [41.877634, 42.977069, 0], [41.868059, 42.987444, 0], [41.869453, 42.995493, 0], [41.881483, 43.007788, 0], [41.887963, 43.022607, 0], [41.896869, 43.025502, 0], [41.911325, 43.025872, 0], [41.925834, 43.024923, 0], [41.942096, 43.0267, 0], [41.954489, 43.032353, 0], [41.96528, 43.033965, 0], [41.975931, 43.038239, 0], [41.995298, 43.04939, 0], [42.00984, 43.048433, 0], [42.024331, 43.0488, 0], [42.043859, 43.0573, 0], [42.052434, 43.066816, 0], [42.057404, 43.076268, 0], [42.057005, 43.084254, 0], [42.071108, 43.092595, 0], [42.091854, 43.113095, 0], [42.098386, 43.126432, 0], [42.109041, 43.134814, 0], [42.117304, 43.145312, 0], [42.122162, 43.157786, 0], [42.129476, 43.161945, 0], [42.143419, 43.164749, 0], [42.150032, 43.187636, 0], [42.14401, 43.198171, 0], [42.137845, 43.217644, 0], [42.135443, 43.217173, 0], [42.130242, 43.210627, 0], [42.118123, 43.211296, 0], [42.110081, 43.208962, 0], [42.104443, 43.209504, 0], [42.102006, 43.212466, 0], [42.094333, 43.214927, 0], [42.075043, 43.205332, 0], [42.069948, 43.197718, 0], [42.057131, 43.196736, 0], [42.047399, 43.189678, 0], [42.040072, 43.188, 0]]]}, "properties": {"name": "Окупована Абхазія.\n///\nOccupied Abkhazia.\n/// geoJSON.territories.abkhazia", "styleUrl": "#poly-FF5252-2000-77", "styleHash": "94360a6", "styleMapHash": {"normal": "#poly-FF5252-2000-77-normal", "highlight": "#poly-FF5252-2000-77-highlight"}, "description": "Окуповано з 1992 шляхом підтримки невизнаного сепаратистського руху. Повторно окуповано вводом \"миротворчого контингенту\" в 2008.<br>///<br>Occupied in 1992 in a result of unrecognized separatist movement support. Re-occupied In 2008 by \"peacemaker troops\".<br>/// geoJSON.descriptions.#38", "stroke-opacity": 1, "stroke": "#ff5252", "stroke-width": 2, "fill-opacity": 0.30196078431372547, "fill": "#ff5252"}}, {"type": "Feature", "geometry": {"type": "Polygon", "coordinates": [[[27.728517, 60.391052, 0], [28.400056, 60.539307, 0], [28.548371, 60.426993, 0], [28.586228, 60.360131, 0], [28.684327, 60.325169, 0], [28.904054, 60.216206, 0], [29.03589, 60.17252, 0], [29.14647, 60.158226, 0], [29.277589, 60.156122, 0], [29.442384, 60.159197, 0], [29.614045, 60.198466, 0], [29.658546, 60.268907, 0], [29.773343, 60.345932, 0], [29.786737, 60.381466, 0], [30.002687, 60.476432, 0], [30.081651, 60.527654, 0], [30.239375, 60.539596, 0], [30.302407, 60.563107, 0], [30.704095, 60.569687, 0], [30.524537, 60.640967, 0], [30.551278, 60.729449, 0], [30.53827, 60.813038, 0], [30.464112, 60.891297, 0], [30.202409, 61.079767, 0], [30.11667, 61.099716, 0], [30.056245, 61.218295, 0], [30.289704, 61.284346, 0], [30.405702, 61.37522, 0], [30.295198, 61.408146, 0], [30.608312, 61.48405, 0], [30.795076, 61.573979, 0], [31.121919, 61.59685, 0], [31.451509, 61.555015, 0], [31.554505, 61.267186, 0], [32.004945, 61.276427, 0], [32.592713, 61.088432, 0], [32.734006, 61.383282, 0], [32.628419, 61.63602, 0], [32.870118, 61.792202, 0], [33.089845, 62.024997, 0], [33.100831, 62.261138, 0], [32.782228, 62.51066, 0], [32.134034, 62.803337, 0], [31.551759, 62.898586, 0], [31.381471, 62.685101, 0], [31.171343, 62.460924, 0], [30.914552, 62.31223, 0], [30.694825, 62.199713, 0], [30.082338, 61.822047, 0], [30.046632, 61.771749, 0], [29.823896, 61.658162, 0], [29.760987, 61.591624, 0], [29.607179, 61.510503, 0], [29.508302, 61.458054, 0], [29.325654, 61.347624, 0], [29.213481, 61.256018, 0], [28.849122, 61.124264, 0], [28.728272, 61.045912, 0], [28.656861, 60.947365, 0], [28.508546, 60.94203, 0], [28.365724, 60.869912, 0], [28.178956, 60.768137, 0], [28.140504, 60.73593, 0], [27.938106, 60.634245, 0], [27.774785, 60.526979, 0], [27.728517, 60.391052, 0]]]}, "properties": {"name": "Тимчасово окупована територія Карелії.\n///\nThe temporarily occupied territory of Karelia.\n/// geoJSON.territories.karelia", "styleUrl": "#poly-FF5252-2000-77", "styleHash": "94360a6", "styleMapHash": {"normal": "#poly-FF5252-2000-77-normal", "highlight": "#poly-FF5252-2000-77-highlight"}, "description": "Окупована в 1940 за результатами Зимової (Карело-Фінської) війни. Повторно окупована в 1945.<br>///<br>Occupied in 1940 in result of Winter (Carelo-Finnian) war. Re-occupied in 1945.<br>/// geoJSON.descriptions.#39", "stroke-opacity": 1, "stroke": "#ff5252", "stroke-width": 2, "fill-opacity": 0.30196078431372547, "fill": "#ff5252"}}, {"type": "Feature", "geometry": {"type": "Polygon", "coordinates": [[[45.123059, 43.32342, 0], [45.111715, 43.319693, 0], [45.107153, 43.27463, 0], [45.129727, 43.220658, 0], [45.125545, 43.19281, 0], [45.144608, 43.183225, 0], [45.138832, 43.176088, 0], [45.165632, 43.175879, 0], [45.172225, 43.166255, 0], [45.185132, 43.166206, 0], [45.174757, 43.14264, 0], [45.191552, 43.123095, 0], [45.197288, 43.104924, 0], [45.163898, 43.068702, 0], [45.126676, 43.03988, 0], [45.083832, 43.014552, 0], [45.070724, 42.991898, 0], [45.06998, 42.971253, 0], [45.094573, 42.94001, 0], [45.081986, 42.914224, 0], [45.070891, 42.89832, 0], [45.08732, 42.869743, 0], [45.085885, 42.843693, 0], [45.165967, 42.831908, 0], [45.181656, 42.823142, 0], [45.194596, 42.823439, 0], [45.194472, 42.805374, 0], [45.180618, 42.797384, 0], [45.171455, 42.781907, 0], [45.157784, 42.782597, 0], [45.145788, 42.775455, 0], [45.142883, 42.764073, 0], [45.116328, 42.749921, 0], [45.091847, 42.729207, 0], [45.07929, 42.710472, 0], [45.087658, 42.710918, 0], [45.102829, 42.704328, 0], [45.121743, 42.70986, 0], [45.1415, 42.710102, 0], [45.159884, 42.707818, 0], [45.166908, 42.692288, 0], [45.175568, 42.682251, 0], [45.1856, 42.678776, 0], [45.191582, 42.668038, 0], [45.218847, 42.661336, 0], [45.222408, 42.652849, 0], [45.251799, 42.620541, 0], [45.255771, 42.60642, 0], [45.283619, 42.605965, 0], [45.281934, 42.600056, 0], [45.283574, 42.589858, 0], [45.291603, 42.584759, 0], [45.295511, 42.57511, 0], [45.308476, 42.569208, 0], [45.315261, 42.573925, 0], [45.326597, 42.566475, 0], [45.328745, 42.542856, 0], [45.336382, 42.525307, 0], [45.357041, 42.522915, 0], [45.398278, 42.53942, 0], [45.40519, 42.5507, 0], [45.41964, 42.552296, 0], [45.432364, 42.541456, 0], [45.453833, 42.546148, 0], [45.465629, 42.538392, 0], [45.498305, 42.535018, 0], [45.524118, 42.546815, 0], [45.539259, 42.541354, 0], [45.545806, 42.537465, 0], [45.554226, 42.54235, 0], [45.574916, 42.54833, 0], [45.586956, 42.538061, 0], [45.601739, 42.532344, 0], [45.595909, 42.528093, 0], [45.595572, 42.517263, 0], [45.613773, 42.505927, 0], [45.634886, 42.510381, 0], [45.650504, 42.498634, 0], [45.66557, 42.505833, 0], [45.687888, 42.505277, 0], [45.698527, 42.482444, 0], [45.722544, 42.475758, 0], [45.773323, 42.488192, 0], [45.821644, 42.498389, 0], [45.822812, 42.507025, 0], [45.843703, 42.515384, 0], [45.84331, 42.521718, 0], [45.860383, 42.534385, 0], [45.881801, 42.536466, 0], [45.888564, 42.544588, 0], [45.908377, 42.554731, 0], [45.894056, 42.580634, 0], [45.915743, 42.589566, 0], [45.926267, 42.601105, 0], [45.934292, 42.601319, 0], [45.960969, 42.579938, 0], [45.970559, 42.579005, 0], [45.991824, 42.592225, 0], [45.995608, 42.590534, 0], [46.006772, 42.597268, 0], [46.005276, 42.610699, 0], [46.037488, 42.618174, 0], [46.021668, 42.620902, 0], [46.006528, 42.643332, 0], [46.008159, 42.654535, 0], [46.016875, 42.663673, 0], [46.015059, 42.675563, 0], [46.07767, 42.68151, 0], [46.086672, 42.693309, 0], [46.078472, 42.71687, 0], [46.097376, 42.714272, 0], [46.099802, 42.725294, 0], [46.112078, 42.72006, 0], [46.141562, 42.721723, 0], [46.157007, 42.730329, 0], [46.167306, 42.729791, 0], [46.175076, 42.732163, 0], [46.178361, 42.737761, 0], [46.178899, 42.741469, 0], [46.177421, 42.743995, 0], [46.164612, 42.751311, 0], [46.167337, 42.7539, 0], [46.165352, 42.756203, 0], [46.166849, 42.761892, 0], [46.166114, 42.768211, 0], [46.164052, 42.770744, 0], [46.154437, 42.775544, 0], [46.148731, 42.792968, 0], [46.138236, 42.797522, 0], [46.125864, 42.801562, 0], [46.121222, 42.802007, 0], [46.11658, 42.804719, 0], [46.117167, 42.805551, 0], [46.123331, 42.815335, 0], [46.155085, 42.84528, 0], [46.164285, 42.848547, 0], [46.167685, 42.851564, 0], [46.166812, 42.855841, 0], [46.179937, 42.866914, 0], [46.189249, 42.879243, 0], [46.185153, 42.887923, 0], [46.204735, 42.89069, 0], [46.210242, 42.890187, 0], [46.225401, 42.865233, 0], [46.239838, 42.860108, 0], [46.258036, 42.865997, 0], [46.264906, 42.878753, 0], [46.27006, 42.8822, 0], [46.274023, 42.885068, 0], [46.280505, 42.883584, 0], [46.284604, 42.879194, 0], [46.291721, 42.877718, 0], [46.294444, 42.876154, 0], [46.300097, 42.865055, 0], [46.311244, 42.886162, 0], [46.305708, 42.901649, 0], [46.305188, 42.908509, 0], [46.311298, 42.909565, 0], [46.316412, 42.906647, 0], [46.323928, 42.896939, 0], [46.337928, 42.893366, 0], [46.344296, 42.886471, 0], [46.35761, 42.874548, 0], [46.359001, 42.870075, 0], [46.368631, 42.863086, 0], [46.370723, 42.85565, 0], [46.364608, 42.847825, 0], [46.367483, 42.841992, 0], [46.390483, 42.852104, 0], [46.428892, 42.858596, 0], [46.449131, 42.877314, 0], [46.437099, 42.881188, 0], [46.442874, 42.887873, 0], [46.487759, 42.910883, 0], [46.520512, 42.917101, 0], [46.527792, 42.916688, 0], [46.532326, 42.922057, 0], [46.493741, 42.945676, 0], [46.492792, 42.950435, 0], [46.499143, 42.962972, 0], [46.497106, 42.966205, 0], [46.495756, 42.976471, 0], [46.487903, 42.985449, 0], [46.479232, 42.995367, 0], [46.479743, 43.002649, 0], [46.477596, 43.0056, 0], [46.471158, 43.00968, 0], [46.470296, 43.01445, 0], [46.479601, 43.017912, 0], [46.50184, 43.017522, 0], [46.504818, 43.016305, 0], [46.509855, 43.017096, 0], [46.506198, 43.021942, 0], [46.510781, 43.028796, 0], [46.506206, 43.033477, 0], [46.50203, 43.032304, 0], [46.50472, 43.029876, 0], [46.496547, 43.024885, 0], [46.492837, 43.028427, 0], [46.492686, 43.038189, 0], [46.497193, 43.036635, 0], [46.519175, 43.042768, 0], [46.523817, 43.040817, 0], [46.524034, 43.051744, 0], [46.519101, 43.064427, 0], [46.510604, 43.07098, 0], [46.501702, 43.074221, 0], [46.508355, 43.085524, 0], [46.500695, 43.089295, 0], [46.492005, 43.090558, 0], [46.489173, 43.087337, 0], [46.462382, 43.088242, 0], [46.434534, 43.083277, 0], [46.41981, 43.106507, 0], [46.424114, 43.11061, 0], [46.418714, 43.116171, 0], [46.422192, 43.120081, 0], [46.420488, 43.123503, 0], [46.39784, 43.131434, 0], [46.38848, 43.147419, 0], [46.41274, 43.162687, 0], [46.438389, 43.185712, 0], [46.423079, 43.191204, 0], [46.424117, 43.197866, 0], [46.422409, 43.201275, 0], [46.390507, 43.202251, 0], [46.39654, 43.210608, 0], [46.408872, 43.231708, 0], [46.409436, 43.248236, 0], [46.410218, 43.256659, 0], [46.417618, 43.26338, 0], [46.416453, 43.270322, 0], [46.422828, 43.278365, 0], [46.420835, 43.290064, 0], [46.425183, 43.293726, 0], [46.423266, 43.298013, 0], [46.421061, 43.297998, 0], [46.415708, 43.303464, 0], [46.415474, 43.311524, 0], [46.411273, 43.322152, 0], [46.410198, 43.324613, 0], [46.401227, 43.328572, 0], [46.40045, 43.332994, 0], [46.397864, 43.336594, 0], [46.389603, 43.336551, 0], [46.37033, 43.341207, 0], [46.370623, 43.349983, 0], [46.362331, 43.358759, 0], [46.358278, 43.370443, 0], [46.356283, 43.370396, 0], [46.335826, 43.3988, 0], [46.330054, 43.437442, 0], [46.327855, 43.444298, 0], [46.335166, 43.457695, 0], [46.339046, 43.456886, 0], [46.385194, 43.477572, 0], [46.395404, 43.490029, 0], [46.414441, 43.522192, 0], [46.418344, 43.528561, 0], [46.425682, 43.531195, 0], [46.43273, 43.575091, 0], [46.416608, 43.594715, 0], [46.432549, 43.603626, 0], [46.448249, 43.627843, 0], [46.454901, 43.628893, 0], [46.454966, 43.631779, 0], [46.448818, 43.644652, 0], [46.445572, 43.649473, 0], [46.448678, 43.655537, 0], [46.534777, 43.724773, 0], [46.546255, 43.74957, 0], [46.557911, 43.759855, 0], [46.568988, 43.761434, 0], [46.575388, 43.764578, 0], [46.590435, 43.768506, 0], [46.607404, 43.76737, 0], [46.610743, 43.76581, 0], [46.630952, 43.770112, 0], [46.634196, 43.777593, 0], [46.64213, 43.781138, 0], [46.653499, 43.789143, 0], [46.655257, 43.793681, 0], [46.6515, 43.799792, 0], [46.648076, 43.814121, 0], [46.656489, 43.822523, 0], [46.657193, 43.827245, 0], [46.658956, 43.832729, 0], [46.65454, 43.829668, 0], [46.650343, 43.828747, 0], [46.641277, 43.829273, 0], [46.638938, 43.830077, 0], [46.632543, 43.829332, 0], [46.623531, 43.826106, 0], [46.619924, 43.827456, 0], [46.621463, 43.832786, 0], [46.620859, 43.83929, 0], [46.618195, 43.843069, 0], [46.616465, 43.849272, 0], [46.60648, 43.848801, 0], [46.604018, 43.851326, 0], [46.601155, 43.85093, 0], [46.588824, 43.870745, 0], [46.573729, 43.871122, 0], [46.564814, 43.869765, 0], [46.557306, 43.867804, 0], [46.554306, 43.869327, 0], [46.543159, 43.860241, 0], [46.538031, 43.85766, 0], [46.520961, 43.858101, 0], [46.511444, 43.859778, 0], [46.49756, 43.858674, 0], [46.496984, 43.865471, 0], [46.494862, 43.866451, 0], [46.495488, 43.871392, 0], [46.497487, 43.876828, 0], [46.475781, 43.877657, 0], [46.463267, 43.872878, 0], [46.457637, 43.872724, 0], [46.445857, 43.878848, 0], [46.453753, 43.886927, 0], [46.448946, 43.895007, 0], [46.450663, 43.899785, 0], [46.455128, 43.908847, 0], [46.452624, 43.918574, 0], [46.456865, 43.922324, 0], [46.461904, 43.926796, 0], [46.462137, 43.932999, 0], [46.456787, 43.936379, 0], [46.457888, 43.944064, 0], [46.450406, 43.952491, 0], [46.441205, 43.954985, 0], [46.438321, 43.952896, 0], [46.434751, 43.952288, 0], [46.435045, 43.958937, 0], [46.438086, 43.963115, 0], [46.445542, 43.967515, 0], [46.434359, 43.972363, 0], [46.438088, 43.975141, 0], [46.441427, 43.976991, 0], [46.435743, 43.979703, 0], [46.436392, 43.984387, 0], [46.432234, 43.984254, 0], [46.429105, 43.985603, 0], [46.428607, 43.988282, 0], [46.433792, 43.991419, 0], [46.438328, 43.994234, 0], [46.439846, 44.002338, 0], [46.425049, 44.00254, 0], [46.39892, 44.005948, 0], [46.325181, 44.008914, 0], [46.325049, 44.0057, 0], [46.328244, 44.002488, 0], [46.328984, 43.998906, 0], [46.334529, 43.997794, 0], [46.337094, 43.991362, 0], [46.344627, 43.986648, 0], [46.340469, 43.983891, 0], [46.345546, 43.976402, 0], [46.342656, 43.972294, 0], [46.350584, 43.960284, 0], [46.35283, 43.955019, 0], [46.357822, 43.950991, 0], [46.355882, 43.948418, 0], [46.355983, 43.944534, 0], [46.252663, 43.945767, 0], [46.2509, 43.882545, 0], [46.216497, 43.859416, 0], [46.095133, 43.862461, 0], [46.09421, 43.840441, 0], [46.075761, 43.842442, 0], [46.076456, 43.816644, 0], [46.045062, 43.82012, 0], [46.00308, 43.881225, 0], [46.03711, 43.88828, 0], [46.060156, 43.88642, 0], [46.072705, 43.931467, 0], [45.887337, 43.950325, 0], [45.862022, 43.970601, 0], [45.798241, 43.969113, 0], [45.798407, 43.953286, 0], [45.719084, 43.954208, 0], [45.71286, 43.962968, 0], [45.524496, 44.005705, 0], [45.52145, 44.01082, 0], [45.439258, 44.009489, 0], [45.438971, 43.876162, 0], [45.20018, 43.876397, 0], [45.20008, 43.95778, 0], [45.053708, 43.957408, 0], [45.051245, 43.889249, 0], [45.064343, 43.890184, 0], [45.064034, 43.719775, 0], [45.047636, 43.708957, 0], [45.04154, 43.710049, 0], [45.043554, 43.71804, 0], [45.040761, 43.722062, 0], [45.028309, 43.719186, 0], [45.022444, 43.728029, 0], [45.000781, 43.724463, 0], [44.98187, 43.714442, 0], [44.980378, 43.701156, 0], [44.975338, 43.69791, 0], [44.963194, 43.699855, 0], [44.96157, 43.69431, 0], [44.964507, 43.688186, 0], [44.943616, 43.671459, 0], [44.933419, 43.672264, 0], [44.92057, 43.682308, 0], [44.910665, 43.683022, 0], [44.912154, 43.670547, 0], [44.889746, 43.658992, 0], [44.874456, 43.660706, 0], [44.852796, 43.667593, 0], [44.853085, 43.676463, 0], [44.860195, 43.685508, 0], [44.86044, 43.694553, 0], [44.854061, 43.696258, 0], [44.841512, 43.680584, 0], [44.831516, 43.682492, 0], [44.847707, 43.566233, 0], [44.859885, 43.564722, 0], [44.863655, 43.553754, 0], [44.860217, 43.550727, 0], [44.870515, 43.537266, 0], [44.88081, 43.531769, 0], [44.902755, 43.520759, 0], [44.955747, 43.522494, 0], [44.954771, 43.481178, 0], [44.972025, 43.481258, 0], [44.972247, 43.468479, 0], [45.009742, 43.462926, 0], [45.065436, 43.462875, 0], [45.06561, 43.454809, 0], [45.113965, 43.451708, 0], [45.1393, 43.420652, 0], [45.127002, 43.341655, 0], [45.123059, 43.32342, 0]]]}, "properties": {"name": "Тимчасово окупована територія республіки Ічкерія.\n///\nThe temporarily occupied territory of the Republic of Ichkeria.\n/// geoJSON.territories.ichkeria", "styleUrl": "#poly-FF5252-2000-77", "styleHash": "94360a6", "styleMapHash": {"normal": "#poly-FF5252-2000-77-normal", "highlight": "#poly-FF5252-2000-77-highlight"}, "description": "Окуповано в 1995. Після поразки в Першій Чеченській війні, визнали ЧРІ незалежною. Повторно окуповано повністю в 2009 в результаті Другої Чеченської війни.<br>///<br>Occupied in 1995. After defeat in First Chechen War, recognized independency of CRI. Re-occupied in 2009 in a result of Second Chechen War.<br>/// geoJSON.descriptions.#40", "stroke-opacity": 1, "stroke": "#ff5252", "stroke-width": 2, "fill-opacity": 0.30196078431372547, "fill": "#ff5252"}}, {"type": "Feature", "geometry": {"type": "Polygon", "coordinates": [[[37.9555482, 48.8097311, 0], [37.9535218, 48.8002309, 0], [37.9567649, 48.7974547, 0], [37.9510482, 48.7813993, 0], [37.930222, 48.7746351, 0], [37.921347, 48.7692917, 0], [37.8995604, 48.7713413, 0], [37.8910919, 48.7782862, 0], [37.8812829, 48.7812549, 0], [37.8726938, 48.7826475, 0], [37.8706277, 48.7820605, 0], [37.8713942, 48.77989, 0], [37.8808293, 48.7792463, 0], [37.8946624, 48.7717736, 0], [37.8904079, 48.7613725, 0], [37.8799761, 48.757727, 0], [37.869124, 48.7594006, 0], [37.8635928, 48.7590934, 0], [37.8585387, 48.7565548, 0], [37.8515569, 48.758191, 0], [37.8389682, 48.764865, 0], [37.8320727, 48.7655426, 0], [37.8332599, 48.7626565, 0], [37.8368502, 48.7622598, 0], [37.8444301, 48.7544414, 0], [37.8347017, 48.7520603, 0], [37.8383345, 48.7506438, 0], [37.8487339, 48.7504447, 0], [37.8545345, 48.75142, 0], [37.8589623, 48.7539796, 0], [37.8627242, 48.752251, 0], [37.8510041, 48.7479563, 0], [37.8475246, 48.7453028, 0], [37.8510632, 48.7424338, 0], [37.8614679, 48.7395644, 0], [37.876957, 48.7408441, 0], [37.8809997, 48.7330919, 0], [37.8789578, 48.729889, 0], [37.870225, 48.726057, 0], [37.8478764, 48.7343687, 0], [37.843373, 48.7312481, 0], [37.8205005, 48.7397547, 0], [37.8214667, 48.7377868, 0], [37.8311869, 48.7341205, 0], [37.8334403, 48.7313315, 0], [37.8306289, 48.7282595, 0], [37.8304572, 48.7235601, 0], [37.8353494, 48.7214951, 0], [37.8392975, 48.7177311, 0], [37.8515724, 48.711177, 0], [37.8588967, 48.7055994, 0], [37.8522502, 48.7008249, 0], [37.8441603, 48.7044542, 0], [37.8339516, 48.7064018, 0], [37.8251582, 48.7054151, 0], [37.8154232, 48.7093198, 0], [37.8192761, 48.7184223, 0], [37.8171211, 48.7191435, 0], [37.8103715, 48.7089722, 0], [37.8046691, 48.7010383, 0], [37.8033456, 48.6927169, 0], [37.7865928, 48.6907628, 0], [37.7966281, 48.6794159, 0], [37.8054599, 48.6800818, 0], [37.8117061, 48.6655169, 0], [37.816494, 48.6629965, 0], [37.7979665, 48.6576765, 0], [37.8006656, 48.6438688, 0], [37.7846667, 48.633513, 0], [37.7880016, 48.623531, 0], [37.7764591, 48.619809, 0], [37.7631059, 48.6192294, 0], [37.7583948, 48.6156084, 0], [37.761837, 48.6024541, 0], [37.782024, 48.599128, 0], [37.7834153, 48.5973231, 0], [37.7868576, 48.5973856, 0], [37.7862183, 48.5962532, 0], [37.7834333, 48.5956317, 0], [37.7844991, 48.5890699, 0], [37.8000948, 48.5909906, 0], [37.817543, 48.593017, 0], [37.818144, 48.590592, 0], [37.821106, 48.58816, 0], [37.820656, 48.584733, 0], [37.82467, 48.581572, 0], [37.832281, 48.580757, 0], [37.8344, 48.578295, 0], [37.837734, 48.578143, 0], [37.8363967, 48.5754542, 0], [37.8330671, 48.5726621, 0], [37.8342009, 48.5683928, 0], [37.8361572, 48.5663592, 0], [37.8288448, 48.561656, 0], [37.8361527, 48.5524221, 0], [37.8224309, 48.5461133, 0], [37.7944234, 48.5386169, 0], [37.7702587, 48.543597, 0], [37.7412742, 48.5408882, 0], [37.7446283, 48.5319419, 0], [37.7423786, 48.5299407, 0], [37.7451322, 48.5236069, 0], [37.7568106, 48.519319, 0], [37.7708795, 48.5223588, 0], [37.7689367, 48.5183957, 0], [37.7738057, 48.5114247, 0], [37.7686469, 48.5001788, 0], [37.7799668, 48.4917466, 0], [37.7619519, 48.4831088, 0], [37.7704062, 48.4695172, 0], [37.754953, 48.4726716, 0], [37.7756421, 48.453371, 0], [37.8062326, 48.4035957, 0], [37.7987951, 48.3965929, 0], [37.800613, 48.386654, 0], [37.804819, 48.382094, 0], [37.851891, 48.364657, 0], [37.870527, 48.35431, 0], [37.905496, 48.340438, 0], [37.918552, 48.346527, 0], [37.923617, 48.352797, 0], [37.929296, 48.35949, 0], [37.931785, 48.360573, 0], [37.934841, 48.360987, 0], [37.942023, 48.357463, 0], [37.944796, 48.35967, 0], [37.942264, 48.362251, 0], [37.950083, 48.373433, 0], [37.958486, 48.377104, 0], [37.970152, 48.380317, 0], [37.974959, 48.381115, 0], [37.978623, 48.391275, 0], [38.00477, 48.393954, 0], [38.042123, 48.409086, 0], [38.113706, 48.408013, 0], [38.117477, 48.420805, 0], [38.135244, 48.419039, 0], [38.148548, 48.414482, 0], [38.163094, 48.402117, 0], [38.18906, 48.416533, 0], [38.238521, 48.386717, 0], [38.273689, 48.359192, 0], [38.290706, 48.361631, 0], [38.321754, 48.371053, 0], [38.343578, 48.384437, 0], [38.354228, 48.390346, 0], [38.367914, 48.402171, 0], [38.390964, 48.415874, 0], [38.389247, 48.432278, 0], [38.393024, 48.436606, 0], [38.405377, 48.473366, 0], [38.411566, 48.510568, 0], [38.414303, 48.520605, 0], [38.402637, 48.547867, 0], [38.402637, 48.59194, 0], [38.40607, 48.60193, 0], [38.438793, 48.611028, 0], [38.441253, 48.617271, 0], [38.436275, 48.629243, 0], [38.426326, 48.638696, 0], [38.431476, 48.650492, 0], [38.445202, 48.655048, 0], [38.464428, 48.656408, 0], [38.480228, 48.659111, 0], [38.496708, 48.663192, 0], [38.515247, 48.666367, 0], [38.516148, 48.670562, 0], [38.527284, 48.674642, 0], [38.539451, 48.673509, 0], [38.548978, 48.675294, 0], [38.559446, 48.686695, 0], [38.572231, 48.689056, 0], [38.577732, 48.696742, 0], [38.578419, 48.70943, 0], [38.583218, 48.71987, 0], [38.630135, 48.721172, 0], [38.678412, 48.723701, 0], [38.674549, 48.729363, 0], [38.691727, 48.729363, 0], [38.299791, 49.024992, 0], [38.262698, 49.024532, 0], [38.241062, 49.005535, 0], [38.258858, 48.969268, 0], [38.233873, 48.95314, 0], [38.23259, 48.940945, 0], [38.195775, 48.928016, 0], [38.142769, 48.933357, 0], [38.132843, 48.924137, 0], [38.0902933, 48.9400567, 0], [38.0384761, 48.9264165, 0], [38.031208, 48.917192, 0], [38.022576, 48.8987009, 0], [38.0069113, 48.8935377, 0], [38.0015256, 48.8854813, 0], [37.9554431, 48.874034, 0], [37.9165489, 48.8719308, 0], [37.9101195, 48.865966, 0], [37.9083825, 48.8625545, 0], [37.910422, 48.8591431, 0], [37.9070199, 48.8528587, 0], [37.8955506, 48.8514309, 0], [37.8751016, 48.8465428, 0], [37.8797819, 48.8390256, 0], [37.8705493, 48.8381221, 0], [37.8674959, 48.8277263, 0], [37.8577853, 48.8285177, 0], [37.8562219, 48.8197018, 0], [37.8598025, 48.8198169, 0], [37.8903458, 48.8267685, 0], [37.9071624, 48.8330371, 0], [37.9166468, 48.8398176, 0], [37.9301752, 48.8403833, 0], [37.9409579, 48.8438852, 0], [37.9525966, 48.8428017, 0], [37.9553543, 48.826549, 0], [37.9551826, 48.8218588, 0], [37.9503602, 48.8134014, 0], [37.9555482, 48.8097311, 0]]]}, "properties": {"name": "Окуповано /// Occupied /// geoJSON.status.occupied", "styleUrl": "#poly-A52714-2000-77-nodesc", "styleHash": "55c21ec8", "styleMapHash": {"normal": "#poly-A52714-2000-77-nodesc-normal", "highlight": "#poly-A52714-2000-77-nodesc-highlight"}, "stroke-opacity": 1, "stroke": "#a52714", "stroke-width": 2, "fill-opacity": 0.30196078431372547, "fill": "#a52714"}}, {"type": "Feature", "geometry": {"type": "Polygon", "coordinates": [[[31.518518, 46.312396, 0], [31.523327, 46.3019, 0], [31.54049, 46.282745, 0], [31.562127, 46.266905, 0], [31.590959, 46.251238, 0], [31.637322, 46.234212, 0], [31.673753, 46.227354, 0], [31.70108, 46.221792, 0], [31.860308, 46.195154, 0], [31.904302, 46.188215, 0], [31.966135, 46.180063, 0], [31.986536, 46.178304, 0], [32.022212, 46.174043, 0], [32.07982, 46.165498, 0], [32.08271, 46.166345, 0], [32.082855, 46.16737, 0], [32.077824, 46.166905, 0], [32.067755, 46.168159, 0], [32.059059, 46.170244, 0], [32.053882, 46.17053, 0], [32.05025, 46.1726, 0], [32.046073, 46.172892, 0], [32.040981, 46.172443, 0], [32.040351, 46.173599, 0], [32.032856, 46.175489, 0], [32.007135, 46.176861, 0], [31.974889, 46.180603, 0], [31.914504, 46.188302, 0], [31.849782, 46.19973, 0], [31.768221, 46.212319, 0], [31.711017, 46.222028, 0], [31.697744, 46.223741, 0], [31.677116, 46.229168, 0], [31.664569, 46.230217, 0], [31.655626, 46.232572, 0], [31.651727, 46.235745, 0], [31.655932, 46.239308, 0], [31.663227, 46.241802, 0], [31.674235, 46.245022, 0], [31.67975, 46.244443, 0], [31.680824, 46.248864, 0], [31.671382, 46.249933, 0], [31.64589, 46.244773, 0], [31.62778, 46.245188, 0], [31.609842, 46.246668, 0], [31.592767, 46.25302, 0], [31.576891, 46.260557, 0], [31.56367, 46.268092, 0], [31.552335, 46.278237, 0], [31.541864, 46.2901, 0], [31.535857, 46.305635, 0], [31.532852, 46.319332, 0], [31.536371, 46.33729, 0], [31.53577, 46.347421, 0], [31.536029, 46.356367, 0], [31.534548, 46.361535, 0], [31.535128, 46.367947, 0], [31.532692, 46.369628, 0], [31.527681, 46.369473, 0], [31.521523, 46.366971, 0], [31.516114, 46.360752, 0], [31.511479, 46.349257, 0], [31.513711, 46.330179, 0], [31.514742, 46.321287, 0], [31.518518, 46.312396, 0]]]}, "properties": {"name": "Окуповано /// Occupied /// geoJSON.status.occupied", "styleUrl": "#poly-A52714-2000-77-nodesc", "styleHash": "55c21ec8", "styleMapHash": {"normal": "#poly-A52714-2000-77-nodesc-normal", "highlight": "#poly-A52714-2000-77-nodesc-highlight"}, "stroke-opacity": 1, "stroke": "#a52714", "stroke-width": 2, "fill-opacity": 0.30196078431372547, "fill": "#a52714"}}, {"type": "Feature", "geometry": {"type": "Polygon", "coordinates": [[[36.400835, 50.30717, 0], [36.373927, 50.30029, 0], [36.378047, 50.293766, 0], [36.363798, 50.287487, 0], [36.3656874, 50.2718277, 0], [36.3900716, 50.2696972, 0], [36.405358, 50.261131, 0], [36.415918, 50.259725, 0], [36.418364, 50.256871, 0], [36.423299, 50.25399, 0], [36.443985, 50.248337, 0], [36.448247, 50.253593, 0], [36.466356, 50.251404, 0], [36.481032, 50.241639, 0], [36.485493, 50.242206, 0], [36.505396, 50.238677, 0], [36.532801, 50.242425, 0], [36.569199, 50.24454, 0], [36.559931, 50.250796, 0], [36.56865, 50.257768, 0], [36.574008, 50.255268, 0], [36.577894, 50.258635, 0], [36.575109, 50.260672, 0], [36.580365, 50.262584, 0], [36.573943, 50.275045, 0], [36.592604, 50.275718, 0], [36.592663, 50.278079, 0], [36.589552, 50.279346, 0], [36.588033, 50.281698, 0], [36.588574, 50.283269, 0], [36.585614, 50.285885, 0], [36.582933, 50.286282, 0], [36.571219, 50.285748, 0], [36.560789, 50.284236, 0], [36.556128, 50.281366, 0], [36.523917, 50.286424, 0], [36.522815, 50.289145, 0], [36.525136, 50.290731, 0], [36.525286, 50.29206, 0], [36.526091, 50.29249, 0], [36.526607, 50.293474, 0], [36.516363, 50.295165, 0], [36.515658, 50.295914, 0], [36.512759, 50.295767, 0], [36.511151, 50.295369, 0], [36.500702, 50.299248, 0], [36.492712, 50.30452, 0], [36.489689, 50.307838, 0], [36.489951, 50.309924, 0], [36.487653, 50.311665, 0], [36.472289, 50.313161, 0], [36.440317, 50.31098, 0], [36.433698, 50.330681, 0], [36.425543, 50.32827, 0], [36.409299, 50.312446, 0], [36.400835, 50.30717, 0]]]}, "properties": {"name": "Окуповано /// Occupied /// geoJSON.status.occupied", "styleUrl": "#poly-A52714-2000-77-nodesc", "styleHash": "55c21ec8", "styleMapHash": {"normal": "#poly-A52714-2000-77-nodesc-normal", "highlight": "#poly-A52714-2000-77-nodesc-highlight"}, "stroke-opacity": 1, "stroke": "#a52714", "stroke-width": 2, "fill-opacity": 0.30196078431372547, "fill": "#a52714"}}, {"type": "Feature", "geometry": {"type": "Polygon", "coordinates": [[[36.760703, 50.289948, 0], [36.75466, 50.290517, 0], [36.747943, 50.288235, 0], [36.748032, 50.287217, 0], [36.750267, 50.286309, 0], [36.750696, 50.283002, 0], [36.749837, 50.2809, 0], [36.748778, 50.280207, 0], [36.744987, 50.280684, 0], [36.744887, 50.281818, 0], [36.742326, 50.281619, 0], [36.739936, 50.282955, 0], [36.728862, 50.27733, 0], [36.720128, 50.277444, 0], [36.727123, 50.267794, 0], [36.739773, 50.265659, 0], [36.755456, 50.260293, 0], [36.772227, 50.255269, 0], [36.789252, 50.2458, 0], [36.808508, 50.248072, 0], [36.821833, 50.249554, 0], [36.823421, 50.249979, 0], [36.829558, 50.254164, 0], [36.833142, 50.256469, 0], [36.837605, 50.258828, 0], [36.837776, 50.261353, 0], [36.8443, 50.264233, 0], [36.8559298, 50.2572236, 0], [36.8684253, 50.2600501, 0], [36.8809403, 50.2504327, 0], [36.8887974, 50.2482311, 0], [36.9042273, 50.2492157, 0], [36.9048187, 50.2519582, 0], [36.9086357, 50.2545098, 0], [36.9048364, 50.2568556, 0], [36.900233, 50.2568212, 0], [36.8992776, 50.2540704, 0], [36.8939941, 50.2520663, 0], [36.894431, 50.2581996, 0], [36.8988242, 50.2630026, 0], [36.9053791, 50.2605364, 0], [36.9060119, 50.26235, 0], [36.909048, 50.2621882, 0], [36.9091764, 50.2641749, 0], [36.9080605, 50.2672708, 0], [36.906, 50.2673178, 0], [36.904454, 50.2683996, 0], [36.8967261, 50.2678202, 0], [36.8963769, 50.274672, 0], [36.9151097, 50.2813232, 0], [36.9226951, 50.2794497, 0], [36.9285799, 50.2714992, 0], [36.9336067, 50.2674978, 0], [36.9355754, 50.2679782, 0], [36.94258, 50.265355, 0], [36.942632, 50.2630609, 0], [36.9471687, 50.2629888, 0], [36.9514481, 50.270159, 0], [36.9557768, 50.2745336, 0], [36.9548707, 50.2786885, 0], [36.9498712, 50.2878203, 0], [36.9624032, 50.2911245, 0], [36.9760529, 50.2974386, 0], [36.9738615, 50.2990686, 0], [36.9765848, 50.3011443, 0], [36.9816698, 50.3027815, 0], [36.9888344, 50.301066, 0], [36.9980172, 50.3036544, 0], [37.0060585, 50.3016586, 0], [37.0130603, 50.3047678, 0], [37.0220957, 50.3063194, 0], [37.0342196, 50.3120915, 0], [37.043667, 50.317522, 0], [37.053025, 50.319278, 0], [37.053801, 50.322568, 0], [37.04059, 50.32723, 0], [37.0443708, 50.3313439, 0], [37.0489831, 50.3332094, 0], [37.0467832, 50.3338956, 0], [37.0482581, 50.3345126, 0], [37.0488748, 50.3356774, 0], [37.0381007, 50.3344226, 0], [37.031315, 50.33909, 0], [37.032995, 50.348824, 0], [36.957421, 50.34918, 0], [36.937645, 50.350224, 0], [36.915294, 50.346287, 0], [36.882156, 50.336552, 0], [36.872241, 50.335704, 0], [36.862628, 50.331786, 0], [36.851943, 50.327594, 0], [36.833358, 50.313138, 0], [36.828485, 50.31283, 0], [36.820803, 50.313566, 0], [36.803938, 50.309832, 0], [36.800333, 50.306023, 0], [36.768364, 50.30188, 0], [36.764275, 50.291966, 0], [36.760703, 50.289948, 0]]]}, "properties": {"name": "Окуповано /// Occupied /// geoJSON.status.occupied", "styleUrl": "#poly-A52714-2000-77-nodesc", "styleHash": "55c21ec8", "styleMapHash": {"normal": "#poly-A52714-2000-77-nodesc-normal", "highlight": "#poly-A52714-2000-77-nodesc-highlight"}, "stroke-opacity": 1, "stroke": "#a52714", "stroke-width": 2, "fill-opacity": 0.30196078431372547, "fill": "#a52714"}}, {"type": "Feature", "geometry": {"type": "Polygon", "coordinates": [[[37.856208, 48.192846, 0], [37.88333, 48.199712, 0], [37.896571, 48.215429, 0], [37.892943, 48.233569, 0], [37.89157, 48.255061, 0], [37.895347, 48.268546, 0], [37.89434, 48.286666, 0], [37.901147, 48.290882, 0], [37.900682, 48.323255, 0], [37.905496, 48.340438, 0], [37.870527, 48.35431, 0], [37.851891, 48.364657, 0], [37.804819, 48.382094, 0], [37.800613, 48.386654, 0], [37.7987951, 48.3965929, 0], [37.8062326, 48.4035957, 0], [37.7756421, 48.453371, 0], [37.754953, 48.4726716, 0], [37.7455845, 48.4740194, 0], [37.7218038, 48.4719987, 0], [37.7161531, 48.4844196, 0], [37.7002034, 48.4915001, 0], [37.6894875, 48.4919232, 0], [37.6863436, 48.4964505, 0], [37.6798524, 48.4956879, 0], [37.6646924, 48.5036842, 0], [37.6594888, 48.4951865, 0], [37.6616769, 48.4897887, 0], [37.6531355, 48.4891182, 0], [37.6528788, 48.4757154, 0], [37.6472135, 48.4703363, 0], [37.6480769, 48.4576413, 0], [37.6385185, 48.4548211, 0], [37.63848, 48.450629, 0], [37.6120284, 48.443395, 0], [37.6045168, 48.4422839, 0], [37.5870054, 48.4441194, 0], [37.5244232, 48.4452194, 0], [37.5088781, 48.4448318, 0], [37.4913501, 48.4511124, 0], [37.4813328, 48.4567067, 0], [37.4740549, 48.4590094, 0], [37.4614422, 48.4736672, 0], [37.4660369, 48.4792162, 0], [37.4519195, 48.4847651, 0], [37.4461712, 48.4906845, 0], [37.4446321, 48.4847153, 0], [37.4189736, 48.4832948, 0], [37.3956864, 48.4858612, 0], [37.3883342, 48.4913265, 0], [37.3806387, 48.4933927, 0], [37.3751165, 48.4889811, 0], [37.3755561, 48.484284, 0], [37.3674132, 48.4824313, 0], [37.3652901, 48.4729231, 0], [37.3600317, 48.4719619, 0], [37.3514275, 48.4639111, 0], [37.3390921, 48.4597018, 0], [37.3253956, 48.4589055, 0], [37.3184403, 48.4647047, 0], [37.3021728, 48.4647581, 0], [37.28728, 48.4603713, 0], [37.2745692, 48.4520455, 0], [37.2589625, 48.4428476, 0], [37.2436159, 48.4293205, 0], [37.2481964, 48.4258487, 0], [37.2357878, 48.4262062, 0], [37.2244953, 48.4246838, 0], [37.2263186, 48.4209063, 0], [37.2367243, 48.4194072, 0], [37.2326469, 48.4167544, 0], [37.2374761, 48.4150694, 0], [37.234612, 48.4111503, 0], [37.2397299, 48.4111621, 0], [37.2423003, 48.3990448, 0], [37.2360921, 48.3980667, 0], [37.2297264, 48.3872422, 0], [37.2281896, 48.3817131, 0], [37.2165243, 48.3805159, 0], [37.2159394, 48.3757267, 0], [37.2028793, 48.3777866, 0], [37.2000328, 48.3719791, 0], [37.1921024, 48.3742391, 0], [37.1894655, 48.3718605, 0], [37.1894033, 48.369026, 0], [37.1937616, 48.3677735, 0], [37.1939138, 48.3605905, 0], [37.2018684, 48.3559571, 0], [37.2021871, 48.35379, 0], [37.1828291, 48.3534053, 0], [37.1613864, 48.3514125, 0], [37.1567985, 48.3480681, 0], [37.1433039, 48.3529272, 0], [37.1236288, 48.3488393, 0], [37.105154, 48.3473726, 0], [37.1061438, 48.3399326, 0], [37.0862311, 48.3468455, 0], [37.0729505, 48.3485661, 0], [37.0706879, 48.3517936, 0], [37.0684248, 48.3513707, 0], [37.067504, 48.3427664, 0], [37.0628539, 48.3400232, 0], [37.0408354, 48.3492325, 0], [37.0370108, 48.3488568, 0], [37.0500964, 48.3379842, 0], [37.046701, 48.3320179, 0], [37.04744, 48.3286739, 0], [37.0517849, 48.3290114, 0], [37.0530131, 48.3243291, 0], [37.0552574, 48.3210748, 0], [37.0628164, 48.3220158, 0], [37.0620494, 48.317819, 0], [37.0862081, 48.3125835, 0], [37.0878709, 48.3024452, 0], [37.1023468, 48.2958392, 0], [37.103509, 48.2870468, 0], [37.0543796, 48.2806922, 0], [37.05763, 48.263759, 0], [37.0503241, 48.2616321, 0], [37.0511652, 48.2551443, 0], [37.046086, 48.252084, 0], [37.046332, 48.249762, 0], [37.040486, 48.246641, 0], [37.03835, 48.244378, 0], [37.018077, 48.241751, 0], [37.012517, 48.2599323, 0], [37.0104538, 48.2597782, 0], [37.0088197, 48.2610535, 0], [37.0030738, 48.2609053, 0], [36.9954488, 48.263395, 0], [36.9883384, 48.262913, 0], [36.9874519, 48.2591455, 0], [36.9806418, 48.2580633, 0], [36.9816539, 48.2488557, 0], [36.972917, 48.2456616, 0], [36.9709934, 48.2384455, 0], [36.9419454, 48.239804, 0], [36.9420816, 48.2376173, 0], [36.9518286, 48.2361167, 0], [36.9515909, 48.2205983, 0], [36.9272081, 48.2200985, 0], [36.9307287, 48.1962499, 0], [36.93585, 48.18601, 0], [36.915983, 48.166689, 0], [36.907008, 48.164655, 0], [36.906103, 48.143382, 0], [36.90663, 48.139399, 0], [36.904532, 48.134801, 0], [36.912218, 48.129688, 0], [36.915912, 48.113831, 0], [36.903059, 48.113533, 0], [36.90497, 48.103836, 0], [36.9015266, 48.0977944, 0], [36.8926943, 48.0951177, 0], [36.893159, 48.0873839, 0], [36.8762401, 48.0833377, 0], [36.863429, 48.0819825, 0], [36.842088, 48.0781331, 0], [36.8377426, 48.077782, 0], [36.8379785, 48.0715742, 0], [36.8262628, 48.0699393, 0], [36.8058453, 48.0595327, 0], [36.87622, 48.039136, 0], [36.929174, 48.018008, 0], [37.011852, 48.005883, 0], [37.071043, 48.006485, 0], [37.094593, 48.011965, 0], [37.13538, 48.025524, 0], [37.247009, 48.026722, 0], [37.521854, 47.94582, 0], [37.525158, 47.957202, 0], [37.541201, 47.974587, 0], [37.544791, 47.977423, 0], [37.549941, 47.979664, 0], [37.558546, 47.986451, 0], [37.549621, 47.997364, 0], [37.556143, 48.009855, 0], [37.573394, 48.006899, 0], [37.575455, 48.013961, 0], [37.588566, 48.016021, 0], [37.616482, 48.018095, 0], [37.622662, 48.019444, 0], [37.64781, 48.028944, 0], [37.68785, 48.054754, 0], [37.691199, 48.053406, 0], [37.694294, 48.056545, 0], [37.687749, 48.061894, 0], [37.693049, 48.069307, 0], [37.699702, 48.072204, 0], [37.725794, 48.073324, 0], [37.726651, 48.079582, 0], [37.743087, 48.086825, 0], [37.756436, 48.08667, 0], [37.773053, 48.092032, 0], [37.789283, 48.100177, 0], [37.792021, 48.104528, 0], [37.8002, 48.114966, 0], [37.803832, 48.117289, 0], [37.808937, 48.122079, 0], [37.816804, 48.132292, 0], [37.819855, 48.143897, 0], [37.824622, 48.157818, 0], [37.828593, 48.17515, 0], [37.856208, 48.192846, 0]]]}, "properties": {"name": "Окуповано /// Occupied /// geoJSON.status.occupied", "styleUrl": "#poly-A52714-2000-77-nodesc", "styleHash": "55c21ec8", "styleMapHash": {"normal": "#poly-A52714-2000-77-nodesc-normal", "highlight": "#poly-A52714-2000-77-nodesc-highlight"}, "stroke-opacity": 1, "stroke": "#a52714", "stroke-width": 2, "fill-opacity": 0.30196078431372547, "fill": "#a52714"}}, {"type": "Feature", "geometry": {"type": "Polygon", "coordinates": [[[35.162895, 51.109577, 0], [35.154484, 51.110223, 0], [35.150535, 51.106397, 0], [35.154655, 51.103002, 0], [35.156458, 51.103756, 0], [35.164354, 51.100738, 0], [35.164097, 51.10505, 0], [35.166672, 51.10575, 0], [35.163753, 51.107367, 0], [35.162895, 51.109577, 0]]]}, "properties": {"name": "Окуповано /// Occupied /// geoJSON.status.occupied", "styleUrl": "#poly-A52714-2000-77-nodesc", "styleHash": "55c21ec8", "styleMapHash": {"normal": "#poly-A52714-2000-77-nodesc-normal", "highlight": "#poly-A52714-2000-77-nodesc-highlight"}, "stroke-opacity": 1, "stroke": "#a52714", "stroke-width": 2, "fill-opacity": 0.30196078431372547, "fill": "#a52714"}}, {"type": "Feature", "geometry": {"type": "Polygon", "coordinates": [[[37.639132, 50.178726, 0], [37.626257, 50.176417, 0], [37.62763, 50.167402, 0], [37.615614, 50.165312, 0], [37.604885, 50.159264, 0], [37.6035117, 50.1484849, 0], [37.617846, 50.137814, 0], [37.626944, 50.137374, 0], [37.6364713, 50.1403441, 0], [37.647028, 50.1424351, 0], [37.6528645, 50.1448553, 0], [37.663164, 50.1401243, 0], [37.6617049, 50.1316527, 0], [37.6565558, 50.1285712, 0], [37.6509762, 50.1189414, 0], [37.656813, 50.116574, 0], [37.6621347, 50.1079881, 0], [37.6653963, 50.1009414, 0], [37.6635078, 50.0995096, 0], [37.6720905, 50.0826595, 0], [37.6762369, 50.0879259, 0], [37.6809715, 50.0909977, 0], [37.6855701, 50.09044, 0], [37.6891233, 50.0919803, 0], [37.6990433, 50.0933948, 0], [37.7088078, 50.0905767, 0], [37.7069926, 50.0866344, 0], [37.7169277, 50.0858695, 0], [37.7232675, 50.0824024, 0], [37.7331311, 50.0801181, 0], [37.7322256, 50.0728064, 0], [37.7416187, 50.0692409, 0], [37.751458, 50.0702956, 0], [37.7628568, 50.0689224, 0], [37.7623754, 50.0667488, 0], [37.7581438, 50.0658, 0], [37.7580371, 50.0636944, 0], [37.7631645, 50.0615758, 0], [37.7682598, 50.0580093, 0], [37.7699218, 50.0547732, 0], [37.7624942, 50.0504253, 0], [37.7631735, 50.0400768, 0], [37.764934, 50.0389538, 0], [37.7756265, 50.0226981, 0], [37.7784475, 50.0057746, 0], [37.8320536, 50.0148025, 0], [37.852961, 50.037493, 0], [37.873603, 50.048707, 0], [37.876589, 50.053326, 0], [37.8630817, 50.0547346, 0], [37.85541, 50.057575, 0], [37.8292947, 50.06656, 0], [37.818403, 50.071844, 0], [37.797614, 50.084242, 0], [37.755685, 50.078479, 0], [37.7440646, 50.0937019, 0], [37.7337023, 50.1028541, 0], [37.7262557, 50.1067205, 0], [37.713289, 50.121528, 0], [37.707625, 50.127691, 0], [37.708826, 50.133963, 0], [37.700758, 50.134183, 0], [37.694407, 50.140345, 0], [37.684794, 50.145955, 0], [37.668829, 50.152665, 0], [37.657328, 50.164323, 0], [37.647028, 50.174548, 0], [37.643423, 50.174328, 0], [37.639132, 50.178726, 0]]]}, "properties": {"name": "Окуповано /// Occupied /// geoJSON.status.occupied", "styleUrl": "#poly-A52714-2000-77-nodesc", "styleHash": "55c21ec8", "styleMapHash": {"normal": "#poly-A52714-2000-77-nodesc-normal", "highlight": "#poly-A52714-2000-77-nodesc-highlight"}, "stroke-opacity": 1, "stroke": "#a52714", "stroke-width": 2, "fill-opacity": 0.30196078431372547, "fill": "#a52714"}}, {"type": "Feature", "geometry": {"type": "Polygon", "coordinates": [[[36.5794467, 47.8738505, 0], [36.5725294, 47.861645, 0], [36.5398998, 47.8515073, 0], [36.4928655, 47.848131, 0], [36.4551076, 47.8245888, 0], [36.406937, 47.8300996, 0], [36.3459712, 47.8304978, 0], [36.3225617, 47.8273624, 0], [36.3088025, 47.8206876, 0], [36.3029098, 47.8029842, 0], [36.3058253, 47.7914323, 0], [36.2714438, 47.7862815, 0], [36.2350828, 47.7875784, 0], [36.2105582, 47.778573, 0], [36.2022769, 47.7651024, 0], [36.190595, 47.7631479, 0], [36.1919642, 47.7577277, 0], [36.1950496, 47.7534615, 0], [36.1989626, 47.7287417, 0], [36.1900673, 47.7198484, 0], [36.1756821, 47.7143031, 0], [36.1528827, 47.7110106, 0], [36.1582209, 47.7011062, 0], [36.1850134, 47.6975529, 0], [36.191303, 47.6957891, 0], [36.2009385, 47.6847235, 0], [36.1978262, 47.6779656, 0], [36.1719299, 47.6694344, 0], [36.1798788, 47.6579929, 0], [36.1955505, 47.6577624, 0], [36.2023186, 47.6483531, 0], [36.2038627, 47.6435461, 0], [36.1948236, 47.6371212, 0], [36.1827927, 47.6331433, 0], [36.1772864, 47.643219, 0], [36.1719504, 47.6450825, 0], [36.1593756, 47.6530362, 0], [36.1541812, 47.6508709, 0], [36.1588997, 47.6424923, 0], [36.1403591, 47.6332495, 0], [36.1280863, 47.6214132, 0], [36.1239917, 47.6112924, 0], [36.1295879, 47.6029352, 0], [36.123919, 47.5918809, 0], [36.108522, 47.5899233, 0], [36.1084888, 47.5847812, 0], [36.0944037, 47.5859266, 0], [36.0896737, 47.5819769, 0], [36.0816972, 47.5705533, 0], [36.0641989, 47.5622572, 0], [36.0638173, 47.5528682, 0], [36.0725324, 47.5505458, 0], [36.0652477, 47.5268356, 0], [36.031684, 47.526124, 0], [36.03001, 47.522289, 0], [36.020784, 47.515904, 0], [35.9987761, 47.5257009, 0], [35.9944477, 47.5256521, 0], [35.9921425, 47.5232359, 0], [35.9896768, 47.5145181, 0], [35.967959, 47.517566, 0], [35.9497032, 47.5235996, 0], [35.9432371, 47.5301327, 0], [35.9367705, 47.5271607, 0], [35.9361973, 47.523303, 0], [35.940888, 47.511993, 0], [35.941642, 47.493887, 0], [35.932591, 47.493496, 0], [35.924055, 47.494728, 0], [35.921493, 47.475232, 0], [35.911615, 47.468917, 0], [35.896111, 47.46596, 0], [35.8421098, 47.4709894, 0], [35.8180819, 47.4695855, 0], [35.799375, 47.473519, 0], [35.790682, 47.480885, 0], [35.782257, 47.485668, 0], [35.745142, 47.486822, 0], [35.746391, 47.489885, 0], [35.731603, 47.490714, 0], [35.71853, 47.494788, 0], [35.711504, 47.505541, 0], [35.699524, 47.506848, 0], [35.687063, 47.509761, 0], [35.670484, 47.502209, 0], [35.654663, 47.500962, 0], [35.634628, 47.500488, 0], [35.632903, 47.502978, 0], [35.640841, 47.507493, 0], [35.636935, 47.510964, 0], [35.623629, 47.505846, 0], [35.621182, 47.507665, 0], [35.616503, 47.506237, 0], [35.616157, 47.504308, 0], [35.613134, 47.504301, 0], [35.592551, 47.519323, 0], [35.590302, 47.528366, 0], [35.571915, 47.538567, 0], [35.5549371, 47.5445062, 0], [35.5372545, 47.5436815, 0], [35.5361804, 47.5462177, 0], [35.509647, 47.544231, 0], [35.50827, 47.546912, 0], [35.504748, 47.546631, 0], [35.504532, 47.544173, 0], [35.494554, 47.544102, 0], [35.493777, 47.545417, 0], [35.488364, 47.547775, 0], [35.486299, 47.547351, 0], [35.48561, 47.544909, 0], [35.47711, 47.543683, 0], [35.460844, 47.540686, 0], [35.449143, 47.542409, 0], [35.431521, 47.537583, 0], [35.419282, 47.535041, 0], [35.402973, 47.537641, 0], [35.397308, 47.540278, 0], [35.397757, 47.546647, 0], [35.4032206, 47.55864, 0], [35.4025112, 47.5671823, 0], [35.3912449, 47.5670367, 0], [35.3909219, 47.5653014, 0], [35.3779304, 47.5656904, 0], [35.3764828, 47.5791657, 0], [35.359966, 47.5784031, 0], [35.346688, 47.5778414, 0], [35.3490717, 47.5715656, 0], [35.3430822, 47.5695712, 0], [35.3264064, 47.5675318, 0], [35.3279538, 47.5639106, 0], [35.331903, 47.547142, 0], [35.337152, 47.530162, 0], [35.334722, 47.525284, 0], [35.326426, 47.516816, 0], [35.313504, 47.512683, 0], [35.299381, 47.510983, 0], [35.280896, 47.503398, 0], [35.273654, 47.493721, 0], [35.280796, 47.472193, 0], [35.264423, 47.473907, 0], [35.202642, 47.445003, 0], [35.148662, 47.445686, 0], [35.102228, 47.451038, 0], [35.062432, 47.448694, 0], [35.046158, 47.437757, 0], [35.02882, 47.418144, 0], [34.968692, 47.389233, 0], [34.935443, 47.391632, 0], [34.883713, 47.406118, 0], [34.863371, 47.420884, 0], [34.874741, 47.437558, 0], [34.874183, 47.449528, 0], [34.859923, 47.451254, 0], [34.825201, 47.464803, 0], [34.792304, 47.467747, 0], [34.749153, 47.492601, 0], [34.708981, 47.490582, 0], [34.689413, 47.494893, 0], [34.680198, 47.510731, 0], [34.642071, 47.544419, 0], [34.628377, 47.54583, 0], [34.618034, 47.544491, 0], [34.599039, 47.53467, 0], [34.586248, 47.521809, 0], [34.544529, 47.532707, 0], [34.533137, 47.530459, 0], [34.500622, 47.499673, 0], [34.435839, 47.496913, 0], [34.405218, 47.500758, 0], [34.386948, 47.513875, 0], [34.374131, 47.507196, 0], [34.338371, 47.467761, 0], [34.334911, 47.447001, 0], [34.296102, 47.428688, 0], [34.269679, 47.439549, 0], [34.199289, 47.412104, 0], [34.145724, 47.424467, 0], [34.118345, 47.420566, 0], [34.064873, 47.424317, 0], [34.046677, 47.417654, 0], [34.042234, 47.410429, 0], [33.982732, 47.230662, 0], [33.96786, 47.211277, 0], [33.944844, 47.197252, 0], [33.929814, 47.177216, 0], [33.903126, 47.159977, 0], [33.849951, 47.137794, 0], [33.840787, 47.098524, 0], [33.802317, 47.059017, 0], [33.697668, 46.995131, 0], [33.69561, 46.95542, 0], [33.688159, 46.920449, 0], [33.678446, 46.900926, 0], [33.656816, 46.904678, 0], [33.633822, 46.899514, 0], [33.634028, 46.866257, 0], [33.63746, 46.847176, 0], [33.620298, 46.829034, 0], [33.563472, 46.818209, 0], [33.470266, 46.820961, 0], [33.402938, 46.773597, 0], [33.38953, 46.782727, 0], [33.377184, 46.776306, 0], [33.373373, 46.776487, 0], [33.37247, 46.776123, 0], [33.371408, 46.777142, 0], [33.37056, 46.776837, 0], [33.371611, 46.775729, 0], [33.357445, 46.767035, 0], [33.358896, 46.764016, 0], [33.340157, 46.757042, 0], [33.313396, 46.751477, 0], [33.286306, 46.749398, 0], [33.254381, 46.752574, 0], [33.239884, 46.76354, 0], [33.19787, 46.767502, 0], [33.153349, 46.762795, 0], [33.141455, 46.759367, 0], [33.140191, 46.756687, 0], [33.137166, 46.755756, 0], [33.132062, 46.755128, 0], [33.104047, 46.747501, 0], [33.090411, 46.743645, 0], [33.081979, 46.73801, 0], [33.073312, 46.7384, 0], [33.06219, 46.732265, 0], [33.054173, 46.731432, 0], [33.048438, 46.737604, 0], [33.044173, 46.738481, 0], [33.043353, 46.737227, 0], [33.04052, 46.729226, 0], [33.024894, 46.724573, 0], [33.01958, 46.717745, 0], [32.991091, 46.714538, 0], [32.979847, 46.710469, 0], [32.954231, 46.711542, 0], [32.942776, 46.713303, 0], [32.933393, 46.717207, 0], [32.928559, 46.718374, 0], [32.923355, 46.718326, 0], [32.905306, 46.711285, 0], [32.891767, 46.698237, 0], [32.891023, 46.693202, 0], [32.885731, 46.68905, 0], [32.879959, 46.686474, 0], [32.875045, 46.686842, 0], [32.87011, 46.682514, 0], [32.845933, 46.663276, 0], [32.833632, 46.65495, 0], [32.817026, 46.645891, 0], [32.803575, 46.64089, 0], [32.79871, 46.632116, 0], [32.784392, 46.628019, 0], [32.767524, 46.635578, 0], [32.751121, 46.630308, 0], [32.719988, 46.631762, 0], [32.684459, 46.621245, 0], [32.678738, 46.614152, 0], [32.689077, 46.606416, 0], [32.691777, 46.601258, 0], [32.666501, 46.582534, 0], [32.582333, 46.555126, 0], [32.553804, 46.541271, 0], [32.537546, 46.538063, 0], [32.531855, 46.536868, 0], [32.520688, 46.540356, 0], [32.514585, 46.54101, 0], [32.50899, 46.540014, 0], [32.505695, 46.537963, 0], [32.500265, 46.533445, 0], [32.489129, 46.527383, 0], [32.464782, 46.50806, 0], [32.457067, 46.503811, 0], [32.448322, 46.502869, 0], [32.437721, 46.503362, 0], [32.432689, 46.494759, 0], [32.431676, 46.489187, 0], [32.428259, 46.485388, 0], [32.417841, 46.485038, 0], [32.417638, 46.479462, 0], [32.401301, 46.471994, 0], [32.34392, 46.462486, 0], [32.302096, 46.467799, 0], [32.256442, 46.477196, 0], [32.236933, 46.480278, 0], [32.208497, 46.478155, 0], [32.164698, 46.489533, 0], [32.126377, 46.498662, 0], [32.078878, 46.499234, 0], [32.046395, 46.488939, 0], [31.999388, 46.488028, 0], [31.910906, 46.511556, 0], [31.90491, 46.517962, 0], [31.898754, 46.518606, 0], [31.881562, 46.518298, 0], [31.864914, 46.517622, 0], [31.807071, 46.529464, 0], [31.756921, 46.547955, 0], [31.697651, 46.545034, 0], [31.662856, 46.536405, 0], [31.631498, 46.540518, 0], [31.581672, 46.537248, 0], [31.554083, 46.545465, 0], [31.530518, 46.557632, 0], [31.513416, 46.580829, 0], [31.511296, 46.57669, 0], [31.52162, 46.561607, 0], [31.54695, 46.538732, 0], [31.614245, 46.501946, 0], [31.65675, 46.468916, 0], [31.6943, 46.440337, 0], [31.724946, 46.414472, 0], [31.74521, 46.386432, 0], [31.773838, 46.371159, 0], [31.776887, 46.37412, 0], [31.737666, 46.426222, 0], [31.720264, 46.433355, 0], [31.706976, 46.445455, 0], [31.697124, 46.447264, 0], [31.696917, 46.457512, 0], [31.704264, 46.466577, 0], [31.716453, 46.478678, 0], [31.742039, 46.485338, 0], [31.770904, 46.484579, 0], [31.797018, 46.478139, 0], [31.892118, 46.456829, 0], [31.952823, 46.437483, 0], [31.974844, 46.439231, 0], [32.002243, 46.453458, 0], [32.029038, 46.437569, 0], [32.035568, 46.416592, 0], [32.009049, 46.364143, 0], [31.969769, 46.348389, 0], [31.868275, 46.334384, 0], [31.823448, 46.337131, 0], [31.772538, 46.327173, 0], [31.745589, 46.30605, 0], [31.747738, 46.298168, 0], [31.758091, 46.294869, 0], [31.768016, 46.296545, 0], [31.774506, 46.293952, 0], [31.771212, 46.288867, 0], [31.775544, 46.28549, 0], [31.77511, 46.282294, 0], [31.782128, 46.276867, 0], [31.783287, 46.272539, 0], [31.777196, 46.268157, 0], [31.779602, 46.264496, 0], [31.784407, 46.265113, 0], [31.784514, 46.268892, 0], [31.791702, 46.273917, 0], [31.809724, 46.272123, 0], [31.814358, 46.269477, 0], [31.813241, 46.264773, 0], [31.818304, 46.26434, 0], [31.834694, 46.266167, 0], [31.833142, 46.269821, 0], [31.835191, 46.272857, 0], [31.847697, 46.267951, 0], [31.850738, 46.268283, 0], [31.86122, 46.272172, 0], [31.870831, 46.265803, 0], [31.874001, 46.265286, 0], [31.883288, 46.273445, 0], [31.895066, 46.280773, 0], [31.904488, 46.297468, 0], [31.936819, 46.292171, 0], [31.943742, 46.285588, 0], [31.955596, 46.265925, 0], [31.969511, 46.257237, 0], [32.028542, 46.245625, 0], [32.051416, 46.249814, 0], [32.077751, 46.238949, 0], [32.087826, 46.22149, 0], [32.12115, 46.204421, 0], [32.165963, 46.196922, 0], [32.187022, 46.175695, 0], [32.20613, 46.172209, 0], [32.208103, 46.186828, 0], [32.221809, 46.187739, 0], [32.239877, 46.178544, 0], [32.227939, 46.168376, 0], [32.238387, 46.149805, 0], [32.226041, 46.131886, 0], [32.389221, 46.094552, 0], [32.546537, 46.065294, 0], [32.574897, 46.063727, 0], [32.637881, 46.053703, 0], [32.739615, 46.033613, 0], [32.912066, 46.010401, 0], [32.968043, 46.012572, 0], [33.036377, 46.008034, 0], [33.070055, 46.014197, 0], [33.049658, 46.027752, 0], [33.017451, 46.025675, 0], [32.972882, 46.030736, 0], [32.941407, 46.046089, 0], [32.936279, 46.039686, 0], [32.926517, 46.031197, 0], [32.908036, 46.026622, 0], [32.878574, 46.025916, 0], [32.795279, 46.03031, 0], [32.719364, 46.039073, 0], [32.620055, 46.0604, 0], [32.55212, 46.068282, 0], [32.541847, 46.068187, 0], [32.539628, 46.073498, 0], [32.544276, 46.080477, 0], [32.596141, 46.095849, 0], [32.646659, 46.107865, 0], [32.67705, 46.099817, 0], [32.703745, 46.106234, 0], [32.732848, 46.109787, 0], [32.758447, 46.119028, 0], [32.828978, 46.111371, 0], [32.863717, 46.115723, 0], [32.913276, 46.106793, 0], [33.029605, 46.113243, 0], [33.031475, 46.149726, 0], [33.062645, 46.155591, 0], [33.101575, 46.131873, 0], [33.14047, 46.127642, 0], [33.181455, 46.147562, 0], [33.195306, 46.170137, 0], [33.222893, 46.157038, 0], [33.208021, 46.127029, 0], [33.256658, 46.138651, 0], [33.284009, 46.12504, 0], [33.308611, 46.114316, 0], [33.302996, 46.093595, 0], [33.278039, 46.094525, 0], [33.288547, 46.074961, 0], [33.318234, 46.076303, 0], [33.318315, 46.099114, 0], [33.349946, 46.093137, 0], [33.366461, 46.07525, 0], [33.407575, 46.040962, 0], [33.437087, 46.040165, 0], [33.460422, 46.046034, 0], [33.491141, 46.03224, 0], [33.51018, 46.028452, 0], [33.493142, 46.052719, 0], [33.496699, 46.070314, 0], [33.515116, 46.08243, 0], [33.561688, 46.074055, 0], [33.513984, 46.107515, 0], [33.545372, 46.12331, 0], [33.580572, 46.157178, 0], [33.60668, 46.146878, 0], [33.6897, 46.204334, 0], [33.714554, 46.196894, 0], [33.740532, 46.185128, 0], [33.82395, 46.187069, 0], [34.038334, 46.116935, 0], [34.122582, 46.108122, 0], [34.160772, 46.08043, 0], [34.227754, 46.060816, 0], [34.382464, 46.034692, 0], [34.436726, 45.968164, 0], [34.478552, 45.946947, 0], [34.556042, 45.988691, 0], [34.651415, 45.973908, 0], [34.700883, 45.959179, 0], [34.752716, 45.910231, 0], [34.782879, 45.904975, 0], [34.796134, 45.892053, 0], [34.800881, 45.804735, 0], [34.958219, 45.760037, 0], [34.977053, 45.765285, 0], [34.895963, 45.89884, 0], [34.852473, 46.009247, 0], [34.83464, 46.115559, 0], [34.833782, 46.200162, 0], [34.903003, 46.236419, 0], [35.024814, 46.256333, 0], [35.079862, 46.276666, 0], [35.11777, 46.314272, 0], [35.138002, 46.348282, 0], [35.178357, 46.362948, 0], [35.193173, 46.370951, 0], [35.218273, 46.430405, 0], [35.211759, 46.447041, 0], [35.246448, 46.446405, 0], [35.268036, 46.432201, 0], [35.254946, 46.404982, 0], [35.266102, 46.355554, 0], [35.289804, 46.356581, 0], [35.307895, 46.348318, 0], [35.31792, 46.337862, 0], [35.331193, 46.331158, 0], [35.317442, 46.317067, 0], [35.300092, 46.314492, 0], [35.294302, 46.306424, 0], [35.298987, 46.299007, 0], [35.253203, 46.248701, 0], [35.209023, 46.190401, 0], [35.136833, 46.162033, 0], [35.029347, 46.145017, 0], [35.030825, 46.127364, 0], [34.991294, 46.104591, 0], [34.978187, 46.076659, 0], [35.066419, 46.099387, 0], [35.133606, 46.119545, 0], [35.18863, 46.151465, 0], [35.265869, 46.250892, 0], [35.360236, 46.354693, 0], [35.457829, 46.441261, 0], [35.565718, 46.47543, 0], [35.624266, 46.504336, 0], [35.723987, 46.586842, 0], [35.873938, 46.645662, 0], [35.993615, 46.666059, 0], [36.11469, 46.656638, 0], [36.189885, 46.66706, 0], [36.229044, 46.650535, 0], [36.259896, 46.61865, 0], [36.19085, 46.534705, 0], [36.166514, 46.527707, 0], [36.155067, 46.527954, 0], [36.143142, 46.503306, 0], [36.171704, 46.498177, 0], [36.2328, 46.555902, 0], [36.332203, 46.677034, 0], [36.414958, 46.726012, 0], [36.536636, 46.758576, 0], [36.711062, 46.781413, 0], [36.7761, 46.754256, 0], [36.810878, 46.730372, 0], [36.818292, 46.70213, 0], [36.787614, 46.66415, 0], [36.749226, 46.643047, 0], [36.750355, 46.631181, 0], [36.769768, 46.63222, 0], [36.804988, 46.659181, 0], [36.838054, 46.70579, 0], [36.86852, 46.76572, 0], [36.897491, 46.810934, 0], [37.006126, 46.869295, 0], [37.036174, 46.870651, 0], [37.23816, 46.951031, 0], [37.282845, 46.937346, 0], [37.316173, 46.914271, 0], [37.324006, 46.891819, 0], [37.297854, 46.872763, 0], [37.284176, 46.872546, 0], [37.285569, 46.866901, 0], [37.308923, 46.870123, 0], [37.341892, 46.895048, 0], [37.478068, 47.03143, 0], [37.528548, 47.077529, 0], [37.574156, 47.085359, 0], [37.620463, 47.086602, 0], [37.627378, 47.09413, 0], [37.675812, 47.077916, 0], [37.684033, 47.076706, 0], [37.685886, 47.080525, 0], [37.71388, 47.079862, 0], [37.774395, 47.087579, 0], [37.794085, 47.083807, 0], [37.821989, 47.09092, 0], [37.83831, 47.099704, 0], [37.829283, 47.112742, 0], [37.818054, 47.119099, 0], [37.800544, 47.173272, 0], [37.811187, 47.201271, 0], [37.833503, 47.249301, 0], [37.833846, 47.285412, 0], [37.827666, 47.302643, 0], [37.834876, 47.30823, 0], [37.831786, 47.314981, 0], [37.824577, 47.321498, 0], [37.827323, 47.328479, 0], [37.829283, 47.342507, 0], [37.844489, 47.341974, 0], [37.856849, 47.343603, 0], [37.861212, 47.347858, 0], [37.859152, 47.354371, 0], [37.848609, 47.350116, 0], [37.837623, 47.352442, 0], [37.841743, 47.358489, 0], [37.851599, 47.365534, 0], [37.841643, 47.369022, 0], [37.83831, 47.378022, 0], [37.850326, 47.384298, 0], [37.856849, 47.392898, 0], [37.855819, 47.403124, 0], [37.863715, 47.426588, 0], [37.878478, 47.441684, 0], [37.892555, 47.469773, 0], [37.819427, 47.546303, 0], [37.815994, 47.585221, 0], [37.84586, 47.623762, 0], [37.852385, 47.641694, 0], [37.831275, 47.656729, 0], [37.803977, 47.660196, 0], [37.775529, 47.675427, 0], [37.764495, 47.684702, 0], [37.67268, 47.724717, 0], [37.637589, 47.751994, 0], [37.623169, 47.77311, 0], [37.634549, 47.802538, 0], [37.634262, 47.838423, 0], [37.644034, 47.886626, 0], [37.575907, 47.907733, 0], [37.5686, 47.907768, 0], [37.53503, 47.918015, 0], [37.542839, 47.932477, 0], [37.521854, 47.94582, 0], [37.247009, 48.026722, 0], [37.13538, 48.025524, 0], [37.094593, 48.011965, 0], [37.071043, 48.006485, 0], [37.011852, 48.005883, 0], [36.929174, 48.018008, 0], [36.87622, 48.039136, 0], [36.8058453, 48.0595327, 0], [36.7690225, 48.0753965, 0], [36.7472956, 48.0780964, 0], [36.7360429, 48.0643453, 0], [36.7221499, 48.0540071, 0], [36.7066244, 48.0535143, 0], [36.7043335, 48.037781, 0], [36.6988631, 48.0261797, 0], [36.6839741, 48.0192811, 0], [36.6721151, 48.0125089, 0], [36.6652849, 48.0065672, 0], [36.6623135, 48.0008002, 0], [36.63507, 47.980337, 0], [36.638286, 47.971599, 0], [36.643816, 47.970748, 0], [36.646786, 47.964472, 0], [36.6471236, 47.9604942, 0], [36.62885, 47.957946, 0], [36.630145, 47.950712, 0], [36.626654, 47.9369646, 0], [36.6103433, 47.9264769, 0], [36.6087873, 47.9232987, 0], [36.6293006, 47.9210586, 0], [36.6289303, 47.9037367, 0], [36.5740216, 47.8965362, 0], [36.5794467, 47.8738505, 0]]]}, "properties": {"name": "Окуповано /// Occupied /// geoJSON.status.occupied", "styleUrl": "#poly-A52714-2000-77-nodesc", "styleHash": "55c21ec8", "styleMapHash": {"normal": "#poly-A52714-2000-77-nodesc-normal", "highlight": "#poly-A52714-2000-77-nodesc-highlight"}, "stroke-opacity": 1, "stroke": "#a52714", "stroke-width": 2, "fill-opacity": 0.30196078431372547, "fill": "#a52714"}}, {"type": "Feature", "geometry": {"type": "Polygon", "coordinates": [[[35.4730548, 50.7252895, 0], [35.4637955, 50.7349646, 0], [35.471954, 50.7371979, 0], [35.473853, 50.7406877, 0], [35.4700818, 50.7442793, 0], [35.4700869, 50.7470017, 0], [35.4767483, 50.7521983, 0], [35.473741, 50.7551664, 0], [35.4891429, 50.7766075, 0], [35.4739399, 50.7851814, 0], [35.4623381, 50.783119, 0], [35.4507369, 50.782792, 0], [35.4347603, 50.7924683, 0], [35.4332372, 50.7945317, 0], [35.4161128, 50.7984414, 0], [35.4115648, 50.8024082, 0], [35.4101511, 50.8058122, 0], [35.413787, 50.8167469, 0], [35.4201812, 50.8295974, 0], [35.4197499, 50.8416223, 0], [35.4112467, 50.8568402, 0], [35.4032158, 50.8652066, 0], [35.3973111, 50.8641888, 0], [35.3903763, 50.865771, 0], [35.3927742, 50.8394811, 0], [35.3988303, 50.8358585, 0], [35.3953329, 50.8172889, 0], [35.3786917, 50.8075476, 0], [35.3822974, 50.7996292, 0], [35.394227, 50.79187, 0], [35.3937989, 50.7812626, 0], [35.4155463, 50.7589082, 0], [35.4178923, 50.7486479, 0], [35.4200652, 50.7404511, 0], [35.411514, 50.7408178, 0], [35.4046798, 50.7372732, 0], [35.4086922, 50.7310531, 0], [35.4226826, 50.7273588, 0], [35.4319522, 50.719154, 0], [35.4236266, 50.7077953, 0], [35.4065464, 50.7026312, 0], [35.4012677, 50.6985535, 0], [35.4059455, 50.6883867, 0], [35.4138419, 50.6789785, 0], [35.4175887, 50.6720306, 0], [35.417559, 50.6636675, 0], [35.4094913, 50.6554793, 0], [35.4292475, 50.6557391, 0], [35.4627362, 50.6663084, 0], [35.4856807, 50.6558358, 0], [35.4892589, 50.6586512, 0], [35.4869284, 50.6706136, 0], [35.4964908, 50.6786614, 0], [35.4860068, 50.6804564, 0], [35.4755222, 50.6813802, 0], [35.4725777, 50.6801819, 0], [35.4642241, 50.6844819, 0], [35.4593024, 50.6894341, 0], [35.4637851, 50.6938738, 0], [35.4605235, 50.6967553, 0], [35.4621543, 50.7028441, 0], [35.4596652, 50.7045292, 0], [35.4626693, 50.7081167, 0], [35.4665317, 50.7084972, 0], [35.4675616, 50.7164865, 0], [35.4730548, 50.7252895, 0]]]}, "properties": {"name": "Окуповано /// Occupied /// geoJSON.status.occupied\n", "styleUrl": "#poly-A52714-1200-77-nodesc", "styleHash": "5f0393c8", "styleMapHash": {"normal": "#poly-A52714-1200-77-nodesc-normal", "highlight": "#poly-A52714-1200-77-nodesc-highlight"}, "stroke-opacity": 1, "stroke": "#a52714", "stroke-width": 1.2, "fill-opacity": 0.30196078431372547, "fill": "#a52714"}}, {"type": "Feature", "geometry": {"type": "Polygon", "coordinates": [[[35.3510305, 51.0061708, 0], [35.3580257, 51.0053606, 0], [35.3657503, 51.007359, 0], [35.36854, 51.0085741, 0], [35.3749772, 51.0087901, 0], [35.3758784, 51.0103291, 0], [35.3754922, 51.0120302, 0], [35.3672525, 51.0113822, 0], [35.350258, 51.0110582, 0], [35.3484127, 51.0091815, 0], [35.3510305, 51.0061708, 0]]]}, "properties": {"name": "Окуповано /// Occupied /// geoJSON.status.occupied\n", "styleUrl": "#poly-A52714-1200-77-nodesc", "styleHash": "5f0393c8", "styleMapHash": {"normal": "#poly-A52714-1200-77-nodesc-normal", "highlight": "#poly-A52714-1200-77-nodesc-highlight"}, "stroke-opacity": 1, "stroke": "#a52714", "stroke-width": 1.2, "fill-opacity": 0.30196078431372547, "fill": "#a52714"}}, {"type": "Feature", "geometry": {"type": "Polygon", "coordinates": [[[37.432518, 50.443688, 0], [37.4404727, 50.4335986, 0], [37.4624306, 50.4189023, 0], [37.4654945, 50.4308721, 0], [37.4841668, 50.4313827, 0], [37.484493, 50.445003, 0], [37.490915, 50.457394, 0], [37.476859, 50.459505, 0], [37.473266, 50.455697, 0], [37.469072, 50.453555, 0], [37.4424897, 50.4470187, 0], [37.432518, 50.443688, 0]]]}, "properties": {"name": "Окуповано /// Occupied /// geoJSON.status.occupied\n", "styleUrl": "#poly-A52714-1200-77-nodesc", "styleHash": "5f0393c8", "styleMapHash": {"normal": "#poly-A52714-1200-77-nodesc-normal", "highlight": "#poly-A52714-1200-77-nodesc-highlight"}, "stroke-opacity": 1, "stroke": "#a52714", "stroke-width": 1.2, "fill-opacity": 0.30196078431372547, "fill": "#a52714"}}, {"type": "Feature", "geometry": {"type": "Polygon", "coordinates": [[[34.2970749, 51.7169533, 0], [34.2991777, 51.7121007, 0], [34.3009707, 51.7120983, 0], [34.3037172, 51.7166186, 0], [34.3090484, 51.7201572, 0], [34.3051, 51.7214599, 0], [34.303212, 51.7238259, 0], [34.2997142, 51.7236863, 0], [34.2970749, 51.7169533, 0]]]}, "properties": {"name": "Окуповано /// Occupied /// geoJSON.status.occupied\n", "styleUrl": "#poly-A52714-1200-77-nodesc", "styleHash": "5f0393c8", "styleMapHash": {"normal": "#poly-A52714-1200-77-nodesc-normal", "highlight": "#poly-A52714-1200-77-nodesc-highlight"}, "stroke-opacity": 1, "stroke": "#a52714", "stroke-width": 1.2, "fill-opacity": 0.30196078431372547, "fill": "#a52714"}}, {"type": "Feature", "geometry": {"type": "Polygon", "coordinates": [[[34.3559759, 51.8608179, 0], [34.3535726, 51.8556759, 0], [34.3481653, 51.8516468, 0], [34.3459337, 51.8424208, 0], [34.3597107, 51.8420109, 0], [34.3719414, 51.8373571, 0], [34.3792361, 51.8398223, 0], [34.3792361, 51.8440647, 0], [34.3741519, 51.8450012, 0], [34.369517, 51.8450012, 0], [34.3671138, 51.8487129, 0], [34.3676287, 51.8521061, 0], [34.3628222, 51.855181, 0], [34.3638522, 51.8580436, 0], [34.3559759, 51.8608179, 0]]]}, "properties": {"name": "Окуповано /// Occupied /// geoJSON.status.occupied\n", "styleUrl": "#poly-A52714-1200-77-nodesc", "styleHash": "5f0393c8", "styleMapHash": {"normal": "#poly-A52714-1200-77-nodesc-normal", "highlight": "#poly-A52714-1200-77-nodesc-highlight"}, "stroke-opacity": 1, "stroke": "#a52714", "stroke-width": 1.2, "fill-opacity": 0.30196078431372547, "fill": "#a52714"}}, {"type": "Feature", "geometry": {"type": "Polygon", "coordinates": [[[34.4061823, 51.2686798, 0], [34.4009037, 51.2709621, 0], [34.3836947, 51.2737812, 0], [34.3790598, 51.2705593, 0], [34.385583, 51.2594422, 0], [34.4030066, 51.2648131, 0], [34.4061823, 51.2686798, 0]]]}, "properties": {"name": "Окуповано /// Occupied /// geoJSON.status.occupied\n", "styleUrl": "#poly-A52714-1200-77-nodesc", "styleHash": "5f0393c8", "styleMapHash": {"normal": "#poly-A52714-1200-77-nodesc-normal", "highlight": "#poly-A52714-1200-77-nodesc-highlight"}, "stroke-opacity": 1, "stroke": "#a52714", "stroke-width": 1.2, "fill-opacity": 0.30196078431372547, "fill": "#a52714"}}, {"type": "Feature", "geometry": {"type": "Polygon", "coordinates": [[[36.1983428, 50.391406, 0], [36.2013254, 50.3892445, 0], [36.2075812, 50.3914754, 0], [36.2025176, 50.3962084, 0], [36.1989123, 50.4002846, 0], [36.1897284, 50.3984791, 0], [36.1876685, 50.3943208, 0], [36.1917884, 50.390381, 0], [36.1983428, 50.391406, 0]]]}, "properties": {"name": "Окуповано /// Occupied /// geoJSON.status.occupied\n", "styleUrl": "#poly-A52714-1200-77-nodesc", "styleHash": "5f0393c8", "styleMapHash": {"normal": "#poly-A52714-1200-77-nodesc-normal", "highlight": "#poly-A52714-1200-77-nodesc-highlight"}, "stroke-opacity": 1, "stroke": "#a52714", "stroke-width": 1.2, "fill-opacity": 0.30196078431372547, "fill": "#a52714"}}, {"type": "Feature", "geometry": {"type": "Polygon", "coordinates": [[[35.3454315, 50.9327806, 0], [35.3439858, 50.9354808, 0], [35.3394501, 50.9341781, 0], [35.3331252, 50.9344934, 0], [35.331799, 50.9300868, 0], [35.3340778, 50.9276273, 0], [35.3409683, 50.9245577, 0], [35.3456264, 50.9255997, 0], [35.3471943, 50.9198782, 0], [35.354599, 50.9161034, 0], [35.3627173, 50.9197551, 0], [35.3767521, 50.9195643, 0], [35.3888609, 50.9147995, 0], [35.4005445, 50.9147915, 0], [35.3928049, 50.9192164, 0], [35.3930469, 50.9246962, 0], [35.3875975, 50.9236282, 0], [35.3736289, 50.9234186, 0], [35.3659145, 50.9260185, 0], [35.3726191, 50.9324592, 0], [35.3643201, 50.9325809, 0], [35.3549054, 50.931079, 0], [35.3545903, 50.9319274, 0], [35.3533421, 50.9322748, 0], [35.3503772, 50.9317566, 0], [35.347752, 50.9319373, 0], [35.3475011, 50.9324069, 0], [35.3483661, 50.9328495, 0], [35.3454315, 50.9327806, 0]]]}, "properties": {"name": "Окуповано /// Occupied /// geoJSON.status.occupied\n", "styleUrl": "#poly-A52714-1200-77-nodesc", "styleHash": "5f0393c8", "styleMapHash": {"normal": "#poly-A52714-1200-77-nodesc-normal", "highlight": "#poly-A52714-1200-77-nodesc-highlight"}, "stroke-opacity": 1, "stroke": "#a52714", "stroke-width": 1.2, "fill-opacity": 0.30196078431372547, "fill": "#a52714"}}, {"type": "Feature", "geometry": {"type": "Polygon", "coordinates": [[[37.0804141, 50.3474233, 0], [37.0808896, 50.3394776, 0], [37.0751195, 50.3385725, 0], [37.0731263, 50.3358047, 0], [37.0760596, 50.3321779, 0], [37.0831985, 50.3334258, 0], [37.0834722, 50.3476026, 0], [37.0804141, 50.3474233, 0]]]}, "properties": {"name": "Окуповано /// Occupied /// geoJSON.status.occupied\n", "styleUrl": "#poly-A52714-1200-77-nodesc", "styleHash": "5f0393c8", "styleMapHash": {"normal": "#poly-A52714-1200-77-nodesc-normal", "highlight": "#poly-A52714-1200-77-nodesc-highlight"}, "stroke-opacity": 1, "stroke": "#a52714", "stroke-width": 1.2, "fill-opacity": 0.30196078431372547, "fill": "#a52714"}}, {"type": "Feature", "geometry": {"type": "Polygon", "coordinates": [[[36.2303407, 50.3717829, 0], [36.2190902, 50.3649557, 0], [36.2238491, 50.358275, 0], [36.241996, 50.358383, 0], [36.2329557, 50.3642512, 0], [36.2303407, 50.3717829, 0]]]}, "properties": {"name": "Окуповано /// Occupied /// geoJSON.status.occupied\n", "styleUrl": "#poly-A52714-1200-77-nodesc", "styleHash": "5f0393c8", "styleMapHash": {"normal": "#poly-A52714-1200-77-nodesc-normal", "highlight": "#poly-A52714-1200-77-nodesc-highlight"}, "stroke-opacity": 1, "stroke": "#a52714", "stroke-width": 1.2, "fill-opacity": 0.30196078431372547, "fill": "#a52714"}}, {"type": "Feature", "geometry": {"type": "Polygon", "coordinates": [[[37.1383816, 50.3609458, 0], [37.1433612, 50.3458564, 0], [37.1629631, 50.3519389, 0], [37.1803359, 50.3631659, 0], [37.1491147, 50.3558986, 0], [37.1383816, 50.3609458, 0]]]}, "properties": {"name": "Окуповано /// Occupied /// geoJSON.status.occupied\n", "styleUrl": "#poly-A52714-1200-77-nodesc", "styleHash": "5f0393c8", "styleMapHash": {"normal": "#poly-A52714-1200-77-nodesc-normal", "highlight": "#poly-A52714-1200-77-nodesc-highlight"}, "stroke-opacity": 1, "stroke": "#a52714", "stroke-width": 1.2, "fill-opacity": 0.30196078431372547, "fill": "#a52714"}}, {"type": "Feature", "geometry": {"type": "Polygon", "coordinates": [[[37.585999, 50.2391294, 0], [37.5943873, 50.2338652, 0], [37.5866174, 50.2303641, 0], [37.5988438, 50.2213721, 0], [37.6148445, 50.2223728, 0], [37.6268952, 50.2405027, 0], [37.6001937, 50.2405285, 0], [37.5885963, 50.2456012, 0], [37.585999, 50.2391294, 0]]]}, "properties": {"name": "Окуповано /// Occupied /// geoJSON.status.occupied\n", "styleUrl": "#poly-A52714-1200-77-nodesc", "styleHash": "5f0393c8", "styleMapHash": {"normal": "#poly-A52714-1200-77-nodesc-normal", "highlight": "#poly-A52714-1200-77-nodesc-highlight"}, "stroke-opacity": 1, "stroke": "#a52714", "stroke-width": 1.2, "fill-opacity": 0.30196078431372547, "fill": "#a52714"}}, {"type": "Feature", "geometry": {"type": "Polygon", "coordinates": [[[34.942155, 50.490566, 0], [34.926154, 50.489762, 0], [34.918396, 50.473666, 0], [34.938031, 50.468261, 0], [34.942413, 50.454604, 0], [34.966429, 50.452582, 0], [34.970557, 50.457859, 0], [34.987412, 50.455088, 0], [34.992964, 50.460483, 0], [34.984814, 50.471273, 0], [34.992919, 50.480133, 0], [34.980999, 50.494999, 0], [34.975854, 50.498777, 0], [34.971893, 50.501611, 0], [34.965765, 50.498264, 0], [34.946551, 50.488991, 0], [34.942155, 50.490566, 0]]]}, "properties": {"name": "Звільнено 25.03 /// Liberated 25.03 /// geoJSON.status.dismissed_at {{at:25.03}}", "styleUrl": "#poly-0F9D58-2000-77", "styleHash": "-6747544", "styleMapHash": {"normal": "#poly-0F9D58-2000-77-normal", "highlight": "#poly-0F9D58-2000-77-highlight"}, "description": "Підтверджено спочатку волонтерами, потім Генеральним Штабом. +є багато світлин зі звільненого міста зі спаленою технікою орків<br>///<br>Confirmed first by volunteers, then by the General Staff. Moreover, there are many photos from the liberated city showing burnt Russian equipment<br>/// geoJSON.descriptions.#1", "stroke-opacity": 1, "stroke": "#0f9d58", "stroke-width": 2, "fill-opacity": 0.30196078431372547, "fill": "#0f9d58"}}, {"type": "Feature", "geometry": {"type": "Polygon", "coordinates": [[[32.145013, 46.939465, 0], [32.166726, 46.944245, 0], [32.157444, 46.996877, 0], [32.188694, 47.035458, 0], [32.228456, 47.029637, 0], [32.366269, 47.044463, 0], [32.3661, 47.056441, 0], [32.197495, 47.045812, 0], [32.194321, 47.060306, 0], [32.165478, 47.048876, 0], [32.167923, 47.041657, 0], [32.140203, 47.023822, 0], [32.114839, 47.042453, 0], [32.03794, 47.049695, 0], [32.149692, 47.20993, 0], [32.116441, 47.351815, 0], [32.121476, 47.360014, 0], [32.221287, 47.373768, 0], [32.243054, 47.315028, 0], [32.237441, 47.2824, 0], [32.253794, 47.241387, 0], [32.273914, 47.254586, 0], [32.27208, 47.345122, 0], [32.294535, 47.366938, 0], [32.298212, 47.39445, 0], [32.261787, 47.399996, 0], [32.207108, 47.395446, 0], [32.188722, 47.389092, 0], [32.116101, 47.382719, 0], [32.118663, 47.392031, 0], [32.119521, 47.400407, 0], [32.088768, 47.466635, 0], [32.080601, 47.497048, 0], [32.084293, 47.50747, 0], [32.100216, 47.51013, 0], [32.105154, 47.515804, 0], [32.103622, 47.528067, 0], [32.097142, 47.536457, 0], [32.099052, 47.549692, 0], [32.103098, 47.565114, 0], [32.104059, 47.579376, 0], [32.104203, 47.619331, 0], [32.024095, 47.613827, 0], [31.925858, 47.605115, 0], [31.919896, 47.632598, 0], [31.874671, 47.628645, 0], [31.872544, 47.64662, 0], [31.865094, 47.649563, 0], [31.842617, 47.645917, 0], [31.830939, 47.64068, 0], [31.82948, 47.632625, 0], [31.821714, 47.621888, 0], [31.821103, 47.60983, 0], [31.815171, 47.610038, 0], [31.807427, 47.617629, 0], [31.774178, 47.675822, 0], [31.758883, 47.674128, 0], [31.621592, 47.652366, 0], [31.560313, 47.638965, 0], [31.51659, 47.624514, 0], [31.476323, 47.610277, 0], [31.426488, 47.591913, 0], [31.372569, 47.573758, 0], [31.342391, 47.559711, 0], [31.33769, 47.557783, 0], [31.340284, 47.552843, 0], [31.342685, 47.552108, 0], [31.343757, 47.550322, 0], [31.35395, 47.554481, 0], [31.388328, 47.567099, 0], [31.522805, 47.610284, 0], [31.569267, 47.628113, 0], [31.625376, 47.644993, 0], [31.765131, 47.663479, 0], [31.776563, 47.647887, 0], [31.787098, 47.626892, 0], [31.805861, 47.604738, 0], [31.819868, 47.603258, 0], [31.825803, 47.602477, 0], [31.827437, 47.608875, 0], [31.845179, 47.639687, 0], [31.860528, 47.641576, 0], [31.866501, 47.622445, 0], [31.909252, 47.626381, 0], [31.919372, 47.598971, 0], [32.079379, 47.609992, 0], [32.087818, 47.590688, 0], [32.073587, 47.564426, 0], [32.075736, 47.549464, 0], [32.073081, 47.529407, 0], [32.066572, 47.520542, 0], [32.063843, 47.500316, 0], [32.071191, 47.465782, 0], [32.082672, 47.44212, 0], [32.039919, 47.443064, 0], [32.0405, 47.427131, 0], [32.080361, 47.430007, 0], [32.09256, 47.412862, 0], [32.033014, 47.399664, 0], [32.032844, 47.37791, 0], [32.094155, 47.360016, 0], [32.136122, 47.212932, 0], [32.01088, 47.050926, 0], [32.01854, 47.033169, 0], [32.045836, 47.03751, 0], [32.109007, 47.026278, 0], [32.145013, 46.939465, 0]]]}, "properties": {"name": "Звільнено /// Liberated  /// geoJSON.status.dismissed", "styleUrl": "#poly-0F9D58-2000-77", "styleHash": "-6747544", "styleMapHash": {"normal": "#poly-0F9D58-2000-77-normal", "highlight": "#poly-0F9D58-2000-77-highlight"}, "description": "На каналі є детальний пост https://t.me/DeepStateUA/10772<br>/// In our Telegram there is a separate message about this https://t.me/DeepStateUA/10772 /// (https://t.me/DeepStateUA/10772 ///) geoJSON.descriptions.#2", "stroke-opacity": 1, "stroke": "#0f9d58", "stroke-width": 2, "fill-opacity": 0.30196078431372547, "fill": "#0f9d58"}}, {"type": "Feature", "geometry": {"type": "Polygon", "coordinates": [[[32.01088, 47.050926, 0], [31.972127, 47.048698, 0], [31.908151, 47.157574, 0], [31.880425, 47.215058, 0], [31.865455, 47.220363, 0], [31.849902, 47.226776, 0], [31.821184, 47.249171, 0], [31.811307, 47.267834, 0], [31.827383, 47.290026, 0], [31.814757, 47.321743, 0], [31.802271, 47.330862, 0], [31.791377, 47.334233, 0], [31.771497, 47.34129, 0], [31.76067, 47.345073, 0], [31.76337, 47.34727, 0], [31.764525, 47.350629, 0], [31.762888, 47.35223, 0], [31.756508, 47.353632, 0], [31.755004, 47.357514, 0], [31.756075, 47.359536, 0], [31.758562, 47.361138, 0], [31.758041, 47.364575, 0], [31.755797, 47.36517, 0], [31.752092, 47.365474, 0], [31.749296, 47.360219, 0], [31.749443, 47.354684, 0], [31.74823, 47.351044, 0], [31.726159, 47.357579, 0], [31.69506, 47.355225, 0], [31.664545, 47.360332, 0], [31.642608, 47.366364, 0], [31.61576, 47.389557, 0], [31.582565, 47.419186, 0], [31.566891, 47.427939, 0], [31.538153, 47.463163, 0], [31.516038, 47.471603, 0], [31.502158, 47.473077, 0], [31.477963, 47.47385, 0], [31.455901, 47.489546, 0], [31.441768, 47.504583, 0], [31.425769, 47.522536, 0], [31.413988, 47.533597, 0], [31.410243, 47.540055, 0], [31.398237, 47.543781, 0], [31.387856, 47.543152, 0], [31.381595, 47.544434, 0], [31.370787, 47.545728, 0], [31.360438, 47.549656, 0], [31.35395, 47.554481, 0], [31.343757, 47.550322, 0], [31.342849, 47.546982, 0], [31.352563, 47.54374, 0], [31.365916, 47.54104, 0], [31.374998, 47.537264, 0], [31.377609, 47.537247, 0], [31.38209, 47.536069, 0], [31.38537, 47.534718, 0], [31.389242, 47.532286, 0], [31.401698, 47.531593, 0], [31.405969, 47.53006, 0], [31.410582, 47.52644, 0], [31.414906, 47.520537, 0], [31.417683, 47.512838, 0], [31.417229, 47.5088, 0], [31.436337, 47.482673, 0], [31.471083, 47.461956, 0], [31.505806, 47.459332, 0], [31.524046, 47.454379, 0], [31.533883, 47.439366, 0], [31.546114, 47.42435, 0], [31.584969, 47.400813, 0], [31.606288, 47.377267, 0], [31.632394, 47.356506, 0], [31.692452, 47.347893, 0], [31.702808, 47.3424, 0], [31.693567, 47.332995, 0], [31.686387, 47.332197, 0], [31.686764, 47.330126, 0], [31.689442, 47.325659, 0], [31.693527, 47.323658, 0], [31.702135, 47.321901, 0], [31.705335, 47.318572, 0], [31.712535, 47.320979, 0], [31.719827, 47.320902, 0], [31.722272, 47.325808, 0], [31.738773, 47.32768, 0], [31.751587, 47.341012, 0], [31.752687, 47.340885, 0], [31.796009, 47.325807, 0], [31.808015, 47.31821, 0], [31.817747, 47.290031, 0], [31.80216, 47.267035, 0], [31.809426, 47.247291, 0], [31.819572, 47.232996, 0], [31.83648, 47.218507, 0], [31.836852, 47.196686, 0], [31.875651, 47.152465, 0], [31.818315, 47.115095, 0], [31.848528, 47.079569, 0], [31.915134, 47.086816, 0], [31.913972, 47.077755, 0], [31.905945, 47.068694, 0], [31.874799, 47.05197, 0], [31.871967, 47.045193, 0], [31.895975, 47.045021, 0], [31.917928, 47.056074, 0], [31.946034, 47.043084, 0], [31.97762, 47.0253, 0], [32.01854, 47.033169, 0], [32.01088, 47.050926, 0]]]}, "properties": {"name": "Звільнено 16.03-17.03 /// Liberated 16.03-17.03 /// geoJSON.status.dismissed_at {{at:16.03 -17.03}}", "styleUrl": "#poly-0F9D58-2000-77", "styleHash": "-6747544", "styleMapHash": {"normal": "#poly-0F9D58-2000-77-normal", "highlight": "#poly-0F9D58-2000-77-highlight"}, "description": "На каналі є детальний пост про цю територію https://t.me/DeepStateUA/10772<br><br>/// In our Telegram there is a separate message about this https://t.me/DeepStateUA/10772  (https://t.me/DeepStateUA/10772 )<br>/// geoJSON.descriptions.#2", "stroke-opacity": 1, "stroke": "#0f9d58", "stroke-width": 2, "fill-opacity": 0.30196078431372547, "fill": "#0f9d58"}}, {"type": "Feature", "geometry": {"type": "Polygon", "coordinates": [[[32.243533, 46.78606, 0], [32.244907, 46.770425, 0], [32.304247, 46.777343, 0], [32.363956, 46.83223, 0], [32.37102, 46.844776, 0], [32.361407, 46.856516, 0], [32.356744, 46.866851, 0], [32.35573, 46.876594, 0], [32.382766, 46.876949, 0], [32.404311, 46.883165, 0], [32.399332, 46.896304, 0], [32.397005, 46.929504, 0], [32.42264, 46.959012, 0], [32.387939, 46.96351, 0], [32.379035, 46.987997, 0], [32.37488, 46.995417, 0], [32.166726, 46.944245, 0], [32.145013, 46.939465, 0], [32.11732, 46.933224, 0], [32.11629, 46.935451, 0], [32.104274, 46.947171, 0], [32.09552, 46.94928, 0], [32.086078, 46.949163, 0], [32.07801, 46.946351, 0], [32.06874, 46.940374, 0], [32.061874, 46.933927, 0], [32.058269, 46.928769, 0], [32.067195, 46.920211, 0], [32.082263, 46.911155, 0], [32.092047, 46.880187, 0], [32.055827, 46.865401, 0], [32.070247, 46.860942, 0], [32.086039, 46.862584, 0], [32.112486, 46.830765, 0], [32.147143, 46.811622, 0], [32.153909, 46.80802, 0], [32.186447, 46.796953, 0], [32.243533, 46.78606, 0]]]}, "properties": {"name": "Звільнено /// Liberated /// geoJSON.status.dismissed", "styleUrl": "#poly-0F9D58-2000-77-nodesc", "styleHash": "-5650abb0", "styleMapHash": {"normal": "#poly-0F9D58-2000-77-nodesc-normal", "highlight": "#poly-0F9D58-2000-77-nodesc-highlight"}, "stroke-opacity": 1, "stroke": "#0f9d58", "stroke-width": 2, "fill-opacity": 0.30196078431372547, "fill": "#0f9d58"}}, {"type": "Feature", "geometry": {"type": "Polygon", "coordinates": [[[34.922718, 50.350303, 0], [34.908593, 50.33738, 0], [34.905832, 50.333297, 0], [34.90192, 50.33131, 0], [34.897279, 50.327817, 0], [34.894164, 50.321404, 0], [34.893729, 50.309548, 0], [34.88862, 50.309595, 0], [34.884219, 50.307655, 0], [34.877524, 50.309489, 0], [34.877232, 50.309127, 0], [34.884326, 50.306869, 0], [34.889035, 50.30903, 0], [34.89442, 50.309074, 0], [34.895804, 50.321117, 0], [34.898424, 50.327185, 0], [34.90214, 50.330184, 0], [34.907058, 50.332964, 0], [34.910414, 50.336578, 0], [34.92407, 50.342818, 0], [34.941415, 50.343355, 0], [34.949471, 50.351773, 0], [34.928605, 50.351664, 0], [34.922718, 50.350303, 0]]]}, "properties": {"name": "Звільнено 25.03 /// Liberated 25.03 /// geoJSON.status.dismissed_at {{at:25.03}}", "styleUrl": "#poly-0F9D58-2000-77", "styleHash": "-6747544", "styleMapHash": {"normal": "#poly-0F9D58-2000-77-normal", "highlight": "#poly-0F9D58-2000-77-highlight"}, "description": "25.03 мер міста Тростянця повідомив, що місто звільняють. Отже ЗСУ підійшли до міста, дорога наша Це також підтверджують попередні, неофіційні повідомлення<br><br>///On March 25, the mayor of Trostianets announced that the city was being vacated. The Armed Forces probably approached the city this way. This is also confirmed by previous, unofficial reports<br><br>/// geoJSON.descriptions.#3", "stroke-opacity": 1, "stroke": "#0f9d58", "stroke-width": 2, "fill-opacity": 0.30196078431372547, "fill": "#0f9d58"}}, {"type": "Feature", "geometry": {"type": "Polygon", "coordinates": [[[32.366269, 47.044463, 0], [32.370362, 47.020543, 0], [32.376027, 47.002518, 0], [32.37488, 46.995417, 0], [32.379035, 46.987997, 0], [32.387939, 46.96351, 0], [32.42264, 46.959012, 0], [32.476656, 46.985068, 0], [32.487384, 46.998417, 0], [32.50721, 47.006063, 0], [32.515198, 47.020965, 0], [32.51994, 47.044387, 0], [32.466737, 47.033028, 0], [32.458568, 47.03806, 0], [32.454145, 47.050112, 0], [32.451113, 47.067364, 0], [32.46127, 47.074822, 0], [32.460273, 47.083916, 0], [32.463426, 47.091496, 0], [32.463834, 47.10001, 0], [32.444864, 47.105058, 0], [32.437092, 47.152896, 0], [32.460398, 47.157292, 0], [32.4634, 47.170318, 0], [32.466191, 47.174322, 0], [32.462629, 47.17856, 0], [32.450162, 47.180444, 0], [32.444186, 47.179168, 0], [32.439139, 47.176896, 0], [32.434556, 47.17506, 0], [32.429287, 47.172289, 0], [32.422711, 47.170515, 0], [32.415991, 47.169393, 0], [32.400786, 47.171283, 0], [32.406094, 47.210731, 0], [32.38341, 47.212074, 0], [32.36289, 47.203128, 0], [32.362628, 47.189749, 0], [32.360768, 47.189285, 0], [32.359324, 47.188003, 0], [32.357229, 47.186487, 0], [32.348354, 47.17377, 0], [32.350734, 47.163214, 0], [32.352426, 47.152074, 0], [32.359743, 47.104032, 0], [32.36607, 47.067269, 0], [32.3661, 47.056441, 0], [32.366269, 47.044463, 0]]]}, "properties": {"name": "Звільнено 23.03 /// Liberated 23.03 /// geoJSON.status.dismissed_at {{at:23.03}}", "styleUrl": "#poly-0F9D58-2000-77-nodesc", "styleHash": "-5650abb0", "styleMapHash": {"normal": "#poly-0F9D58-2000-77-nodesc-normal", "highlight": "#poly-0F9D58-2000-77-nodesc-highlight"}, "stroke-opacity": 1, "stroke": "#0f9d58", "stroke-width": 2, "fill-opacity": 0.30196078431372547, "fill": "#0f9d58"}}, {"type": "Feature", "geometry": {"type": "Polygon", "coordinates": [[[31.334191, 50.504248, 0], [31.339066, 50.509133, 0], [31.354552, 50.515286, 0], [31.370881, 50.519561, 0], [31.384411, 50.531518, 0], [31.389737, 50.526745, 0], [31.399096, 50.524891, 0], [31.402202, 50.524048, 0], [31.405652, 50.522715, 0], [31.407488, 50.520839, 0], [31.408057, 50.51985, 0], [31.409501, 50.518728, 0], [31.412154, 50.517867, 0], [31.41378, 50.517736, 0], [31.414678, 50.51897, 0], [31.415465, 50.519591, 0], [31.416203, 50.520583, 0], [31.417129, 50.52138, 0], [31.423634, 50.519557, 0], [31.428792, 50.517643, 0], [31.431027, 50.516332, 0], [31.431116, 50.515293, 0], [31.430866, 50.512588, 0], [31.432199, 50.510034, 0], [31.439712, 50.507044, 0], [31.444309, 50.50679, 0], [31.448324, 50.506881, 0], [31.462722, 50.499516, 0], [31.470871, 50.497565, 0], [31.476789, 50.506533, 0], [31.45326, 50.512349, 0], [31.449152, 50.516106, 0], [31.446107, 50.516914, 0], [31.442352, 50.517263, 0], [31.439273, 50.517001, 0], [31.437304, 50.516869, 0], [31.435664, 50.516607, 0], [31.426469, 50.520384, 0], [31.424732, 50.521824, 0], [31.424624, 50.523264, 0], [31.424656, 50.52502, 0], [31.422955, 50.526062, 0], [31.420302, 50.526311, 0], [31.417173, 50.525452, 0], [31.414321, 50.52546, 0], [31.41238, 50.525572, 0], [31.411237, 50.524974, 0], [31.411525, 50.524047, 0], [31.411368, 50.523392, 0], [31.410088, 50.523338, 0], [31.408761, 50.523311, 0], [31.400845, 50.526025, 0], [31.392209, 50.527901, 0], [31.386619, 50.53245, 0], [31.447973, 50.548005, 0], [31.469163, 50.55388, 0], [31.482459, 50.55659, 0], [31.486017, 50.55429, 0], [31.494335, 50.550944, 0], [31.501006, 50.550312, 0], [31.514823, 50.552806, 0], [31.528179, 50.553231, 0], [31.534889, 50.554444, 0], [31.540417, 50.555341, 0], [31.549819, 50.56339, 0], [31.563152, 50.574573, 0], [31.630594, 50.579726, 0], [31.663029, 50.585729, 0], [31.656163, 50.591832, 0], [31.65479, 50.59837, 0], [31.623842, 50.59249, 0], [31.57814, 50.592687, 0], [31.523963, 50.587597, 0], [31.452619, 50.735032, 0], [31.530425, 50.738399, 0], [31.663379, 50.607387, 0], [31.67396, 50.610871, 0], [31.693242, 50.618851, 0], [31.567076, 50.774225, 0], [31.430661, 50.768335, 0], [31.403564, 50.82429, 0], [31.349546, 50.870584, 0], [31.287201, 50.877849, 0], [31.249183, 50.868272, 0], [31.242443, 50.852991, 0], [31.327693, 50.843766, 0], [31.353943, 50.801893, 0], [31.352169, 50.757923, 0], [31.144481, 50.716284, 0], [31.189002, 50.67338, 0], [31.227286, 50.681805, 0], [31.391023, 50.726432, 0], [31.451538, 50.6532, 0], [31.492015, 50.586603, 0], [31.487676, 50.582652, 0], [31.486895, 50.577802, 0], [31.485676, 50.574316, 0], [31.48324, 50.575959, 0], [31.468769, 50.586872, 0], [31.454857, 50.595526, 0], [31.434943, 50.59796, 0], [31.407292, 50.599738, 0], [31.398148, 50.599557, 0], [31.390721, 50.607439, 0], [31.38977, 50.611, 0], [31.391751, 50.624898, 0], [31.343284, 50.637354, 0], [31.33738, 50.642401, 0], [31.328997, 50.649444, 0], [31.318404, 50.655255, 0], [31.306138, 50.659473, 0], [31.29602, 50.659635, 0], [31.289388, 50.645601, 0], [31.263074, 50.623545, 0], [31.273865, 50.613222, 0], [31.266857, 50.606562, 0], [31.26489, 50.59569, 0], [31.276437, 50.595374, 0], [31.280433, 50.602904, 0], [31.287657, 50.609161, 0], [31.302473, 50.62487, 0], [31.329915, 50.630066, 0], [31.354517, 50.625511, 0], [31.375681, 50.618338, 0], [31.368216, 50.603572, 0], [31.367681, 50.597593, 0], [31.368176, 50.592812, 0], [31.370195, 50.588917, 0], [31.378826, 50.586557, 0], [31.386318, 50.588699, 0], [31.394013, 50.590206, 0], [31.399921, 50.592375, 0], [31.41163, 50.593241, 0], [31.426754, 50.593564, 0], [31.440675, 50.589855, 0], [31.479144, 50.567964, 0], [31.474003, 50.567004, 0], [31.335569, 50.519595, 0], [31.323858, 50.514185, 0], [31.321098, 50.526706, 0], [31.28933, 50.535074, 0], [31.282957, 50.511213, 0], [31.262654, 50.512491, 0], [31.253162, 50.516331, 0], [31.247643, 50.516231, 0], [31.241095, 50.514603, 0], [31.236881, 50.506776, 0], [31.229368, 50.499696, 0], [31.214648, 50.499821, 0], [31.207494, 50.489162, 0], [31.213668, 50.484301, 0], [31.236294, 50.483591, 0], [31.262181, 50.484404, 0], [31.276052, 50.489526, 0], [31.301253, 50.493112, 0], [31.33084, 50.496796, 0], [31.353442, 50.499019, 0], [31.362869, 50.495289, 0], [31.370407, 50.491887, 0], [31.37072, 50.489231, 0], [31.366883, 50.487414, 0], [31.36127, 50.484874, 0], [31.356223, 50.483289, 0], [31.35231, 50.480337, 0], [31.3462, 50.476618, 0], [31.341536, 50.472676, 0], [31.338046, 50.469382, 0], [31.338618, 50.466071, 0], [31.342018, 50.462243, 0], [31.347323, 50.461694, 0], [31.352199, 50.46273, 0], [31.357844, 50.464663, 0], [31.360743, 50.465831, 0], [31.365101, 50.46607, 0], [31.366937, 50.463949, 0], [31.369485, 50.461195, 0], [31.373064, 50.461008, 0], [31.374169, 50.46268, 0], [31.375151, 50.465401, 0], [31.375532, 50.467685, 0], [31.374906, 50.469845, 0], [31.373906, 50.471526, 0], [31.372033, 50.473678, 0], [31.370581, 50.4753, 0], [31.368998, 50.478023, 0], [31.370566, 50.481214, 0], [31.377187, 50.485758, 0], [31.381933, 50.483263, 0], [31.389252, 50.480657, 0], [31.402163, 50.477972, 0], [31.406388, 50.487633, 0], [31.40306, 50.499423, 0], [31.380541, 50.498436, 0], [31.365904, 50.505457, 0], [31.353223, 50.505016, 0], [31.334191, 50.504248, 0]]]}, "properties": {"name": "Звільнено 27-31.03/// Liberated 27-31.03 /// geoJSON.status.dismissed_at {{at:27.03 - 31.03}}", "styleUrl": "#poly-0F9D58-2000-77", "styleHash": "-6747544", "styleMapHash": {"normal": "#poly-0F9D58-2000-77-normal", "highlight": "#poly-0F9D58-2000-77-highlight"}, "description": "31.03 Дмитро Корчинський у своєму телеграмі повідомив, що Нову Басань звільнено. Маємо також інформацію. що бої тривають. Треба перевірка<br>Інші населені пункти 100% звільнено, про це повідомляли різні джерела<br>///<br>31.03 On the 31st of March Dmytro Korchynskyi reported that the village of Nova Basan was liberated. <br>Various sources confirm the deoccupation of other villages in the area.<br><br>/// geoJSON.descriptions.#4", "stroke-opacity": 1, "stroke": "#0f9d58", "stroke-width": 2, "fill-opacity": 0.30196078431372547, "fill": "#0f9d58"}}, {"type": "Feature", "geometry": {"type": "Polygon", "coordinates": [[[34.975854, 50.498777, 0], [34.977914, 50.515972, 0], [34.971391, 50.529287, 0], [34.966241, 50.53998, 0], [34.978944, 50.560486, 0], [34.977228, 50.58011, 0], [34.973794, 50.599291, 0], [34.993101, 50.598887, 0], [35.010257, 50.600403, 0], [35.0106, 50.611298, 0], [34.998412, 50.616417, 0], [34.992833, 50.623606, 0], [34.991975, 50.628615, 0], [34.990602, 50.637271, 0], [34.988456, 50.641136, 0], [34.981418, 50.643313, 0], [34.964595, 50.640483, 0], [34.954982, 50.632861, 0], [34.945195, 50.620828, 0], [34.930263, 50.614674, 0], [34.935928, 50.603127, 0], [34.960475, 50.599096, 0], [34.961162, 50.568141, 0], [34.951892, 50.548947, 0], [34.948459, 50.538038, 0], [34.955325, 50.524508, 0], [34.961848, 50.510318, 0], [34.965765, 50.498264, 0], [34.971893, 50.501611, 0], [34.975854, 50.498777, 0]]]}, "properties": {"name": "Звільнено 26.03 /// Liberated 26.03 /// geoJSON.status.dismissed_at {{at:26.03}}", "styleUrl": "#poly-0F9D58-2000-77", "styleHash": "-6747544", "styleMapHash": {"normal": "#poly-0F9D58-2000-77-normal", "highlight": "#poly-0F9D58-2000-77-highlight"}, "description": "Про це написав у своєму телеграмі голова Сумської ОДА Дмитро Живицький, що звільнено Тростянець та Боромлю<br>///<br>Dmytro Zhyvytskyi, the head of the Sumy Regional State Administration, wrote in his Telegram that Trostyanets and Boromlya were liberated<br>/// geoJSON.descriptions.#6", "stroke-opacity": 1, "stroke": "#0f9d58", "stroke-width": 2, "fill-opacity": 0.30196078431372547, "fill": "#0f9d58"}}, {"type": "Feature", "geometry": {"type": "Polygon", "coordinates": [[[36.805489, 49.362899, 0], [36.796023, 49.364862, 0], [36.783468, 49.359892, 0], [36.805079, 49.348841, 0], [36.802076, 49.316627, 0], [36.802291, 49.275938, 0], [36.810894, 49.269411, 0], [36.829311, 49.255092, 0], [36.84456, 49.245908, 0], [36.851222, 49.243224, 0], [36.861665, 49.241565, 0], [36.872279, 49.239401, 0], [36.879898, 49.2376, 0], [36.881595, 49.23591, 0], [36.885332, 49.231522, 0], [36.885807, 49.230357, 0], [36.886282, 49.226277, 0], [36.893328, 49.216628, 0], [36.898834, 49.209101, 0], [36.905034, 49.198533, 0], [36.904387, 49.191308, 0], [36.89168, 49.181303, 0], [36.882065, 49.183639, 0], [36.862492, 49.188757, 0], [36.864298, 49.181547, 0], [36.873142, 49.17703, 0], [36.872628, 49.171167, 0], [36.881125, 49.164645, 0], [36.88726, 49.158016, 0], [36.897988, 49.155562, 0], [36.908521, 49.161989, 0], [36.915171, 49.170356, 0], [36.920499, 49.187448, 0], [36.92138, 49.189485, 0], [36.923548, 49.191354, 0], [36.923965, 49.194628, 0], [36.926699, 49.196107, 0], [36.92682, 49.197773, 0], [36.92571, 49.20135, 0], [36.916901, 49.206484, 0], [36.909149, 49.206919, 0], [36.90201, 49.215772, 0], [36.895521, 49.22401, 0], [36.889015, 49.236761, 0], [36.886627, 49.239984, 0], [36.857286, 49.245946, 0], [36.836741, 49.25724, 0], [36.807866, 49.278932, 0], [36.810817, 49.289226, 0], [36.812739, 49.298959, 0], [36.812944, 49.308356, 0], [36.810746, 49.317418, 0], [36.812717, 49.337336, 0], [36.81422, 49.349921, 0], [36.831248, 49.347979, 0], [36.835572, 49.350678, 0], [36.838042, 49.352944, 0], [36.83948, 49.354796, 0], [36.870396, 49.374983, 0], [36.889473, 49.380918, 0], [36.838362, 49.405167, 0], [36.828982, 49.407258, 0], [36.825656, 49.407425, 0], [36.824869, 49.390405, 0], [36.820966, 49.381312, 0], [36.81393, 49.365301, 0], [36.805489, 49.362899, 0]]]}, "properties": {"name": "Звільнено 27-29.03 /// Liberated 27-29.03 /// geoJSON.status.dismissed_at {{at:27.03 - 29.03}}", "styleUrl": "#poly-0F9D58-2000-77", "styleHash": "-6747544", "styleMapHash": {"normal": "#poly-0F9D58-2000-77-normal", "highlight": "#poly-0F9D58-2000-77-highlight"}, "description": "Гусарівку звільнено - повідомив відомий волонтер Роман Донік у своєму телеграмі.<br>Є достовірна інформація про звільнення н.п. Петрівське та Завгороднє, з яких ворог обстрілював Грушуваху та Велику Комишуваху<br>///<br>Well-known volunteer Roman Donik announced the liberation of Husarivka in his telegram channel.<br>There is also reliable information about the liberation of the settlements of Petrivske and Zavgorodne, formerly used by the enemy to shell Grushuvakha and Velyka Komyshuvakha.<br>/// geoJSON.descriptions.#7", "stroke-opacity": 1, "stroke": "#0f9d58", "stroke-width": 2, "fill-opacity": 0.30196078431372547, "fill": "#0f9d58"}}, {"type": "Feature", "geometry": {"type": "Polygon", "coordinates": [[[33.095122, 47.561679, 0], [33.087531, 47.552797, 0], [33.112937, 47.556388, 0], [33.143493, 47.547467, 0], [33.144351, 47.534488, 0], [33.157741, 47.531359, 0], [33.17834, 47.520926, 0], [33.190668, 47.520993, 0], [33.19142, 47.517732, 0], [33.194971, 47.517956, 0], [33.200066, 47.503586, 0], [33.201139, 47.487886, 0], [33.204358, 47.487073, 0], [33.211453, 47.444104, 0], [33.222211, 47.444774, 0], [33.236115, 47.446167, 0], [33.236416, 47.453393, 0], [33.261561, 47.458908, 0], [33.281171, 47.452724, 0], [33.307486, 47.456204, 0], [33.308114, 47.465574, 0], [33.320188, 47.471752, 0], [33.322649, 47.472832, 0], [33.328801, 47.471969, 0], [33.332442, 47.469952, 0], [33.334301, 47.467732, 0], [33.334921, 47.465553, 0], [33.347615, 47.467067, 0], [33.348045, 47.468052, 0], [33.347406, 47.469102, 0], [33.346509, 47.470181, 0], [33.345166, 47.470715, 0], [33.343093, 47.470842, 0], [33.341782, 47.47176, 0], [33.341238, 47.473313, 0], [33.341016, 47.474894, 0], [33.340703, 47.475689, 0], [33.34019, 47.476182, 0], [33.340707, 47.476674, 0], [33.338231, 47.478566, 0], [33.336913, 47.479298, 0], [33.336808, 47.480381, 0], [33.335951, 47.480886, 0], [33.334407, 47.481159, 0], [33.331546, 47.481435, 0], [33.32681, 47.489163, 0], [33.314922, 47.489379, 0], [33.309615, 47.501731, 0], [33.296556, 47.503732, 0], [33.279021, 47.517182, 0], [33.279768, 47.521499, 0], [33.287725, 47.526974, 0], [33.287629, 47.538656, 0], [33.286143, 47.543685, 0], [33.274101, 47.54628, 0], [33.259653, 47.540015, 0], [33.239575, 47.53051, 0], [33.218826, 47.531553, 0], [33.198806, 47.528482, 0], [33.195501, 47.530481, 0], [33.181747, 47.528743, 0], [33.168078, 47.534683, 0], [33.165847, 47.540593, 0], [33.155719, 47.543606, 0], [33.152457, 47.55415, 0], [33.135806, 47.559131, 0], [33.111087, 47.563417, 0], [33.095122, 47.561679, 0]]]}, "properties": {"name": "Звільнено 30.03 /// Liberated 30.03 /// geoJSON.status.dismissed_at {{at:30.03}}", "styleUrl": "#poly-0F9D58-2000-77", "styleHash": "-6747544", "styleMapHash": {"normal": "#poly-0F9D58-2000-77-normal", "highlight": "#poly-0F9D58-2000-77-highlight"}, "description": "Вечірнє зведення Генерального Штабу 30.03<br><br>///Evening announcement of the General Staff 30.03<br><br>/// geoJSON.descriptions.#8", "stroke-opacity": 1, "stroke": "#0f9d58", "stroke-width": 2, "fill-opacity": 0.30196078431372547, "fill": "#0f9d58"}}, {"type": "Feature", "geometry": {"type": "Polygon", "coordinates": [[[34.988456, 50.641136, 0], [35.004306, 50.659903, 0], [35.003877, 50.680629, 0], [35.00731, 50.695528, 0], [34.994312, 50.72041, 0], [35.007949, 50.720851, 0], [35.015922, 50.723356, 0], [35.017609, 50.730262, 0], [35.018688, 50.732154, 0], [35.016292, 50.736408, 0], [35.014095, 50.736496, 0], [35.011297, 50.739029, 0], [35.006946, 50.739775, 0], [35.001368, 50.74036, 0], [34.996562, 50.73975, 0], [34.99476, 50.737978, 0], [34.991413, 50.737672, 0], [34.984032, 50.739017, 0], [34.978923, 50.755392, 0], [34.96673, 50.761751, 0], [35.015266, 50.762407, 0], [35.018333, 50.75836, 0], [35.015375, 50.75589, 0], [35.015225, 50.751403, 0], [35.015633, 50.748029, 0], [35.019087, 50.746516, 0], [35.020622, 50.748677, 0], [35.019074, 50.751336, 0], [35.019501, 50.75508, 0], [35.020723, 50.756328, 0], [35.023833, 50.755403, 0], [35.026332, 50.75547, 0], [35.029862, 50.756895, 0], [35.034775, 50.754857, 0], [35.058721, 50.745676, 0], [35.065153, 50.739043, 0], [35.073381, 50.738321, 0], [35.078633, 50.736823, 0], [35.088133, 50.737146, 0], [35.088793, 50.738989, 0], [35.088595, 50.740995, 0], [35.078372, 50.744357, 0], [35.070297, 50.744693, 0], [35.064327, 50.74983, 0], [35.040012, 50.758887, 0], [35.037922, 50.766694, 0], [35.036527, 50.774486, 0], [35.032385, 50.781518, 0], [35.013604, 50.779811, 0], [35.013363, 50.776149, 0], [35.015733, 50.771576, 0], [35.011236, 50.767871, 0], [34.962538, 50.767695, 0], [34.957099, 50.769683, 0], [34.944568, 50.781298, 0], [34.941478, 50.791499, 0], [34.950061, 50.812764, 0], [34.950578, 50.824946, 0], [34.931695, 50.825596, 0], [34.931352, 50.811498, 0], [34.927232, 50.791318, 0], [34.928605, 50.778512, 0], [34.943368, 50.762878, 0], [34.966714, 50.748544, 0], [34.975297, 50.727685, 0], [34.991262, 50.6937, 0], [34.987829, 50.683478, 0], [34.988172, 50.664331, 0], [34.964595, 50.640483, 0], [34.981418, 50.643313, 0], [34.988456, 50.641136, 0]]]}, "properties": {"name": "Звільнено /// Liberated /// geoJSON.status.dismissed", "styleUrl": "#poly-0F9D58-2000-77", "styleHash": "-6747544", "styleMapHash": {"normal": "#poly-0F9D58-2000-77-normal", "highlight": "#poly-0F9D58-2000-77-highlight"}, "description": "Рух дорогою вільний, люди вільно їздять між населеними пунктами. Інформація зі слів очевидців<br><br>///Traffic is free, people drive freely between settlements. Information from eyewitnesses<br>/// geoJSON.descriptions.#9", "stroke-opacity": 1, "stroke": "#0f9d58", "stroke-width": 2, "fill-opacity": 0.30196078431372547, "fill": "#0f9d58"}}, {"type": "Feature", "geometry": {"type": "Polygon", "coordinates": [[[35.177618, 50.332035, 0], [35.229041, 50.329555, 0], [35.25788, 50.335692, 0], [35.279166, 50.331747, 0], [35.323111, 50.339636, 0], [35.356757, 50.349714, 0], [35.397956, 50.3484, 0], [35.47486, 50.3992, 0], [35.503012, 50.411453, 0], [35.511764, 50.421086, 0], [35.548245, 50.421963, 0], [35.566312, 50.420975, 0], [35.58335, 50.425235, 0], [35.58335, 50.429964, 0], [35.587212, 50.431071, 0], [35.586697, 50.437045, 0], [35.559141, 50.426854, 0], [35.546266, 50.429128, 0], [35.507818, 50.427103, 0], [35.501468, 50.433714, 0], [35.492026, 50.437701, 0], [35.469195, 50.45213, 0], [35.463207, 50.46023, 0], [35.459907, 50.473181, 0], [35.459353, 50.484165, 0], [35.46477, 50.50242, 0], [35.457247, 50.511428, 0], [35.445628, 50.507169, 0], [35.450892, 50.491873, 0], [35.452641, 50.474271, 0], [35.458164, 50.456232, 0], [35.432542, 50.44481, 0], [35.41701, 50.436826, 0], [35.409592, 50.438274, 0], [35.398568, 50.445844, 0], [35.378572, 50.466663, 0], [35.352809, 50.488405, 0], [35.396582, 50.558688, 0], [35.369399, 50.606986, 0], [35.33232, 50.643576, 0], [35.313781, 50.667083, 0], [35.319274, 50.697538, 0], [35.295336, 50.710379, 0], [35.364173, 50.702878, 0], [35.378249, 50.695593, 0], [35.386488, 50.685805, 0], [35.3933122, 50.6886605, 0], [35.3921535, 50.6951583, 0], [35.3962733, 50.7001593, 0], [35.4106931, 50.7098348, 0], [35.356963, 50.713857, 0], [35.290358, 50.727877, 0], [35.278342, 50.727877, 0], [35.267527, 50.724834, 0], [35.264437, 50.73483, 0], [35.272849, 50.752319, 0], [35.273384, 50.760744, 0], [35.288662, 50.761939, 0], [35.296043, 50.76639, 0], [35.289005, 50.772904, 0], [35.279392, 50.778983, 0], [35.266689, 50.782022, 0], [35.269093, 50.790162, 0], [35.290207, 50.790379, 0], [35.311541, 50.793233, 0], [35.330595, 50.793342, 0], [35.35068, 50.793233, 0], [35.364412, 50.793884, 0], [35.3759133, 50.7959461, 0], [35.369219, 50.798333, 0], [35.3676736, 50.8065782, 0], [35.3724803, 50.8167745, 0], [35.387415, 50.817858, 0], [35.351023, 50.824582, 0], [35.323557, 50.844097, 0], [35.30664, 50.840782, 0], [35.292048, 50.835253, 0], [35.28604, 50.834928, 0], [35.28398, 50.842408, 0], [35.279517, 50.851404, 0], [35.28192, 50.858339, 0], [35.289474, 50.862132, 0], [35.290847, 50.868632, 0], [35.283809, 50.870149, 0], [35.276256, 50.867657, 0], [35.269389, 50.867549, 0], [35.266986, 50.870257, 0], [35.274711, 50.873724, 0], [35.287414, 50.874049, 0], [35.30046, 50.878382, 0], [35.318313, 50.876974, 0], [35.327582, 50.876107, 0], [35.345607, 50.883797, 0], [35.354362, 50.887371, 0], [35.362773, 50.890186, 0], [35.366034, 50.893543, 0], [35.362601, 50.900039, 0], [35.35213, 50.90621, 0], [35.33838, 50.917613, 0], [35.323273, 50.913717, 0], [35.33014, 50.900944, 0], [35.337006, 50.891633, 0], [35.32087, 50.885352, 0], [35.301987, 50.887518, 0], [35.289284, 50.886868, 0], [35.271775, 50.886868, 0], [35.252892, 50.885352, 0], [35.231606, 50.885136, 0], [35.222336, 50.884702, 0], [35.196931, 50.905924, 0], [35.178391, 50.919128, 0], [35.155732, 50.913934, 0], [35.148522, 50.899645, 0], [35.147492, 50.884919, 0], [35.141999, 50.868022, 0], [35.125176, 50.854369, 0], [35.09874, 50.848734, 0], [35.084321, 50.838544, 0], [35.04567, 50.842376, 0], [35.020607, 50.838474, 0], [34.994858, 50.839991, 0], [34.969796, 50.832619, 0], [34.954785, 50.852234, 0], [34.949377, 50.875967, 0], [34.917954, 50.864701, 0], [34.93203, 50.836522, 0], [34.881566, 50.822493, 0], [34.858902, 50.803633, 0], [34.828018, 50.789107, 0], [34.793711, 50.786291, 0], [34.76627, 50.790412, 0], [34.759516, 50.782605, 0], [34.78707, 50.775369, 0], [34.850972, 50.786071, 0], [34.874699, 50.795319, 0], [34.890198, 50.813244, 0], [34.931695, 50.825596, 0], [34.950578, 50.824946, 0], [34.962929, 50.823511, 0], [34.981812, 50.824596, 0], [35.001038, 50.824162, 0], [35.020264, 50.823077, 0], [35.04361, 50.823511, 0], [35.078972, 50.823511, 0], [35.089615, 50.813534, 0], [35.117081, 50.804422, 0], [35.147471, 50.795341, 0], [35.145669, 50.769726, 0], [35.14858, 50.749533, 0], [35.155455, 50.733185, 0], [35.154083, 50.725499, 0], [35.154081, 50.7172, 0], [35.145999, 50.709383, 0], [35.131053, 50.708304, 0], [35.127424, 50.707667, 0], [35.122252, 50.705998, 0], [35.12017, 50.70248, 0], [35.119096, 50.698219, 0], [35.118793, 50.691838, 0], [35.087959, 50.63039, 0], [35.090951, 50.618871, 0], [35.10472, 50.617903, 0], [35.117631, 50.621835, 0], [35.194385, 50.645332, 0], [35.205256, 50.642196, 0], [35.224932, 50.636791, 0], [35.222395, 50.616838, 0], [35.218961, 50.60747, 0], [35.217588, 50.591344, 0], [35.186689, 50.559076, 0], [35.160828, 50.54598, 0], [35.118943, 50.542052, 0], [35.09903, 50.547288, 0], [35.036546, 50.530705, 0], [35.01526, 50.515863, 0], [34.980999, 50.494999, 0], [34.992919, 50.480133, 0], [35.012513, 50.478736, 0], [35.025559, 50.471744, 0], [35.045472, 50.472618, 0], [35.054398, 50.482668, 0], [35.080491, 50.477862, 0], [35.11139, 50.473492, 0], [35.131989, 50.467811, 0], [35.151216, 50.459943, 0], [35.171815, 50.450762, 0], [35.193101, 50.442892, 0], [35.197136, 50.436168, 0], [35.206662, 50.429444, 0], [35.189839, 50.416702, 0], [35.175976, 50.406583, 0], [35.161773, 50.399143, 0], [35.14924, 50.398185, 0], [35.137824, 50.396023, 0], [35.141215, 50.38906, 0], [35.135272, 50.386946, 0], [35.134993, 50.383519, 0], [35.145207, 50.380538, 0], [35.142419, 50.373474, 0], [35.143567, 50.370094, 0], [35.141626, 50.366056, 0], [35.14375, 50.362908, 0], [35.146003, 50.36039, 0], [35.151174, 50.359514, 0], [35.157567, 50.354423, 0], [35.158022, 50.350785, 0], [35.159476, 50.342432, 0], [35.163185, 50.342585, 0], [35.166766, 50.342884, 0], [35.166358, 50.346381, 0], [35.165478, 50.349502, 0], [35.164727, 50.354733, 0], [35.163992, 50.358268, 0], [35.160983, 50.359778, 0], [35.157072, 50.362765, 0], [35.157024, 50.363617, 0], [35.159749, 50.364945, 0], [35.159438, 50.367278, 0], [35.158354, 50.368626, 0], [35.156916, 50.369981, 0], [35.152196, 50.371022, 0], [35.157861, 50.380054, 0], [35.176014, 50.39234, 0], [35.20554, 50.409847, 0], [35.23455, 50.431393, 0], [35.244335, 50.442436, 0], [35.282787, 50.4514, 0], [35.321754, 50.474785, 0], [35.334286, 50.484944, 0], [35.3451, 50.475877, 0], [35.357632, 50.465607, 0], [35.372394, 50.453586, 0], [35.384754, 50.440906, 0], [35.374111, 50.431722, 0], [35.367931, 50.424066, 0], [35.377888, 50.419473, 0], [35.387844, 50.417504, 0], [35.387844, 50.410722, 0], [35.386471, 50.39803, 0], [35.388874, 50.387086, 0], [35.39162, 50.373951, 0], [35.390934, 50.364753, 0], [35.355572, 50.36541, 0], [35.325359, 50.363877, 0], [35.314373, 50.35643, 0], [35.288624, 50.347668, 0], [35.267338, 50.348982, 0], [35.235065, 50.345258, 0], [35.20554, 50.341971, 0], [35.176132, 50.343452, 0], [35.177618, 50.332035, 0]]]}, "properties": {"name": "Звільнено /// Liberated /// geoJSON.status.dismissed", "styleUrl": "#poly-0F9D58-2000-77", "styleHash": "-6747544", "styleMapHash": {"normal": "#poly-0F9D58-2000-77-normal", "highlight": "#poly-0F9D58-2000-77-highlight"}, "description": "01.04 Голова Сумської ОДА повідомляє, що південна частина Тростянецької та Краснопільська ОТГ звільнена.<br>///<br>01.04 The head of the Sumy regional state administration reported that the southern part of Trostyanets AH and the entire Krasnopillya AH are liberated<br>/// geoJSON.descriptions.#10", "stroke-opacity": 1, "stroke": "#0f9d58", "stroke-width": 2, "fill-opacity": 0.30196078431372547, "fill": "#0f9d58"}}, {"type": "Feature", "geometry": {"type": "Polygon", "coordinates": [[[33.689715, 47.449877, 0], [33.653754, 47.448164, 0], [33.636586, 47.469839, 0], [33.627534, 47.479269, 0], [33.568177, 47.562244, 0], [33.494451, 47.5539, 0], [33.483643, 47.544071, 0], [33.464601, 47.528797, 0], [33.43765, 47.52045, 0], [33.455151, 47.487067, 0], [33.507049, 47.49732, 0], [33.514112, 47.505863, 0], [33.540055, 47.507651, 0], [33.56016, 47.502708, 0], [33.578794, 47.501303, 0], [33.587617, 47.494026, 0], [33.59339, 47.48179, 0], [33.601112, 47.463632, 0], [33.614615, 47.449758, 0], [33.63402, 47.439203, 0], [33.72123, 47.430833, 0], [33.705079, 47.45127, 0], [33.689715, 47.449877, 0]]]}, "properties": {"name": "Звільнено 05.04 /// Liberated 05.04  /// geoJSON.status.dismissed_at {{at:05.04}}", "styleUrl": "#poly-0F9D58-2000-77", "styleHash": "-6747544", "styleMapHash": {"normal": "#poly-0F9D58-2000-77-normal", "highlight": "#poly-0F9D58-2000-77-highlight"}, "description": "Зведення Генерального штабу 06.00 06.04.2022: \"Ворог, в результаті наступальних дій Збройних Сил України, втратив контроль над населеними пунктами Добрянка, Нововознесенське і Трудолюбівка.\"<br><br>///Summary of the General Staff 06.00 06.04.2022: \"As a result of offensive actions of the Armed Forces of Ukraine, the enemy lost control over the settlements of Dobryanka, Novovoznesenske and Trudolyubivka.\"<br><br>/// geoJSON.descriptions.#11", "stroke-opacity": 1, "stroke": "#0f9d58", "stroke-width": 2, "fill-opacity": 0.30196078431372547, "fill": "#0f9d58"}}, {"type": "Feature", "geometry": {"type": "Polygon", "coordinates": [[[36.484436, 49.928808, 0], [36.483978, 49.908944, 0], [36.4844, 49.901187, 0], [36.505764, 49.897078, 0], [36.585126, 49.877394, 0], [36.582815, 49.869879, 0], [36.582221, 49.859985, 0], [36.610551, 49.854709, 0], [36.612632, 49.8546, 0], [36.615228, 49.862128, 0], [36.618598, 49.872531, 0], [36.625487, 49.869878, 0], [36.635679, 49.8619, 0], [36.647058, 49.854741, 0], [36.664996, 49.846162, 0], [36.674052, 49.840157, 0], [36.678785, 49.82901, 0], [36.669962, 49.82826, 0], [36.649805, 49.823077, 0], [36.653834, 49.819353, 0], [36.658892, 49.820945, 0], [36.67107, 49.822801, 0], [36.677573, 49.817652, 0], [36.685087, 49.81976, 0], [36.691879, 49.825304, 0], [36.702028, 49.816898, 0], [36.708596, 49.822237, 0], [36.722418, 49.812088, 0], [36.719158, 49.805966, 0], [36.706455, 49.79904, 0], [36.690662, 49.795383, 0], [36.695467, 49.790285, 0], [36.720186, 49.794718, 0], [36.730731, 49.802253, 0], [36.733772, 49.807461, 0], [36.741449, 49.805356, 0], [36.763328, 49.79096, 0], [36.799988, 49.779663, 0], [36.804152, 49.776928, 0], [36.794928, 49.769093, 0], [36.790982, 49.761819, 0], [36.793986, 49.759758, 0], [36.797506, 49.75814, 0], [36.79875, 49.758065, 0], [36.82648, 49.774257, 0], [36.842433, 49.766528, 0], [36.845997, 49.764384, 0], [36.850183, 49.767082, 0], [36.847502, 49.770002, 0], [36.842536, 49.773068, 0], [36.829002, 49.783506, 0], [36.829284, 49.788385, 0], [36.823428, 49.794233, 0], [36.816953, 49.79733, 0], [36.814767, 49.795207, 0], [36.814856, 49.7935, 0], [36.818988, 49.787531, 0], [36.777873, 49.7982, 0], [36.761132, 49.810678, 0], [36.74757, 49.818764, 0], [36.740518, 49.826308, 0], [36.717294, 49.843858, 0], [36.703172, 49.846454, 0], [36.706169, 49.852754, 0], [36.731254, 49.868762, 0], [36.736916, 49.87315, 0], [36.72696, 49.87929, 0], [36.709965, 49.881834, 0], [36.706875, 49.877907, 0], [36.70096, 49.8647, 0], [36.690146, 49.848322, 0], [36.681821, 49.847436, 0], [36.671091, 49.850978, 0], [36.652036, 49.859943, 0], [36.641066, 49.865761, 0], [36.634501, 49.869942, 0], [36.629654, 49.872993, 0], [36.624033, 49.87527, 0], [36.616574, 49.877826, 0], [36.612634, 49.881377, 0], [36.612306, 49.887705, 0], [36.607185, 49.888637, 0], [36.608418, 49.894083, 0], [36.612227, 49.898422, 0], [36.617409, 49.90348, 0], [36.617786, 49.908538, 0], [36.602889, 49.90793, 0], [36.599035, 49.907376, 0], [36.590976, 49.901902, 0], [36.585502, 49.895376, 0], [36.579557, 49.889016, 0], [36.573066, 49.888821, 0], [36.567605, 49.890506, 0], [36.56072, 49.892206, 0], [36.554866, 49.890146, 0], [36.544873, 49.893323, 0], [36.519647, 49.90089, 0], [36.501802, 49.912038, 0], [36.501945, 49.929692, 0], [36.484436, 49.928808, 0]]]}, "properties": {"name": "Звільнено /// Liberated /// geoJSON.status.dismissed", "styleUrl": "#poly-0F9D58-2000-77-nodesc", "styleHash": "-5650abb0", "styleMapHash": {"normal": "#poly-0F9D58-2000-77-nodesc-normal", "highlight": "#poly-0F9D58-2000-77-nodesc-highlight"}, "stroke-opacity": 1, "stroke": "#0f9d58", "stroke-width": 2, "fill-opacity": 0.30196078431372547, "fill": "#0f9d58"}}, {"type": "Feature", "geometry": {"type": "Polygon", "coordinates": [[[32.106856, 46.690468, 0], [32.126854, 46.699876, 0], [32.146252, 46.706302, 0], [32.170699, 46.746051, 0], [32.217517, 46.749644, 0], [32.244907, 46.770425, 0], [32.243533, 46.78606, 0], [32.186447, 46.796953, 0], [32.153909, 46.80802, 0], [32.109603, 46.789639, 0], [31.964378, 46.772476, 0], [31.942062, 46.744487, 0], [31.974677, 46.710599, 0], [31.966781, 46.682342, 0], [31.97811, 46.656898, 0], [32.00077, 46.640224, 0], [32.015578, 46.628288, 0], [32.025428, 46.623822, 0], [32.03356, 46.622421, 0], [32.048889, 46.615997, 0], [32.057711, 46.61386, 0], [32.060233, 46.637724, 0], [32.087304, 46.637685, 0], [32.088145, 46.643406, 0], [32.088882, 46.654511, 0], [32.09306, 46.673078, 0], [32.106856, 46.690468, 0]]]}, "properties": {"name": "Звільнено /// Liberated /// geoJSON.status.dismissed", "styleUrl": "#poly-0F9D58-2000-77", "styleHash": "-6747544", "styleMapHash": {"normal": "#poly-0F9D58-2000-77-normal", "highlight": "#poly-0F9D58-2000-77-highlight"}, "description": "Під контролем ЗСУ<br>///Under Ukrainian control<br>/// geoJSON.descriptions.#12", "stroke-opacity": 1, "stroke": "#0f9d58", "stroke-width": 2, "fill-opacity": 0.30196078431372547, "fill": "#0f9d58"}}, {"type": "Feature", "geometry": {"type": "Polygon", "coordinates": [[[33.222211, 47.444774, 0], [33.211453, 47.444104, 0], [33.212796, 47.435009, 0], [33.218544, 47.411725, 0], [33.198015, 47.373019, 0], [33.191969, 47.357035, 0], [33.175629, 47.34919, 0], [33.173509, 47.34339, 0], [33.184778, 47.340149, 0], [33.199562, 47.339139, 0], [33.206614, 47.343229, 0], [33.214182, 47.345457, 0], [33.220654, 47.351858, 0], [33.223351, 47.365702, 0], [33.244122, 47.411957, 0], [33.236115, 47.446167, 0], [33.222211, 47.444774, 0]]]}, "properties": {"name": "Звільнено /// Liberated /// geoJSON.status.dismissed", "styleUrl": "#poly-0F9D58-2000-77", "styleHash": "-6747544", "styleMapHash": {"normal": "#poly-0F9D58-2000-77-normal", "highlight": "#poly-0F9D58-2000-77-highlight"}, "description": "Звільнено в 10х-20х числах квітня<br><br>///Control was established in the 10s and 20s of April<br>/// geoJSON.descriptions.#13", "stroke-opacity": 1, "stroke": "#0f9d58", "stroke-width": 2, "fill-opacity": 0.30196078431372547, "fill": "#0f9d58"}}, {"type": "Feature", "geometry": {"type": "Polygon", "coordinates": [[[32.464908, 47.074915, 0], [32.46127, 47.074822, 0], [32.451113, 47.067364, 0], [32.454145, 47.050112, 0], [32.458568, 47.03806, 0], [32.466737, 47.033028, 0], [32.51994, 47.044387, 0], [32.564962, 47.052419, 0], [32.638993, 47.065722, 0], [32.673554, 47.06784, 0], [32.718172, 47.068209, 0], [32.761616, 47.082322, 0], [32.779672, 47.098764, 0], [32.718302, 47.101097, 0], [32.684866, 47.097518, 0], [32.683837, 47.104822, 0], [32.662549, 47.101959, 0], [32.659287, 47.099154, 0], [32.66006, 47.096057, 0], [32.653537, 47.09483, 0], [32.464908, 47.074915, 0]]]}, "properties": {"name": "Звільнено /// Liberated /// geoJSON.status.dismissed", "styleUrl": "#poly-0F9D58-2000-77", "styleHash": "-6747544", "styleMapHash": {"normal": "#poly-0F9D58-2000-77-normal", "highlight": "#poly-0F9D58-2000-77-highlight"}, "description": "Звільнено в 10х або 20х числах квітня<br><br>///Control was established in the 10s and 20s of April<br>/// geoJSON.descriptions.#13", "stroke-opacity": 1, "stroke": "#0f9d58", "stroke-width": 2, "fill-opacity": 0.30196078431372547, "fill": "#0f9d58"}}, {"type": "Feature", "geometry": {"type": "Polygon", "coordinates": [[[31.663379, 50.607387, 0], [31.65479, 50.59837, 0], [31.656163, 50.591832, 0], [31.663029, 50.585729, 0], [31.675389, 50.578317, 0], [31.692555, 50.584857, 0], [31.724141, 50.603164, 0], [31.770833, 50.630177, 0], [31.839497, 50.650643, 0], [31.86353, 50.675888, 0], [31.912282, 50.691985, 0], [31.95966, 50.696334, 0], [32.003606, 50.707207, 0], [32.033818, 50.720685, 0], [32.089436, 50.750236, 0], [32.143681, 50.786715, 0], [32.134755, 50.797566, 0], [32.125048, 50.807198, 0], [32.135488, 50.828024, 0], [32.025786, 50.923011, 0], [32.123332, 50.928506, 0], [32.112691, 50.948402, 0], [31.921534, 50.966724, 0], [31.896511, 50.963323, 0], [31.911733, 50.934574, 0], [31.960986, 50.888025, 0], [31.870591, 50.86173, 0], [31.880173, 50.822419, 0], [31.906186, 50.814564, 0], [31.964168, 50.79436, 0], [31.979776, 50.803133, 0], [31.951085, 50.827308, 0], [31.969222, 50.834077, 0], [31.990118, 50.856453, 0], [32.03533, 50.847187, 0], [32.071584, 50.820563, 0], [32.009785, 50.762833, 0], [31.961034, 50.735028, 0], [31.897176, 50.719815, 0], [31.832631, 50.700684, 0], [31.807225, 50.671971, 0], [31.773579, 50.65935, 0], [31.693242, 50.618851, 0], [31.67396, 50.610871, 0], [31.663379, 50.607387, 0]]]}, "properties": {"name": "Звільнено 31.03 /// Liberated 31.03 /// geoJSON.status.dismissed_at {{at:31.03}}", "styleUrl": "#poly-0F9D58-2000-77", "styleHash": "-6747544", "styleMapHash": {"normal": "#poly-0F9D58-2000-77-normal", "highlight": "#poly-0F9D58-2000-77-highlight"}, "description": "Фейсбук-сторінка Правого сектору повідомляє про звільнення ряду населених пунктів, позначених тут<br>///<br>The Right sector announced the liberation of those settlements on their facebook page<br>/// geoJSON.descriptions.#14", "stroke-opacity": 1, "stroke": "#0f9d58", "stroke-width": 2, "fill-opacity": 0.30196078431372547, "fill": "#0f9d58"}}, {"type": "Feature", "geometry": {"type": "Polygon", "coordinates": [[[33.150334, 47.303742, 0], [33.096268, 47.235534, 0], [33.094061, 47.226244, 0], [33.088809, 47.223954, 0], [33.087333, 47.223237, 0], [33.086141, 47.222998, 0], [33.085251, 47.222504, 0], [33.08346, 47.221165, 0], [33.081926, 47.220583, 0], [33.080736, 47.220526, 0], [33.079277, 47.220491, 0], [33.077561, 47.22101, 0], [33.073517, 47.223328, 0], [33.072503, 47.223649, 0], [33.071575, 47.223431, 0], [33.071184, 47.22309, 0], [33.071028, 47.222558, 0], [33.071988, 47.221111, 0], [33.072571, 47.220669, 0], [33.07421, 47.219871, 0], [33.074785, 47.219296, 0], [33.075037, 47.218539, 0], [33.074863, 47.21824, 0], [33.07456, 47.218029, 0], [33.074326, 47.217771, 0], [33.07375, 47.217629, 0], [33.071782, 47.21752, 0], [33.07094, 47.21774, 0], [33.067416, 47.220072, 0], [33.066926, 47.220415, 0], [33.066308, 47.220437, 0], [33.065458, 47.220277, 0], [33.064873, 47.219578, 0], [33.064734, 47.219083, 0], [33.065236, 47.217841, 0], [33.06518, 47.216744, 0], [33.064138, 47.215642, 0], [33.063976, 47.214759, 0], [33.064424, 47.213983, 0], [33.065578, 47.213211, 0], [33.06583, 47.212541, 0], [33.065219, 47.210822, 0], [33.065219, 47.210223, 0], [33.06537, 47.209763, 0], [33.065866, 47.209009, 0], [33.066485, 47.208189, 0], [33.067028, 47.207552, 0], [33.067185, 47.207033, 0], [33.067144, 47.206649, 0], [33.067029, 47.206293, 0], [33.066627, 47.205813, 0], [33.066079, 47.205306, 0], [33.065852, 47.205028, 0], [33.065755, 47.204913, 0], [33.065529, 47.204415, 0], [33.065528, 47.204209, 0], [33.065573, 47.20393, 0], [33.066032, 47.202916, 0], [33.066236, 47.202529, 0], [33.066346, 47.201992, 0], [33.066339, 47.201734, 0], [33.06617, 47.201274, 0], [33.065998, 47.201061, 0], [33.065702, 47.200852, 0], [33.067397, 47.200725, 0], [33.103618, 47.1955, 0], [33.118384, 47.201582, 0], [33.122332, 47.203215, 0], [33.123872, 47.202462, 0], [33.126852, 47.20326, 0], [33.1276, 47.203183, 0], [33.128494, 47.202621, 0], [33.130627, 47.202839, 0], [33.131802, 47.203273, 0], [33.133639, 47.204959, 0], [33.134222, 47.205764, 0], [33.135902, 47.205857, 0], [33.13652, 47.20555, 0], [33.13761, 47.205739, 0], [33.139189, 47.207166, 0], [33.139686, 47.208038, 0], [33.140766, 47.208382, 0], [33.141724, 47.208429, 0], [33.142955, 47.209805, 0], [33.142839, 47.210778, 0], [33.142465, 47.211138, 0], [33.136739, 47.212443, 0], [33.135416, 47.212719, 0], [33.134057, 47.213271, 0], [33.129402, 47.219283, 0], [33.128524, 47.22066, 0], [33.127711, 47.222423, 0], [33.127116, 47.225774, 0], [33.126699, 47.228804, 0], [33.126723, 47.229852, 0], [33.127372, 47.230957, 0], [33.132954, 47.233009, 0], [33.138836, 47.231448, 0], [33.140988, 47.230539, 0], [33.142286, 47.230121, 0], [33.147801, 47.230509, 0], [33.148875, 47.230992, 0], [33.150337, 47.232659, 0], [33.150772, 47.233544, 0], [33.15147, 47.234207, 0], [33.152695, 47.234658, 0], [33.156432, 47.235618, 0], [33.1591, 47.235614, 0], [33.161751, 47.236379, 0], [33.162899, 47.235978, 0], [33.162621, 47.235584, 0], [33.159318, 47.234447, 0], [33.158464, 47.232638, 0], [33.160187, 47.231352, 0], [33.163856, 47.231622, 0], [33.166195, 47.234106, 0], [33.166752, 47.234178, 0], [33.167952, 47.23339, 0], [33.173014, 47.23362, 0], [33.175155, 47.236879, 0], [33.176347, 47.237801, 0], [33.177702, 47.237546, 0], [33.178782, 47.236921, 0], [33.17991, 47.236661, 0], [33.182167, 47.237016, 0], [33.184193, 47.238015, 0], [33.184639, 47.238966, 0], [33.184675, 47.241683, 0], [33.185089, 47.242689, 0], [33.185659, 47.243244, 0], [33.186028, 47.24377, 0], [33.186423, 47.244183, 0], [33.186784, 47.243959, 0], [33.18682, 47.243337, 0], [33.187318, 47.242733, 0], [33.189604, 47.241992, 0], [33.191686, 47.242082, 0], [33.192932, 47.242553, 0], [33.195253, 47.244835, 0], [33.195347, 47.245553, 0], [33.194984, 47.246461, 0], [33.193892, 47.247311, 0], [33.192137, 47.24837, 0], [33.191545, 47.249148, 0], [33.191477, 47.249772, 0], [33.192027, 47.250088, 0], [33.193299, 47.250019, 0], [33.195844, 47.24965, 0], [33.197929, 47.249902, 0], [33.199609, 47.250814, 0], [33.200138, 47.251531, 0], [33.199909, 47.252324, 0], [33.197734, 47.253793, 0], [33.196989, 47.254576, 0], [33.196442, 47.25556, 0], [33.19552, 47.256595, 0], [33.194449, 47.257267, 0], [33.193999, 47.257414, 0], [33.193936, 47.257679, 0], [33.193771, 47.261183, 0], [33.194126, 47.262075, 0], [33.195949, 47.263303, 0], [33.197687, 47.264124, 0], [33.198158, 47.264629, 0], [33.198156, 47.266514, 0], [33.198497, 47.268244, 0], [33.20107, 47.272124, 0], [33.202271, 47.273324, 0], [33.204157, 47.276365, 0], [33.205092, 47.277348, 0], [33.207671, 47.279276, 0], [33.208833, 47.280651, 0], [33.209614, 47.281946, 0], [33.209544, 47.283079, 0], [33.209147, 47.283424, 0], [33.209951, 47.28409, 0], [33.211013, 47.284639, 0], [33.211914, 47.285089, 0], [33.21363, 47.285814, 0], [33.214487, 47.286682, 0], [33.216287, 47.287778, 0], [33.22023, 47.289504, 0], [33.224771, 47.290918, 0], [33.226718, 47.291393, 0], [33.228236, 47.291344, 0], [33.228955, 47.292061, 0], [33.229822, 47.292366, 0], [33.230989, 47.292088, 0], [33.231693, 47.29031, 0], [33.231899, 47.289548, 0], [33.232739, 47.28884, 0], [33.238869, 47.288861, 0], [33.239977, 47.288677, 0], [33.242879, 47.286855, 0], [33.247225, 47.286179, 0], [33.249222, 47.286574, 0], [33.249782, 47.286374, 0], [33.256709, 47.28661, 0], [33.259879, 47.287077, 0], [33.261118, 47.287602, 0], [33.261708, 47.288186, 0], [33.263058, 47.287899, 0], [33.264, 47.287931, 0], [33.26773, 47.290669, 0], [33.268927, 47.291664, 0], [33.26986, 47.292256, 0], [33.271812, 47.293031, 0], [33.273744, 47.29499, 0], [33.274602, 47.295998, 0], [33.275515, 47.297383, 0], [33.275742, 47.299118, 0], [33.275079, 47.300549, 0], [33.274955, 47.301142, 0], [33.275222, 47.303026, 0], [33.275584, 47.304174, 0], [33.275717, 47.305866, 0], [33.274691, 47.30654, 0], [33.274098, 47.30719, 0], [33.270766, 47.307441, 0], [33.269853, 47.307653, 0], [33.267227, 47.307757, 0], [33.262326, 47.305824, 0], [33.258361, 47.305566, 0], [33.255705, 47.30621, 0], [33.250517, 47.306795, 0], [33.246583, 47.307671, 0], [33.244965, 47.308663, 0], [33.241847, 47.30944, 0], [33.238127, 47.311497, 0], [33.236438, 47.312819, 0], [33.235549, 47.314385, 0], [33.235316, 47.315247, 0], [33.234335, 47.316798, 0], [33.233134, 47.320473, 0], [33.233479, 47.321647, 0], [33.234339, 47.32219, 0], [33.237708, 47.323195, 0], [33.240649, 47.324694, 0], [33.242494, 47.325967, 0], [33.245455, 47.328113, 0], [33.246829, 47.330135, 0], [33.24889, 47.332144, 0], [33.250844, 47.333607, 0], [33.252068, 47.334168, 0], [33.253744, 47.334826, 0], [33.25495, 47.334872, 0], [33.256156, 47.334598, 0], [33.256766, 47.334224, 0], [33.26074, 47.330808, 0], [33.262311, 47.329546, 0], [33.264942, 47.328132, 0], [33.266842, 47.327242, 0], [33.279348, 47.322368, 0], [33.285372, 47.321071, 0], [33.286951, 47.321039, 0], [33.289332, 47.322101, 0], [33.290255, 47.322174, 0], [33.291585, 47.321796, 0], [33.293817, 47.321507, 0], [33.29622, 47.321975, 0], [33.297508, 47.322736, 0], [33.298195, 47.323501, 0], [33.299055, 47.323985, 0], [33.299042, 47.325272, 0], [33.297699, 47.326501, 0], [33.296602, 47.327299, 0], [33.297618, 47.327958, 0], [33.299063, 47.328196, 0], [33.299524, 47.328534, 0], [33.300294, 47.328574, 0], [33.301063, 47.329692, 0], [33.300972, 47.330529, 0], [33.301006, 47.331521, 0], [33.299667, 47.333007, 0], [33.298191, 47.333653, 0], [33.296956, 47.334245, 0], [33.295172, 47.335431, 0], [33.290916, 47.33757, 0], [33.289013, 47.338648, 0], [33.287783, 47.339757, 0], [33.286554, 47.342321, 0], [33.286156, 47.343437, 0], [33.285189, 47.344097, 0], [33.284627, 47.345012, 0], [33.284619, 47.345493, 0], [33.285297, 47.346032, 0], [33.288286, 47.347692, 0], [33.290657, 47.348802, 0], [33.291537, 47.349511, 0], [33.292182, 47.351044, 0], [33.292012, 47.352242, 0], [33.291492, 47.352963, 0], [33.289727, 47.353916, 0], [33.289288, 47.354688, 0], [33.290211, 47.357337, 0], [33.292105, 47.360388, 0], [33.290732, 47.36065, 0], [33.282159, 47.361403, 0], [33.248286, 47.347436, 0], [33.220654, 47.351858, 0], [33.214182, 47.345457, 0], [33.206614, 47.343229, 0], [33.199562, 47.339139, 0], [33.184778, 47.340149, 0], [33.150334, 47.303742, 0]]]}, "properties": {"name": "Звільнено /// Liberated /// geoJSON.status.dismissed", "styleUrl": "#poly-0F9D58-2000-77", "styleHash": "-6747544", "styleMapHash": {"normal": "#poly-0F9D58-2000-77-normal", "highlight": "#poly-0F9D58-2000-77-highlight"}, "description": "Розмір звільненої території було переглянуто відповідно до повідомлення Генштабу від 14.06.2022<br>\"На Криворізькому напрямку ворог провів мінування узбережжя річки Інгулець по рубежу Давидів Брід – Калинівське.\"<br>Зроблено висновок, що лівий берег річки Інгулець поблизу цих сіл є під контролем ворога<br><br>///<br><br>The size of the liberated territory has been reconsidered after the 14th of June update from the General Staff of the Armed Forces of Ukraine.<br>\"In the Kryvyi Rih direction, the enemy mined the coast of the Inhulets River along the Davydiv Brid-Kalynivske border.\"<br>Hence, it has been inferred that the left bank of the Inhulets river near those settlements is under the enemy's control.<br><br>/// geoJSON.descriptions.#15", "stroke-opacity": 1, "stroke": "#0f9d58", "stroke-width": 2, "fill-opacity": 0.30196078431372547, "fill": "#0f9d58"}}, {"type": "Feature", "geometry": {"type": "Polygon", "coordinates": [[[35.559492, 47.552853, 0], [35.582977, 47.551259, 0], [35.596226, 47.540875, 0], [35.608242, 47.527894, 0], [35.610172, 47.512113, 0], [35.632248, 47.516686, 0], [35.650152, 47.512245, 0], [35.674118, 47.519805, 0], [35.63773, 47.530937, 0], [35.623995, 47.529429, 0], [35.611633, 47.533714, 0], [35.609795, 47.53917, 0], [35.61248, 47.544158, 0], [35.612764, 47.555055, 0], [35.584357, 47.562702, 0], [35.559809, 47.55529, 0], [35.559492, 47.552853, 0]]]}, "properties": {"name": "Звільнено /// Liberated /// geoJSON.status.dismissed", "styleUrl": "#poly-0F9D58-2000-77-nodesc", "styleHash": "-5650abb0", "styleMapHash": {"normal": "#poly-0F9D58-2000-77-nodesc-normal", "highlight": "#poly-0F9D58-2000-77-nodesc-highlight"}, "stroke-opacity": 1, "stroke": "#0f9d58", "stroke-width": 2, "fill-opacity": 0.30196078431372547, "fill": "#0f9d58"}}, {"type": "Feature", "geometry": {"type": "Polygon", "coordinates": [[[34.949471, 50.351773, 0], [34.941415, 50.343355, 0], [34.934107, 50.330251, 0], [34.936854, 50.317538, 0], [34.943033, 50.307672, 0], [34.988352, 50.307452, 0], [35.037447, 50.308549, 0], [35.068689, 50.320607, 0], [35.098902, 50.325648, 0], [35.136324, 50.329155, 0], [35.177618, 50.332035, 0], [35.176132, 50.343452, 0], [35.166766, 50.342884, 0], [35.163185, 50.342585, 0], [35.159476, 50.342432, 0], [35.150344, 50.340894, 0], [35.143615, 50.340615, 0], [35.139029, 50.343046, 0], [35.135534, 50.349958, 0], [35.130009, 50.352702, 0], [35.129391, 50.359058, 0], [35.122516, 50.364645, 0], [35.120708, 50.367123, 0], [35.120255, 50.368787, 0], [35.119544, 50.36952, 0], [35.12023, 50.370743, 0], [35.1195, 50.373499, 0], [35.113835, 50.375644, 0], [35.106279, 50.374366, 0], [35.101686, 50.369402, 0], [35.087418, 50.366371, 0], [35.06941, 50.364888, 0], [35.063076, 50.363731, 0], [35.049206, 50.364045, 0], [35.023007, 50.371184, 0], [35.029645, 50.379734, 0], [35.029589, 50.391678, 0], [35.024385, 50.393369, 0], [35.013974, 50.388869, 0], [35.012556, 50.375486, 0], [34.984489, 50.372093, 0], [34.949471, 50.351773, 0]]]}, "properties": {"name": "Звільнено /// Liberated /// geoJSON.status.dismissed", "styleUrl": "#poly-0F9D58-2000-77", "styleHash": "-6747544", "styleMapHash": {"normal": "#poly-0F9D58-2000-77-normal", "highlight": "#poly-0F9D58-2000-77-highlight"}, "description": "30 березня, до Тростянця з боку Харкова приїжджали перша віце-прем’єрка, Міністр економіки України Юлія Свириденко, Міністр інфраструктури Олександр Кубраков, голова правління АТ «Укрзалізниця» Олександр Камишін. Дорога вільна. Планується відновлення залізничного сполучення<br>///<br>On March 30, the First Deputy Prime Minister, Minister of Economy of Ukraine Yulia Svyridenko, Minister of Infrastructure Oleksandr Kubrakov, and the Board of JSC Ukrzaliznytsia Oleksandr Kamyshyn arrived in Trostyanets from Kharkiv, meaning that the road is free. It is also planned to restore the railway connection in the area<br><br>/// geoJSON.descriptions.#16", "stroke-opacity": 1, "stroke": "#0f9d58", "stroke-width": 2, "fill-opacity": 0.30196078431372547, "fill": "#0f9d58"}}, {"type": "Feature", "geometry": {"type": "Polygon", "coordinates": [[[33.047641, 47.170275, 0], [33.069525, 47.175645, 0], [33.091243, 47.18206, 0], [33.134771, 47.196804, 0], [33.131602, 47.201016, 0], [33.130627, 47.202839, 0], [33.128494, 47.202621, 0], [33.1276, 47.203183, 0], [33.126852, 47.20326, 0], [33.123872, 47.202462, 0], [33.122332, 47.203215, 0], [33.118384, 47.201582, 0], [33.103618, 47.1955, 0], [33.067397, 47.200725, 0], [33.065702, 47.200852, 0], [33.065568, 47.200773, 0], [33.065154, 47.200213, 0], [33.064293, 47.199471, 0], [33.063363, 47.198747, 0], [33.063105, 47.198673, 0], [33.061855, 47.197523, 0], [33.06156, 47.197342, 0], [33.060203, 47.195972, 0], [33.059747, 47.195646, 0], [33.058771, 47.195177, 0], [33.058686, 47.194488, 0], [33.056927, 47.19342, 0], [33.055952, 47.193037, 0], [33.054676, 47.192829, 0], [33.053979, 47.192008, 0], [33.052853, 47.191246, 0], [33.05174, 47.191027, 0], [33.049855, 47.191055, 0], [33.04853, 47.190849, 0], [33.046196, 47.190293, 0], [33.043519, 47.189912, 0], [33.042253, 47.189963, 0], [33.039635, 47.189365, 0], [33.037189, 47.18849, 0], [33.036546, 47.18779, 0], [33.035719, 47.186525, 0], [33.035408, 47.18421, 0], [33.035773, 47.18238, 0], [33.036293, 47.181699, 0], [33.038187, 47.180391, 0], [33.038841, 47.179262, 0], [33.038865, 47.179014, 0], [33.038785, 47.178884, 0], [33.03859, 47.178728, 0], [33.038642, 47.178588, 0], [33.038288, 47.178281, 0], [33.037874, 47.178087, 0], [33.037453, 47.178041, 0], [33.037268, 47.17809, 0], [33.029408, 47.17748, 0], [33.026594, 47.17659, 0], [33.021548, 47.178735, 0], [33.012362, 47.169577, 0], [33.028539, 47.16231, 0], [33.047641, 47.170275, 0]]]}, "properties": {"name": "Звільнено/// Liberated /// geoJSON.status.dismissed", "styleUrl": "#poly-0F9D58-2000-77", "styleHash": "-6747544", "styleMapHash": {"normal": "#poly-0F9D58-2000-77-normal", "highlight": "#poly-0F9D58-2000-77-highlight"}, "description": "Згідно повідомлення ГШ ЗСУ. ///According to the announcement of the General Staff of the Armed Forces of Ukraine.<br>/// geoJSON.descriptions.#18", "stroke-opacity": 1, "stroke": "#0f9d58", "stroke-width": 2, "fill-opacity": 0.30196078431372547, "fill": "#0f9d58"}}, {"type": "Feature", "geometry": {"type": "Polygon", "coordinates": [[[33.336808, 47.480381, 0], [33.336913, 47.479298, 0], [33.338231, 47.478566, 0], [33.340707, 47.476674, 0], [33.34019, 47.476182, 0], [33.340703, 47.475689, 0], [33.341016, 47.474894, 0], [33.341238, 47.473313, 0], [33.341782, 47.47176, 0], [33.343093, 47.470842, 0], [33.345166, 47.470715, 0], [33.346509, 47.470181, 0], [33.347406, 47.469102, 0], [33.348045, 47.468052, 0], [33.347615, 47.467067, 0], [33.348558, 47.464081, 0], [33.348359, 47.459219, 0], [33.350219, 47.457736, 0], [33.348585, 47.451764, 0], [33.346116, 47.450344, 0], [33.343723, 47.449374, 0], [33.342655, 47.448294, 0], [33.343067, 47.44717, 0], [33.344358, 47.446713, 0], [33.345821, 47.44643, 0], [33.346898, 47.445696, 0], [33.349884, 47.444861, 0], [33.353883, 47.443784, 0], [33.357259, 47.444266, 0], [33.359948, 47.4453, 0], [33.362043, 47.445887, 0], [33.364182, 47.4472, 0], [33.371935, 47.454628, 0], [33.373101, 47.456292, 0], [33.374095, 47.458928, 0], [33.376316, 47.459879, 0], [33.378924, 47.460236, 0], [33.382446, 47.45926, 0], [33.384467, 47.458676, 0], [33.388384, 47.458489, 0], [33.388963, 47.458133, 0], [33.407555, 47.456726, 0], [33.453049, 47.462764, 0], [33.455151, 47.487067, 0], [33.438711, 47.486774, 0], [33.405582, 47.477252, 0], [33.375401, 47.483513, 0], [33.352665, 47.498862, 0], [33.32681, 47.489163, 0], [33.331546, 47.481435, 0], [33.334407, 47.481159, 0], [33.335951, 47.480886, 0], [33.336808, 47.480381, 0]]]}, "properties": {"name": "Звільнено 02.07 /// Liberated 02.07 /// geoJSON.status.dismissed_at {{at:02.07}}", "styleUrl": "#poly-0F9D58-2000-77", "styleHash": "-6747544", "styleMapHash": {"normal": "#poly-0F9D58-2000-77-normal", "highlight": "#poly-0F9D58-2000-77-highlight"}, "description": "02.07 Зведення ГШ: \"За результатами дій українських воїнів противник залишив населений пункт Іванівка\"<br><br>/// 02.07 report GS: \"As a result of the actions of the Ukrainian soldiers, the enemy left the settlement of Ivanivka\"<br><br>/// geoJSON.descriptions.#19", "stroke-opacity": 1, "stroke": "#0f9d58", "stroke-width": 2, "fill-opacity": 0.30196078431372547, "fill": "#0f9d58"}}, {"type": "Feature", "geometry": {"type": "Polygon", "coordinates": [[[33.352665, 47.498862, 0], [33.375401, 47.483513, 0], [33.405582, 47.477252, 0], [33.438711, 47.486774, 0], [33.455151, 47.487067, 0], [33.43765, 47.52045, 0], [33.385764, 47.516646, 0], [33.363458, 47.503178, 0], [33.352665, 47.498862, 0]]]}, "properties": {"name": "Звільнено 30.05 /// Liberated 30.05 /// geoJSON.status.dismissed_at {{at:30.05}}", "styleUrl": "#poly-0F9D58-2000-77", "styleHash": "-6747544", "styleMapHash": {"normal": "#poly-0F9D58-2000-77-normal", "highlight": "#poly-0F9D58-2000-77-highlight"}, "description": "30.05 Зведення ГШ: \"В ході вдалого наступу підрозділів Сил оборони ворог зазнав втрат та відійшов з населеного пункту Миколаївка Херсонської області, що призвело до панічних настроїв серед військовослужбовців інших підрозділів збройних сил російської федерації.\"<br><br>///Evening announcement of the General Staff 30.05<br>/// geoJSON.descriptions.#20", "stroke-opacity": 1, "stroke": "#0f9d58", "stroke-width": 2, "fill-opacity": 0.30196078431372547, "fill": "#0f9d58"}}, {"type": "Feature", "geometry": {"type": "Polygon", "coordinates": [[[30.194992, 45.267287, 0], [30.18263, 45.257016, 0], [30.1895, 45.245731, 0], [30.198084, 45.245165, 0], [30.205294, 45.241214, 0], [30.219026, 45.245836, 0], [30.216751, 45.25499, 0], [30.223597, 45.256878, 0], [30.227696, 45.255745, 0], [30.228222, 45.256614, 0], [30.225486, 45.258812, 0], [30.227225, 45.264899, 0], [30.221087, 45.268857, 0], [30.202203, 45.262695, 0], [30.194992, 45.267287, 0]]]}, "properties": {"name": "Зміїний /// Snake Island /// geoJSON.zmiinyi_island", "styleUrl": "#poly-0F9D58-2000-77", "styleHash": "-6747544", "styleMapHash": {"normal": "#poly-0F9D58-2000-77-normal", "highlight": "#poly-0F9D58-2000-77-highlight"}, "description": "24.02.2022 - окуповано московією.<br><br>04.07.2022 - на острів ступила нога Українського солдата та встановлено синьо-жовтий стяг.<br>///<br>24.02 - occupied by muscovy<br><br>04.07 - Ukrainian soldiers has been landed and Ukrainian flag has been raised<br><br>/// geoJSON.descriptions.#21", "stroke-opacity": 1, "stroke": "#0f9d58", "stroke-width": 2, "fill-opacity": 0.30196078431372547, "fill": "#0f9d58"}}, {"type": "Feature", "geometry": {"type": "Polygon", "coordinates": [[[33.56053, 47.493351, 0], [33.55531, 47.485693, 0], [33.558159, 47.473627, 0], [33.56496, 47.462277, 0], [33.601112, 47.463632, 0], [33.59339, 47.48179, 0], [33.587617, 47.494026, 0], [33.578794, 47.501303, 0], [33.56016, 47.502708, 0], [33.56053, 47.493351, 0]]]}, "properties": {"name": "Звільнено 26.06 /// Liberated 26.06 /// geoJSON.status.dismissed_at {{at:26.06}}", "styleUrl": "#poly-0F9D58-2000-77", "styleHash": "-6747544", "styleMapHash": {"normal": "#poly-0F9D58-2000-77-normal", "highlight": "#poly-0F9D58-2000-77-highlight"}, "description": "26.06 зведення ГШ: \"За підтримки армійської авіації ворог намагався відновити контроль над населеним пунктом Потьомкіне, успіху не мав, відійшов.\"<br><br>/// 26.06 GS: \"With the support of army aircraft, the enemy tried to regain control of the settlement of Potemkin, was unsuccessful, withdrew.\"<br><br>/// geoJSON.descriptions.#22", "stroke-opacity": 1, "stroke": "#0f9d58", "stroke-width": 2, "fill-opacity": 0.30196078431372547, "fill": "#0f9d58"}}, {"type": "Feature", "geometry": {"type": "Polygon", "coordinates": [[[32.437085, 47.388474, 0], [32.423698, 47.383588, 0], [32.349809, 47.287061, 0], [32.298062, 47.240792, 0], [32.250552, 47.20214, 0], [32.168128, 47.11033, 0], [32.134187, 47.076096, 0], [32.165478, 47.048876, 0], [32.194321, 47.060306, 0], [32.322884, 47.110162, 0], [32.297773, 47.135089, 0], [32.241735, 47.128946, 0], [32.279313, 47.175398, 0], [32.318396, 47.22575, 0], [32.33186, 47.230289, 0], [32.43915, 47.379631, 0], [32.452191, 47.327074, 0], [32.430906, 47.318696, 0], [32.435025, 47.296348, 0], [32.470044, 47.307058, 0], [32.583341, 47.249292, 0], [32.643766, 47.254885, 0], [32.630719, 47.291225, 0], [32.521543, 47.303333, 0], [32.50163, 47.334055, 0], [32.463864, 47.401024, 0], [32.437085, 47.388474, 0]]]}, "properties": {"name": "Звільнено /// Liberated /// geoJSON.status.dismissed", "styleUrl": "#poly-0F9D58-2000-77-nodesc", "styleHash": "-5650abb0", "styleMapHash": {"normal": "#poly-0F9D58-2000-77-nodesc-normal", "highlight": "#poly-0F9D58-2000-77-nodesc-highlight"}, "stroke-opacity": 1, "stroke": "#0f9d58", "stroke-width": 2, "fill-opacity": 0.30196078431372547, "fill": "#0f9d58"}}, {"type": "Feature", "geometry": {"type": "Polygon", "coordinates": [[[33.46223, 47.445176, 0], [33.491088, 47.453532, 0], [33.518465, 47.454449, 0], [33.567414, 47.421086, 0], [33.590453, 47.40962, 0], [33.591928, 47.38146, 0], [33.620717, 47.369784, 0], [33.672908, 47.407313, 0], [33.724879, 47.414635, 0], [33.724112, 47.417795, 0], [33.72123, 47.430833, 0], [33.63402, 47.439203, 0], [33.614615, 47.449758, 0], [33.601112, 47.463632, 0], [33.56496, 47.462277, 0], [33.558159, 47.473627, 0], [33.55531, 47.485693, 0], [33.56053, 47.493351, 0], [33.56016, 47.502708, 0], [33.540055, 47.507651, 0], [33.514112, 47.505863, 0], [33.507049, 47.49732, 0], [33.455151, 47.487067, 0], [33.453049, 47.462764, 0], [33.46223, 47.445176, 0]]]}, "properties": {"name": "Звільнено 04.09 /// Liberated 04.09 /// geoJSON.status.dismissed_at {{at:04.09}}", "styleUrl": "#poly-0F9D58-2000-77", "styleHash": "-6747544", "styleMapHash": {"normal": "#poly-0F9D58-2000-77-normal", "highlight": "#poly-0F9D58-2000-77-highlight"}, "description": "4 вересня 2022 у вечірньому зведенні Верховний Головнокомандувач повідомив: \"Хочу відзначити також 42-й окремий мотопіхотний батальйон – завдяки його героїчним діям звільнено два населені пункти на півдні нашої держави\".<br>Нововознисенське звільнено 128-ю бригадою, відповідне відео в їх соціальних мережах<br><br>///On September 4, 2022, during an evening speech, Supreme Commander-in-Chief Volodymyr Zelenskyy announced: \"I also want to celebrate the 42nd separate motorized infantry battalion - thanks to its heroic actions, two settlements in the south of our country were liberated.\" In this way, he confirmed previous reports about the liberation of these settlements.<br>Novovoznysenske was liberated by the 128th brigade, the corresponding video in their social networks<br><br>/// geoJSON.descriptions.#23", "stroke-opacity": 1, "stroke": "#0f9d58", "stroke-width": 2, "fill-opacity": 0.30196078431372547, "fill": "#0f9d58"}}, {"type": "Feature", "geometry": {"type": "Polygon", "coordinates": [[[32.396178, 51.470191, 0], [32.489626, 51.506716, 0], [32.457354, 51.569924, 0], [32.230171, 51.553119, 0], [31.84418, 51.598306, 0], [31.823778, 51.563984, 0], [32.087722, 51.489156, 0], [32.164063, 51.423973, 0], [32.306598, 51.326369, 0], [32.36782, 51.267281, 0], [32.339724, 51.222624, 0], [32.141547, 51.183018, 0], [32.085563, 51.119373, 0], [32.120928, 51.07469, 0], [32.415092, 51.087784, 0], [32.389659, 50.98481, 0], [32.248897, 50.976529, 0], [32.112691, 50.948402, 0], [32.123332, 50.928506, 0], [32.194761, 50.931571, 0], [32.263468, 50.944981, 0], [32.523205, 50.957653, 0], [32.532832, 50.938056, 0], [32.520838, 50.888792, 0], [32.573979, 50.811082, 0], [32.504349, 50.760221, 0], [32.438174, 50.73816, 0], [32.424231, 50.704785, 0], [32.318247, 50.688154, 0], [32.304291, 50.67921, 0], [32.333589, 50.666784, 0], [32.373642, 50.674562, 0], [32.434056, 50.680354, 0], [32.438175, 50.690052, 0], [32.456242, 50.714458, 0], [32.540487, 50.7441, 0], [32.611353, 50.777864, 0], [32.679198, 50.785964, 0], [32.714309, 50.781584, 0], [32.805036, 50.809218, 0], [32.813542, 50.80257, 0], [32.78978, 50.788978, 0], [32.79238, 50.780458, 0], [32.785607, 50.771981, 0], [32.800206, 50.762191, 0], [32.81921, 50.749488, 0], [32.814976, 50.725322, 0], [32.791528, 50.708977, 0], [32.751298, 50.699231, 0], [32.750611, 50.671944, 0], [32.700505, 50.666407, 0], [32.641525, 50.654445, 0], [32.610135, 50.628769, 0], [32.680989, 50.630554, 0], [32.690334, 50.647546, 0], [32.727845, 50.658435, 0], [32.760665, 50.661577, 0], [32.80523, 50.669455, 0], [32.870704, 50.668946, 0], [32.91971, 50.676899, 0], [32.956533, 50.687458, 0], [33.008528, 50.689947, 0], [33.04337, 50.702425, 0], [33.108276, 50.711046, 0], [33.181188, 50.726812, 0], [33.239023, 50.73255, 0], [33.233139, 50.736142, 0], [33.19276, 50.735748, 0], [33.113136, 50.722634, 0], [33.070558, 50.715579, 0], [32.998126, 50.701166, 0], [32.930531, 50.695408, 0], [32.876441, 50.67936, 0], [32.812758, 50.679814, 0], [32.784248, 50.677271, 0], [32.780453, 50.688649, 0], [32.823856, 50.70684, 0], [32.850105, 50.741527, 0], [32.82142, 50.770994, 0], [32.82141, 50.789714, 0], [32.841326, 50.799296, 0], [32.827952, 50.815578, 0], [32.958168, 50.845687, 0], [33.043549, 50.838759, 0], [33.112737, 50.8509, 0], [33.124022, 50.826393, 0], [33.153149, 50.82747, 0], [33.157862, 50.856705, 0], [33.200753, 50.862233, 0], [33.196064, 50.875804, 0], [33.126919, 50.921891, 0], [33.127629, 50.939436, 0], [33.119908, 50.942635, 0], [33.08266, 50.943234, 0], [33.063768, 50.962165, 0], [32.972686, 50.94963, 0], [32.921621, 50.974075, 0], [33.016085, 51.016452, 0], [33.038767, 51.020178, 0], [33.071071, 51.031671, 0], [33.082672, 51.030939, 0], [33.092062, 51.013627, 0], [33.13009, 51.005005, 0], [33.147866, 51.01106, 0], [33.169522, 51.052713, 0], [33.240592, 51.084649, 0], [33.293784, 51.046674, 0], [33.380818, 51.042774, 0], [33.383991, 51.079722, 0], [33.427456, 51.153986, 0], [33.298849, 51.208946, 0], [33.179697, 51.176916, 0], [33.102032, 51.187352, 0], [33.023863, 51.170429, 0], [32.977411, 51.127151, 0], [32.962073, 51.152559, 0], [32.827084, 51.273, 0], [32.889489, 51.281912, 0], [32.990732, 51.246806, 0], [33.113522, 51.249191, 0], [33.109196, 51.264504, 0], [32.97763, 51.287614, 0], [32.888805, 51.328701, 0], [32.745265, 51.323117, 0], [32.72344, 51.308938, 0], [32.564996, 51.304777, 0], [32.413493, 51.313961, 0], [32.310315, 51.378989, 0], [32.369143, 51.403717, 0], [32.371664, 51.433102, 0], [32.396178, 51.470191, 0]]]}, "properties": {"name": "Звільнено /// Liberated /// geoJSON.status.dismissed", "styleUrl": "#poly-0F9D58-2000-77-nodesc", "styleHash": "-5650abb0", "styleMapHash": {"normal": "#poly-0F9D58-2000-77-nodesc-normal", "highlight": "#poly-0F9D58-2000-77-nodesc-highlight"}, "stroke-opacity": 1, "stroke": "#0f9d58", "stroke-width": 2, "fill-opacity": 0.30196078431372547, "fill": "#0f9d58"}}, {"type": "Feature", "geometry": {"type": "Polygon", "coordinates": [[[34.157343, 50.387941, 0], [34.126832, 50.373624, 0], [34.132068, 50.35917, 0], [34.143269, 50.357966, 0], [34.154298, 50.359389, 0], [34.173524, 50.357199, 0], [34.225023, 50.373405, 0], [34.246657, 50.379322, 0], [34.28005, 50.37196, 0], [34.282022, 50.360653, 0], [34.297464, 50.360922, 0], [34.303816, 50.366181, 0], [34.350421, 50.362291, 0], [34.356475, 50.35427, 0], [34.386384, 50.349149, 0], [34.467409, 50.298241, 0], [34.497157, 50.296946, 0], [34.52019, 50.3305, 0], [34.533581, 50.346797, 0], [34.551444, 50.366487, 0], [34.590802, 50.371375, 0], [34.630682, 50.404134, 0], [34.656656, 50.416565, 0], [34.711317, 50.417277, 0], [34.716443, 50.444298, 0], [34.71608, 50.491214, 0], [34.739736, 50.497628, 0], [34.767155, 50.495819, 0], [34.802313, 50.492406, 0], [34.837468, 50.486684, 0], [34.918396, 50.473666, 0], [34.926154, 50.489762, 0], [34.942155, 50.490566, 0], [34.946551, 50.488991, 0], [34.965765, 50.498264, 0], [34.961848, 50.510318, 0], [34.955325, 50.524508, 0], [34.948459, 50.538038, 0], [34.951892, 50.548947, 0], [34.961162, 50.568141, 0], [34.960475, 50.599096, 0], [34.935928, 50.603127, 0], [34.930263, 50.614674, 0], [34.907883, 50.626991, 0], [34.870339, 50.633008, 0], [34.876013, 50.640968, 0], [34.893224, 50.642794, 0], [34.895822, 50.650674, 0], [34.888338, 50.660231, 0], [34.868148, 50.662821, 0], [34.861758, 50.6569, 0], [34.868206, 50.650934, 0], [34.855249, 50.642395, 0], [34.83226, 50.636972, 0], [34.813749, 50.645077, 0], [34.785302, 50.637984, 0], [34.785405, 50.625536, 0], [34.768445, 50.607383, 0], [34.754406, 50.586062, 0], [34.729478, 50.589255, 0], [34.68516, 50.602845, 0], [34.679886, 50.617345, 0], [34.64766, 50.627377, 0], [34.636078, 50.641996, 0], [34.656093, 50.659412, 0], [34.681612, 50.665506, 0], [34.694548, 50.669421, 0], [34.695362, 50.675294, 0], [34.698711, 50.681601, 0], [34.6958, 50.68791, 0], [34.69788, 50.695962, 0], [34.683493, 50.699021, 0], [34.669821, 50.710802, 0], [34.620467, 50.721325, 0], [34.595919, 50.667534, 0], [34.586488, 50.631953, 0], [34.588756, 50.611824, 0], [34.541861, 50.612248, 0], [34.512306, 50.604706, 0], [34.497486, 50.587604, 0], [34.512878, 50.57399, 0], [34.4992, 50.560476, 0], [34.494024, 50.546482, 0], [34.490499, 50.533109, 0], [34.469416, 50.520361, 0], [34.474252, 50.502128, 0], [34.456709, 50.504303, 0], [34.409518, 50.513501, 0], [34.402603, 50.50781, 0], [34.388573, 50.504522, 0], [34.382752, 50.505345, 0], [34.372339, 50.505687, 0], [34.360899, 50.508255, 0], [34.350329, 50.504335, 0], [34.328844, 50.497475, 0], [34.319814, 50.490126, 0], [34.309096, 50.477763, 0], [34.302788, 50.471674, 0], [34.292873, 50.468123, 0], [34.281928, 50.462823, 0], [34.275618, 50.458264, 0], [34.262422, 50.455355, 0], [34.227598, 50.45479, 0], [34.202705, 50.449656, 0], [34.175413, 50.439049, 0], [34.179447, 50.432981, 0], [34.202707, 50.43883, 0], [34.226394, 50.418272, 0], [34.229658, 50.409411, 0], [34.219351, 50.404488, 0], [34.190948, 50.380576, 0], [34.173202, 50.379662, 0], [34.157343, 50.387941, 0]], [[34.358146, 50.432762, 0], [34.370677, 50.448943, 0], [34.387672, 50.46651, 0], [34.375398, 50.464462, 0], [34.30845, 50.444078, 0], [34.285104, 50.447576, 0], [34.233173, 50.444249, 0], [34.217975, 50.441579, 0], [34.247596, 50.424287, 0], [34.282186, 50.415975, 0], [34.328878, 50.423084, 0], [34.338233, 50.430138, 0], [34.358146, 50.432762, 0]], [[34.400091, 50.500666, 0], [34.392257, 50.501273, 0], [34.381177, 50.501516, 0], [34.372222, 50.501291, 0], [34.365239, 50.499952, 0], [34.348981, 50.496126, 0], [34.329636, 50.490408, 0], [34.314395, 50.475837, 0], [34.308208, 50.465849, 0], [34.301938, 50.45903, 0], [34.315832, 50.455009, 0], [34.334814, 50.460944, 0], [34.357011, 50.464129, 0], [34.369941, 50.469059, 0], [34.391291, 50.474273, 0], [34.415397, 50.487349, 0], [34.411228, 50.498524, 0], [34.405568, 50.499695, 0], [34.400091, 50.500666, 0]], [[34.422777, 50.46703, 0], [34.421788, 50.459407, 0], [34.416338, 50.451566, 0], [34.404752, 50.452276, 0], [34.392736, 50.457741, 0], [34.36424, 50.424506, 0], [34.347932, 50.415428, 0], [34.286649, 50.403832, 0], [34.253004, 50.41138, 0], [34.227591, 50.401315, 0], [34.20408, 50.38063, 0], [34.25369, 50.387745, 0], [34.283293, 50.379918, 0], [34.316323, 50.377337, 0], [34.347009, 50.369756, 0], [34.392908, 50.358951, 0], [34.465704, 50.313874, 0], [34.475467, 50.321175, 0], [34.491204, 50.315498, 0], [34.509349, 50.341028, 0], [34.505526, 50.344971, 0], [34.512306, 50.355268, 0], [34.527043, 50.36383, 0], [34.536292, 50.372392, 0], [34.540029, 50.378127, 0], [34.570747, 50.383451, 0], [34.574862, 50.398292, 0], [34.573459, 50.416689, 0], [34.589757, 50.41965, 0], [34.594379, 50.403138, 0], [34.62695, 50.420341, 0], [34.639915, 50.426957, 0], [34.693495, 50.425116, 0], [34.691899, 50.465459, 0], [34.682058, 50.472468, 0], [34.697327, 50.500267, 0], [34.681882, 50.509052, 0], [34.664374, 50.511589, 0], [34.646177, 50.521372, 0], [34.625064, 50.540558, 0], [34.60365, 50.550262, 0], [34.585047, 50.552934, 0], [34.569909, 50.562669, 0], [34.534443, 50.567133, 0], [34.510083, 50.563615, 0], [34.500865, 50.549504, 0], [34.501736, 50.542866, 0], [34.505044, 50.535151, 0], [34.497428, 50.526165, 0], [34.489429, 50.513877, 0], [34.497122, 50.499265, 0], [34.494666, 50.487574, 0], [34.455823, 50.487239, 0], [34.422777, 50.46703, 0]]]}, "properties": {"name": "Звільнено /// Liberated /// geoJSON.status.dismissed", "styleUrl": "#poly-0F9D58-2000-77-nodesc", "styleHash": "-5650abb0", "styleMapHash": {"normal": "#poly-0F9D58-2000-77-nodesc-normal", "highlight": "#poly-0F9D58-2000-77-nodesc-highlight"}, "stroke-opacity": 1, "stroke": "#0f9d58", "stroke-width": 2, "fill-opacity": 0.30196078431372547, "fill": "#0f9d58"}}, {"type": "Feature", "geometry": {"type": "Polygon", "coordinates": [[[31.84418, 51.598306, 0], [31.895688, 51.687498, 0], [31.9381, 51.71092, 0], [31.9517, 51.733484, 0], [32.020322, 51.701615, 0], [32.088823, 51.653533, 0], [32.107681, 51.677166, 0], [32.057842, 51.747622, 0], [32.134032, 51.762599, 0], [32.278595, 51.738736, 0], [32.30101, 51.722772, 0], [32.324382, 51.721726, 0], [32.371066, 51.693114, 0], [32.456767, 51.604349, 0], [32.457354, 51.569924, 0], [32.489626, 51.506716, 0], [32.539094, 51.521426, 0], [32.550489, 51.55451, 0], [32.521985, 51.568792, 0], [32.556475, 51.596418, 0], [32.584844, 51.673231, 0], [32.740933, 51.737501, 0], [32.887024, 51.774997, 0], [33.033628, 51.898052, 0], [33.184769, 51.996241, 0], [33.22621, 51.991064, 0], [33.238884, 51.987164, 0], [33.256835, 51.974002, 0], [33.248687, 51.931015, 0], [33.263024, 51.919528, 0], [33.27672, 51.924684, 0], [33.271214, 51.937425, 0], [33.27606, 51.941746, 0], [33.288954, 51.945069, 0], [33.302192, 51.938868, 0], [33.308584, 51.945831, 0], [33.320472, 51.948137, 0], [33.32627, 51.941718, 0], [33.336377, 51.943693, 0], [33.33962, 51.949689, 0], [33.321408, 51.958227, 0], [33.286714, 51.95343, 0], [33.270677, 51.992096, 0], [33.26699, 51.995027, 0], [33.267081, 51.997304, 0], [33.264253, 51.997627, 0], [33.251217, 51.993409, 0], [33.245143, 51.992319, 0], [33.232175, 51.996629, 0], [33.240573, 52.009477, 0], [33.206404, 52.016995, 0], [33.247792, 52.085352, 0], [33.312301, 52.192945, 0], [33.302819, 52.354393, 0], [33.231451, 52.36976, 0], [33.215969, 52.254407, 0], [33.150707, 52.230682, 0], [33.162007, 52.177855, 0], [33.206214, 52.138675, 0], [33.158025, 52.068158, 0], [33.079593, 51.999899, 0], [32.888742, 51.903245, 0], [32.739847, 51.814004, 0], [32.708177, 51.888926, 0], [32.73015, 52.073319, 0], [32.670455, 52.145413, 0], [32.649812, 52.185022, 0], [32.674913, 52.271406, 0], [32.658004, 52.280506, 0], [32.636969, 52.287082, 0], [32.622794, 52.296173, 0], [32.606553, 52.304842, 0], [32.584581, 52.231727, 0], [32.526903, 52.158491, 0], [32.59076, 52.123093, 0], [32.577028, 52.079649, 0], [32.486041, 52.049125, 0], [32.481767, 52.010631, 0], [32.565352, 52.012689, 0], [32.571534, 51.984601, 0], [32.557115, 51.917311, 0], [32.447252, 51.899096, 0], [32.257737, 51.846527, 0], [32.180587, 51.790241, 0], [32.005395, 51.79326, 0], [31.970398, 51.839545, 0], [31.939134, 51.86858, 0], [31.873236, 51.885531, 0], [31.866866, 51.89153, 0], [31.872856, 51.916596, 0], [31.887798, 51.936925, 0], [31.855107, 51.971004, 0], [31.870465, 52.021155, 0], [31.836137, 52.050945, 0], [31.81828, 52.076898, 0], [31.805753, 52.100216, 0], [31.796548, 52.103516, 0], [31.793694, 52.108292, 0], [31.791418, 52.108987, 0], [31.787209, 52.111747, 0], [31.785828, 52.112313, 0], [31.780319, 52.111757, 0], [31.772046, 52.111487, 0], [31.766487, 52.109154, 0], [31.762924, 52.106174, 0], [31.74716, 52.103134, 0], [31.759553, 52.077731, 0], [31.765059, 52.002463, 0], [31.729002, 51.997334, 0], [31.639046, 51.955817, 0], [31.612775, 51.976337, 0], [31.509269, 52.120813, 0], [31.49896, 52.11814, 0], [31.489339, 52.116731, 0], [31.476794, 52.118392, 0], [31.464247, 52.121738, 0], [31.461576, 52.124464, 0], [31.461651, 52.12698, 0], [31.455964, 52.130535, 0], [31.455426, 52.138306, 0], [31.451797, 52.140176, 0], [31.442689, 52.139531, 0], [31.466996, 52.094403, 0], [31.472123, 52.046922, 0], [31.517464, 51.99304, 0], [31.587228, 51.934034, 0], [31.564, 51.888263, 0], [31.572221, 51.84571, 0], [31.547443, 51.816317, 0], [31.506889, 51.797221, 0], [31.406073, 51.789413, 0], [31.315679, 51.788409, 0], [31.239934, 51.783254, 0], [31.129645, 51.833078, 0], [31.196452, 51.976872, 0], [31.213362, 52.070286, 0], [31.200767, 52.073963, 0], [31.185424, 52.074261, 0], [31.158854, 52.079918, 0], [31.146009, 52.091059, 0], [31.140025, 52.102198, 0], [31.097153, 52.089444, 0], [31.073665, 52.091497, 0], [31.037821, 52.084261, 0], [31.006664, 52.081231, 0], [30.989244, 52.075665, 0], [30.970362, 52.077454, 0], [30.955246, 52.085246, 0], [30.948372, 52.066131, 0], [30.957976, 52.025063, 0], [30.977056, 51.953313, 0], [31.019464, 51.7953, 0], [30.936725, 51.754091, 0], [30.857762, 51.642165, 0], [30.832903, 51.478969, 0], [30.772277, 51.483804, 0], [30.789922, 51.529125, 0], [30.73726, 51.544487, 0], [30.721121, 51.532532, 0], [30.695112, 51.534295, 0], [30.691081, 51.518115, 0], [30.735264, 51.511372, 0], [30.726336, 51.41555, 0], [30.672779, 51.401416, 0], [30.656296, 51.375282, 0], [30.635698, 51.359954, 0], [30.659042, 51.339696, 0], [30.682386, 51.343985, 0], [30.70779, 51.383425, 0], [30.788811, 51.378712, 0], [30.867084, 51.367996, 0], [30.928878, 51.38471, 0], [31.008174, 51.377904, 0], [31.130053, 51.312661, 0], [31.300659, 51.267571, 0], [31.425373, 51.284159, 0], [31.462359, 51.359081, 0], [31.405904, 51.39842, 0], [31.277956, 51.399981, 0], [31.251026, 51.372208, 0], [31.219313, 51.378712, 0], [31.223432, 51.418122, 0], [31.173306, 51.453434, 0], [31.188412, 51.479952, 0], [31.195783, 51.495124, 0], [31.185664, 51.505008, 0], [31.176738, 51.53017, 0], [31.17854, 51.540652, 0], [31.187555, 51.551988, 0], [31.219065, 51.558091, 0], [31.25195, 51.563118, 0], [31.268087, 51.558208, 0], [31.314335, 51.556021, 0], [31.332767, 51.55041, 0], [31.350455, 51.543253, 0], [31.36488, 51.528383, 0], [31.377236, 51.51217, 0], [31.406202, 51.507446, 0], [31.531, 51.538916, 0], [31.563679, 51.541839, 0], [31.658756, 51.545388, 0], [31.692402, 51.550512, 0], [31.754879, 51.551788, 0], [31.823778, 51.563984, 0], [31.84418, 51.598306, 0]], [[31.820674, 51.642665, 0], [31.849516, 51.705469, 0], [31.906862, 51.76331, 0], [31.934663, 51.783696, 0], [31.921968, 51.81257, 0], [31.886949, 51.830405, 0], [31.877899, 51.845105, 0], [31.769226, 51.860205, 0], [31.770859, 51.76728, 0], [31.703818, 51.70608, 0], [31.631066, 51.706849, 0], [31.590788, 51.686709, 0], [31.588644, 51.644774, 0], [31.572127, 51.586867, 0], [31.62178, 51.575812, 0], [31.69889, 51.582161, 0], [31.765413, 51.583188, 0], [31.820674, 51.642665, 0]]]}, "properties": {"name": "Звільнено /// Liberated /// geoJSON.status.dismissed", "styleUrl": "#poly-0F9D58-2000-77-nodesc", "styleHash": "-5650abb0", "styleMapHash": {"normal": "#poly-0F9D58-2000-77-nodesc-normal", "highlight": "#poly-0F9D58-2000-77-nodesc-highlight"}, "stroke-opacity": 1, "stroke": "#0f9d58", "stroke-width": 2, "fill-opacity": 0.30196078431372547, "fill": "#0f9d58"}}, {"type": "Feature", "geometry": {"type": "Polygon", "coordinates": [[[31.018194, 50.645272, 0], [31.004775, 50.641526, 0], [31.001976, 50.637953, 0], [30.978547, 50.632104, 0], [30.954373, 50.62649, 0], [30.94517, 50.627452, 0], [30.935697, 50.62719, 0], [30.905944, 50.634606, 0], [30.87923, 50.640713, 0], [30.867452, 50.632938, 0], [30.850874, 50.616233, 0], [30.832364, 50.590996, 0], [30.821229, 50.574956, 0], [30.832995, 50.569769, 0], [30.87189, 50.587689, 0], [30.892232, 50.568249, 0], [30.932136, 50.583897, 0], [30.950725, 50.59913, 0], [30.928801, 50.621336, 0], [30.944593, 50.620936, 0], [30.95833, 50.619859, 0], [30.980652, 50.626502, 0], [31.000574, 50.614929, 0], [31.007791, 50.614136, 0], [31.020888, 50.616324, 0], [31.024915, 50.617276, 0], [31.029029, 50.617628, 0], [31.028636, 50.614386, 0], [31.027557, 50.611144, 0], [31.037275, 50.593378, 0], [31.044642, 50.583614, 0], [31.02903, 50.581654, 0], [31.020631, 50.580893, 0], [31.017982, 50.579641, 0], [31.010281, 50.57899, 0], [31.004664, 50.57845, 0], [30.999783, 50.578243, 0], [30.994655, 50.577391, 0], [30.990924, 50.576122, 0], [30.992428, 50.572512, 0], [30.999338, 50.568682, 0], [31.004661, 50.566243, 0], [31.009125, 50.565766, 0], [31.020841, 50.568589, 0], [31.028502, 50.57049, 0], [31.039339, 50.574626, 0], [31.045553, 50.577283, 0], [31.048076, 50.574925, 0], [31.050717, 50.56743, 0], [31.046215, 50.558981, 0], [31.052951, 50.555367, 0], [31.075759, 50.544349, 0], [31.075217, 50.538348, 0], [31.090607, 50.529182, 0], [31.101812, 50.525032, 0], [31.10978, 50.531223, 0], [31.113113, 50.542105, 0], [31.152605, 50.557302, 0], [31.157732, 50.550579, 0], [31.165028, 50.552249, 0], [31.165115, 50.558609, 0], [31.159454, 50.568766, 0], [31.147954, 50.57805, 0], [31.122477, 50.593777, 0], [31.108147, 50.605032, 0], [31.079728, 50.620204, 0], [31.049579, 50.625129, 0], [31.041621, 50.633016, 0], [31.04468, 50.639354, 0], [31.062676, 50.640466, 0], [31.07131, 50.648126, 0], [31.092466, 50.652809, 0], [31.102019, 50.660591, 0], [31.100962, 50.67014, 0], [31.109704, 50.679049, 0], [31.12257, 50.688392, 0], [31.145398, 50.686215, 0], [31.165414, 50.668888, 0], [31.171811, 50.655434, 0], [31.183694, 50.634142, 0], [31.199989, 50.632565, 0], [31.263074, 50.623545, 0], [31.289388, 50.645601, 0], [31.20479, 50.647382, 0], [31.189002, 50.67338, 0], [31.144481, 50.716284, 0], [31.131715, 50.718827, 0], [31.116202, 50.709412, 0], [31.091697, 50.721881, 0], [31.046865, 50.744584, 0], [31.042229, 50.740022, 0], [31.123728, 50.69807, 0], [31.116133, 50.694264, 0], [31.085758, 50.675204, 0], [31.085606, 50.660492, 0], [31.052962, 50.66998, 0], [31.045337, 50.661396, 0], [31.047154, 50.654281, 0], [31.02903, 50.648232, 0], [31.018194, 50.645272, 0]]]}, "properties": {"name": "Звільнено /// Liberated /// geoJSON.status.dismissed", "styleUrl": "#poly-0F9D58-2000-77-nodesc", "styleHash": "-5650abb0", "styleMapHash": {"normal": "#poly-0F9D58-2000-77-nodesc-normal", "highlight": "#poly-0F9D58-2000-77-nodesc-highlight"}, "stroke-opacity": 1, "stroke": "#0f9d58", "stroke-width": 2, "fill-opacity": 0.30196078431372547, "fill": "#0f9d58"}}, {"type": "Feature", "geometry": {"type": "Polygon", "coordinates": [[[34.004039, 51.279013, 0], [34.005069, 51.486856, 0], [33.95769, 51.725029, 0], [34.077572, 51.763922, 0], [34.124117, 51.798506, 0], [34.195357, 51.822592, 0], [34.253966, 51.831992, 0], [34.284439, 51.840103, 0], [34.30422, 51.8534494, 0], [34.2807878, 51.8592942, 0], [34.2818599, 51.8642313, 0], [34.260311, 51.855878, 0], [34.243766, 51.859407, 0], [34.032116, 51.798661, 0], [33.177538, 51.454676, 0], [33.123624, 51.397233, 0], [33.13037, 51.356001, 0], [33.128221, 51.277231, 0], [33.109196, 51.264504, 0], [33.113522, 51.249191, 0], [33.168515, 51.267325, 0], [33.208755, 51.250997, 0], [33.205029, 51.24796, 0], [33.203617, 51.242452, 0], [33.17341, 51.240536, 0], [33.17322, 51.239297, 0], [33.192076, 51.240022, 0], [33.204153, 51.241283, 0], [33.204701, 51.239264, 0], [33.207931, 51.237286, 0], [33.209069, 51.237978, 0], [33.20651, 51.239824, 0], [33.205668, 51.241993, 0], [33.20716, 51.247404, 0], [33.210486, 51.24998, 0], [33.212934, 51.248361, 0], [33.220631, 51.247525, 0], [33.225758, 51.251963, 0], [33.230923, 51.251488, 0], [33.231197, 51.252302, 0], [33.225048, 51.252963, 0], [33.219852, 51.249107, 0], [33.215383, 51.249453, 0], [33.176126, 51.26942, 0], [33.221196, 51.331206, 0], [33.299846, 51.423809, 0], [33.623157, 51.602287, 0], [33.8492, 51.684817, 0], [33.83439, 51.411005, 0], [33.824536, 51.391561, 0], [33.831894, 51.364208, 0], [33.799583, 51.352659, 0], [33.796995, 51.340235, 0], [33.788231, 51.328668, 0], [33.798162, 51.323767, 0], [33.807576, 51.323584, 0], [33.801815, 51.311489, 0], [33.811578, 51.290525, 0], [33.814625, 51.275222, 0], [33.829631, 51.242489, 0], [33.298849, 51.208946, 0], [33.427456, 51.153986, 0], [33.383991, 51.079722, 0], [33.835124, 50.952717, 0], [34.368586, 50.90713, 0], [34.394782, 50.877913, 0], [34.383992, 50.8459, 0], [34.36195, 50.814838, 0], [34.312586, 50.808255, 0], [34.259794, 50.810545, 0], [34.147822, 50.841848, 0], [34.054751, 50.826796, 0], [33.962478, 50.830187, 0], [33.89461, 50.843394, 0], [33.858246, 50.836183, 0], [33.834993, 50.837468, 0], [33.807721, 50.826513, 0], [33.761934, 50.813256, 0], [33.740016, 50.810048, 0], [33.707929, 50.807294, 0], [33.667888, 50.787727, 0], [33.573876, 50.788094, 0], [33.550237, 50.786913, 0], [33.530736, 50.753817, 0], [33.516889, 50.741738, 0], [33.514685, 50.741714, 0], [33.497762, 50.740168, 0], [33.495627, 50.744653, 0], [33.493069, 50.751871, 0], [33.485975, 50.751238, 0], [33.481591, 50.75096, 0], [33.480634, 50.752906, 0], [33.476572, 50.753065, 0], [33.470388, 50.753266, 0], [33.465579, 50.75661, 0], [33.445866, 50.754904, 0], [33.438512, 50.758734, 0], [33.418111, 50.763431, 0], [33.403188, 50.766429, 0], [33.391441, 50.76644, 0], [33.375955, 50.764341, 0], [33.346742, 50.755289, 0], [33.310984, 50.748903, 0], [33.270379, 50.746104, 0], [33.233139, 50.736142, 0], [33.239023, 50.73255, 0], [33.272761, 50.740133, 0], [33.325734, 50.742485, 0], [33.37254, 50.7546, 0], [33.397391, 50.763663, 0], [33.417618, 50.760447, 0], [33.431663, 50.757229, 0], [33.443475, 50.75314, 0], [33.456602, 50.753328, 0], [33.465311, 50.755729, 0], [33.4693, 50.753242, 0], [33.469516, 50.752674, 0], [33.475979, 50.752255, 0], [33.479334, 50.752165, 0], [33.479974, 50.750817, 0], [33.480402, 50.750198, 0], [33.483533, 50.750284, 0], [33.48413, 50.748502, 0], [33.485533, 50.74296, 0], [33.493721, 50.738768, 0], [33.509992, 50.731453, 0], [33.508718, 50.705518, 0], [33.503531, 50.684222, 0], [33.49828, 50.669647, 0], [33.467094, 50.653543, 0], [33.460982, 50.642007, 0], [33.472033, 50.640269, 0], [33.510276, 50.666286, 0], [33.512076, 50.680327, 0], [33.527797, 50.727332, 0], [33.524758, 50.734004, 0], [33.568908, 50.755682, 0], [33.680385, 50.777703, 0], [33.725282, 50.797162, 0], [33.740074, 50.796426, 0], [33.777608, 50.806935, 0], [33.818906, 50.815557, 0], [33.848134, 50.821841, 0], [33.866861, 50.817475, 0], [33.95789, 50.825812, 0], [34.017839, 50.817093, 0], [34.05989, 50.820837, 0], [34.138814, 50.835389, 0], [34.271893, 50.802106, 0], [34.313513, 50.801039, 0], [34.3564, 50.805899, 0], [34.376189, 50.811015, 0], [34.41577, 50.862431, 0], [34.411354, 50.883346, 0], [34.389934, 50.907709, 0], [34.661845, 50.905977, 0], [34.7342, 50.878582, 0], [34.747727, 50.893676, 0], [34.746155, 50.933454, 0], [34.719708, 50.949739, 0], [34.716593, 50.96624, 0], [34.758541, 50.966293, 0], [34.784633, 50.979264, 0], [34.927455, 50.952453, 0], [34.908382, 50.929259, 0], [34.883149, 50.912552, 0], [34.891195, 50.909477, 0], [34.913415, 50.918328, 0], [34.943899, 50.951844, 0], [35.127956, 50.985316, 0], [35.243312, 50.950723, 0], [35.296871, 50.998282, 0], [35.277313, 51.044714, 0], [35.235073, 51.034567, 0], [35.011226, 51.019884, 0], [34.898616, 50.987045, 0], [34.824459, 51.005196, 0], [34.852152, 51.075838, 0], [34.91255, 51.063583, 0], [34.985134, 51.07255, 0], [34.980691, 51.0987038, 0], [34.9656051, 51.0994071, 0], [34.9538281, 51.1056961, 0], [34.932948, 51.088079, 0], [34.7915, 51.09498, 0], [34.717699, 51.063988, 0], [34.703672, 51.057573, 0], [34.65623, 51.068217, 0], [34.634054, 51.058972, 0], [34.58832, 51.036088, 0], [34.345412, 51.158015, 0], [34.313955, 51.238807, 0], [34.305236, 51.238327, 0], [34.29761, 51.242307, 0], [34.295973, 51.153709, 0], [34.205912, 51.21325, 0], [34.04016, 51.256919, 0], [34.115925, 51.27361, 0], [34.206756, 51.259601, 0], [34.224882, 51.265254, 0], [34.230809, 51.27185, 0], [34.235576, 51.27504, 0], [34.246523, 51.276298, 0], [34.25085, 51.2755, 0], [34.254527, 51.282068, 0], [34.243533, 51.284546, 0], [34.124295, 51.299563, 0], [34.072229, 51.299319, 0], [34.004039, 51.279013, 0]], [[33.500041, 51.128867, 0], [33.656596, 51.078853, 0], [34.571208, 51.000274, 0], [34.411461, 51.06651, 0], [34.314154, 51.13363, 0], [34.278121, 51.111482, 0], [34.189433, 51.17366, 0], [33.648356, 51.178826, 0], [33.500041, 51.128867, 0]]]}, "properties": {"name": "Звільнено /// Liberated /// geoJSON.status.dismissed", "styleUrl": "#poly-0F9D58-2000-77-nodesc", "styleHash": "-5650abb0", "styleMapHash": {"normal": "#poly-0F9D58-2000-77-nodesc-normal", "highlight": "#poly-0F9D58-2000-77-nodesc-highlight"}, "stroke-opacity": 1, "stroke": "#0f9d58", "stroke-width": 2, "fill-opacity": 0.30196078431372547, "fill": "#0f9d58"}}, {"type": "Feature", "geometry": {"type": "Polygon", "coordinates": [[[30.075398, 69.45269, 0], [30.008806, 69.415917, 0], [29.970439, 69.407887, 0], [29.942387, 69.405205, 0], [29.933263, 69.40783, 0], [29.932304, 69.412975, 0], [29.914935, 69.418679, 0], [29.901427, 69.417884, 0], [29.879218, 69.422817, 0], [29.861852, 69.424103, 0], [29.842066, 69.420593, 0], [29.838149, 69.417917, 0], [29.825551, 69.413849, 0], [29.814694, 69.411896, 0], [29.807815, 69.408987, 0], [29.796972, 69.406499, 0], [29.796966, 69.40412, 0], [29.787953, 69.397535, 0], [29.786386, 69.397432, 0], [29.778784, 69.398008, 0], [29.776102, 69.395768, 0], [29.76788, 69.394018, 0], [29.758077, 69.393961, 0], [29.744821, 69.390951, 0], [29.722595, 69.389078, 0], [29.712038, 69.383816, 0], [29.713918, 69.379135, 0], [29.713723, 69.378139, 0], [29.708957, 69.377114, 0], [29.703248, 69.375386, 0], [29.698075, 69.371892, 0], [29.696673, 69.369349, 0], [29.697705, 69.364632, 0], [29.643778, 69.347528, 0], [29.57297, 69.318543, 0], [29.548597, 69.316215, 0], [29.534687, 69.317951, 0], [29.525995, 69.328575, 0], [29.49996, 69.325363, 0], [29.485418, 69.321984, 0], [29.416222, 69.318592, 0], [29.400604, 69.32152, 0], [29.396014, 69.323856, 0], [29.38584, 69.321168, 0], [29.382577, 69.318812, 0], [29.372532, 69.316615, 0], [29.366778, 69.313556, 0], [29.34665, 69.309079, 0], [29.335925, 69.307678, 0], [29.32139, 69.302344, 0], [29.286111, 69.294106, 0], [29.28227, 69.281014, 0], [29.276971, 69.276982, 0], [29.276582, 69.258714, 0], [29.288345, 69.246148, 0], [29.313361, 69.237564, 0], [29.313482, 69.228509, 0], [29.303018, 69.221338, 0], [29.300213, 69.215705, 0], [29.303267, 69.211613, 0], [29.305598, 69.21055, 0], [29.30465, 69.209249, 0], [29.303508, 69.208897, 0], [29.300129, 69.208253, 0], [29.296888, 69.20746, 0], [29.293803, 69.206545, 0], [29.292562, 69.204137, 0], [29.295872, 69.198039, 0], [29.295884, 69.196774, 0], [29.295452, 69.196027, 0], [29.29027, 69.19275, 0], [29.290257, 69.191907, 0], [29.294135, 69.188061, 0], [29.294915, 69.186935, 0], [29.294618, 69.185193, 0], [29.286124, 69.175816, 0], [29.270521, 69.165311, 0], [29.267446, 69.164204, 0], [29.262405, 69.163315, 0], [29.256905, 69.162983, 0], [29.252104, 69.162556, 0], [29.250098, 69.162144, 0], [29.2486, 69.161492, 0], [29.249127, 69.160574, 0], [29.251697, 69.159341, 0], [29.25462, 69.157212, 0], [29.25658, 69.15623, 0], [29.257691, 69.155083, 0], [29.258123, 69.154442, 0], [29.257912, 69.153477, 0], [29.252811, 69.151265, 0], [29.247931, 69.14776, 0], [29.242855, 69.142094, 0], [29.239511, 69.137411, 0], [29.239499, 69.136028, 0], [29.242168, 69.133528, 0], [29.24415, 69.129516, 0], [29.242576, 69.127136, 0], [29.239418, 69.125088, 0], [29.235977, 69.125044, 0], [29.232328, 69.12401, 0], [29.232281, 69.120844, 0], [29.236056, 69.119807, 0], [29.238447, 69.116885, 0], [29.242242, 69.113062, 0], [29.16138, 69.066766, 0], [29.142368, 69.063085, 0], [29.094483, 69.039524, 0], [29.056659, 69.015287, 0], [29.056721, 69.015222, 0], [29.041496, 69.010828, 0], [29.019909, 69.025184, 0], [28.928858, 69.051693, 0], [28.49526, 68.929928, 0], [28.416313, 68.915071, 0], [28.468622, 68.885279, 0], [28.661313, 68.886368, 0], [28.800869, 68.869393, 0], [28.707385, 68.732513, 0], [28.433955, 68.539384, 0], [28.646886, 68.196615, 0], [32.156503, 69.814808, 0], [31.907521, 70.046888, 0], [30.805812, 69.799736, 0], [30.822002, 69.787799, 0], [30.83152, 69.781866, 0], [30.842789, 69.777695, 0], [30.839808, 69.775988, 0], [30.839874, 69.772634, 0], [30.853046, 69.769618, 0], [30.890714, 69.737294, 0], [30.89075, 69.71975, 0], [30.874561, 69.71595, 0], [30.944126, 69.683812, 0], [30.947006, 69.6741, 0], [30.928412, 69.67379, 0], [30.923897, 69.669066, 0], [30.935093, 69.647031, 0], [30.952734, 69.637978, 0], [30.938934, 69.560797, 0], [30.818375, 69.528756, 0], [30.803836, 69.528765, 0], [30.787501, 69.532412, 0], [30.744553, 69.532854, 0], [30.708971, 69.536579, 0], [30.66417, 69.540685, 0], [30.566114, 69.542084, 0], [30.515927, 69.540424, 0], [30.507503, 69.547956, 0], [30.417685, 69.589916, 0], [30.223984, 69.653121, 0], [30.151622, 69.669373, 0], [30.111928, 69.663745, 0], [30.085282, 69.658105, 0], [30.091254, 69.642838, 0], [30.137834, 69.643273, 0], [30.149284, 69.626596, 0], [30.15256, 69.609427, 0], [30.154283, 69.607898, 0], [30.158141, 69.607026, 0], [30.188384, 69.568458, 0], [30.171384, 69.533561, 0], [30.14966, 69.530733, 0], [30.147782, 69.529596, 0], [30.143205, 69.526399, 0], [30.140095, 69.525395, 0], [30.128972, 69.522284, 0], [30.116757, 69.498692, 0], [30.117844, 69.488816, 0], [30.112166, 69.479799, 0], [30.117243, 69.469892, 0], [30.075398, 69.45269, 0]]]}, "properties": {"name": "Окупована область Петсамо\n///\nOccupied Petsamo\n/// geoJSON.territories.petsamo", "styleUrl": "#poly-FF5252-2000-77", "styleHash": "94360a6", "styleMapHash": {"normal": "#poly-FF5252-2000-77-normal", "highlight": "#poly-FF5252-2000-77-highlight"}, "description": "Окупована в 1945.<br>///<br>Occupied in 1945.<br><br>/// geoJSON.descriptions.#24", "stroke-opacity": 1, "stroke": "#ff5252", "stroke-width": 2, "fill-opacity": 0.30196078431372547, "fill": "#ff5252"}}, {"type": "Feature", "geometry": {"type": "Polygon", "coordinates": [[[29.86261, 67.491748, 0], [29.840281, 67.479211, 0], [29.767984, 67.428322, 0], [29.753127, 67.419357, 0], [29.714518, 67.398052, 0], [29.719782, 67.392848, 0], [29.691177, 67.382331, 0], [29.675887, 67.372317, 0], [29.659684, 67.370087, 0], [29.650224, 67.363949, 0], [29.65203, 67.360354, 0], [29.64195, 67.353931, 0], [29.633489, 67.353762, 0], [29.622396, 67.351296, 0], [29.618574, 67.345568, 0], [29.646882, 67.340853, 0], [29.645237, 67.335723, 0], [29.618328, 67.329057, 0], [29.614156, 67.325722, 0], [29.585638, 67.329877, 0], [29.578592, 67.323216, 0], [29.569237, 67.321607, 0], [29.565592, 67.318552, 0], [29.580936, 67.315303, 0], [29.570412, 67.310766, 0], [29.555883, 67.312073, 0], [29.539982, 67.307816, 0], [29.524796, 67.31048, 0], [29.505506, 67.285191, 0], [29.517049, 67.280327, 0], [29.361002, 67.177824, 0], [29.070284, 66.992909, 0], [29.041548, 66.961606, 0], [29.034195, 66.943067, 0], [29.033805, 66.924057, 0], [29.060378, 66.854301, 0], [29.120894, 66.801894, 0], [29.521872, 66.494676, 0], [29.697859, 66.277092, 0], [29.924156, 66.126728, 0], [30.024663, 65.966632, 0], [30.091303, 65.838826, 0], [30.138641, 65.669023, 0], [30.716482, 65.758341, 0], [30.723263, 65.828644, 0], [30.650932, 65.889995, 0], [30.62561, 65.926831, 0], [30.578204, 65.969259, 0], [30.498061, 66.056077, 0], [30.497347, 66.228738, 0], [30.339664, 66.361219, 0], [30.308039, 66.548028, 0], [30.595056, 66.661991, 0], [30.507121, 66.695441, 0], [30.726482, 67.033481, 0], [30.01718, 67.673587, 0], [29.930189, 67.52231, 0], [29.86261, 67.491748, 0]]]}, "properties": {"name": "Окупована область Салла\n///\nOccupied Salla\n/// geoJSON.territories.salla", "styleUrl": "#poly-FF5252-2000-77", "styleHash": "94360a6", "styleMapHash": {"normal": "#poly-FF5252-2000-77-normal", "highlight": "#poly-FF5252-2000-77-highlight"}, "description": "Окупована в 1945.<br>///<br>Occupied in 1945.<br>/// geoJSON.descriptions.#24", "stroke-opacity": 1, "stroke": "#ff5252", "stroke-width": 2, "fill-opacity": 0.30196078431372547, "fill": "#ff5252"}}, {"type": "Feature", "geometry": {"type": "Polygon", "coordinates": [[[28.258926, 59.521064, 0], [28.259481, 59.524636, 0], [28.251624, 59.534563, 0], [28.249639, 59.542163, 0], [28.246161, 59.549705, 0], [28.236516, 59.555415, 0], [28.224042, 59.559309, 0], [28.198034, 59.576666, 0], [28.19682, 59.585645, 0], [28.079011, 59.584045, 0], [28.065704, 59.539852, 0], [28.032924, 59.47977, 0], [28.041734, 59.471754, 0], [28.045705, 59.466566, 0], [28.054897, 59.463012, 0], [28.082544, 59.459231, 0], [28.119951, 59.440644, 0], [28.131356, 59.431155, 0], [28.138335, 59.419512, 0], [28.16456, 59.411376, 0], [28.192253, 59.399791, 0], [28.208896, 59.381968, 0], [28.20301, 59.374926, 0], [28.209745, 59.371132, 0], [28.209464, 59.36906, 0], [28.20692, 59.367958, 0], [28.205905, 59.366708, 0], [28.206085, 59.364464, 0], [28.199136, 59.361287, 0], [28.199352, 59.360333, 0], [28.200705, 59.358215, 0], [28.19975, 59.35685, 0], [28.19747, 59.355161, 0], [28.190923, 59.352567, 0], [28.192273, 59.346296, 0], [28.168607, 59.334396, 0], [28.136281, 59.294061, 0], [28.026007, 59.287128, 0], [27.998363, 59.276536, 0], [27.97957, 59.272816, 0], [27.962622, 59.2735, 0], [27.954235, 59.270465, 0], [27.946094, 59.264079, 0], [27.937864, 59.261508, 0], [27.932903, 59.25823, 0], [27.921926, 59.25409, 0], [27.908893, 59.243368, 0], [27.902421, 59.23988, 0], [27.904853, 59.236205, 0], [27.90006, 59.226465, 0], [27.894575, 59.217029, 0], [27.901619, 59.209018, 0], [27.890118, 59.19341, 0], [27.890634, 59.18545, 0], [27.870011, 59.169862, 0], [27.866399, 59.162508, 0], [27.844423, 59.153638, 0], [27.833948, 59.146615, 0], [27.825325, 59.141439, 0], [27.819611, 59.133913, 0], [27.808, 59.129446, 0], [27.803914, 59.119902, 0], [27.804446, 59.111781, 0], [27.809603, 59.108602, 0], [27.809435, 59.106704, 0], [27.807548, 59.105314, 0], [27.800597, 59.103704, 0], [27.788297, 59.091775, 0], [27.789102, 59.085855, 0], [27.789418, 59.080955, 0], [27.792322, 59.078594, 0], [27.791284, 59.072914, 0], [27.792396, 59.069941, 0], [27.779174, 59.064321, 0], [27.773277, 59.058239, 0], [27.771703, 59.052285, 0], [27.775894, 59.045866, 0], [27.767518, 59.032765, 0], [27.751416, 59.03097, 0], [27.745683, 59.02808, 0], [27.744277, 59.024913, 0], [27.744691, 59.01741, 0], [27.739406, 59.009152, 0], [27.744403, 58.993221, 0], [27.729664, 58.986662, 0], [27.920235, 59.021571, 0], [28.042543, 59.018537, 0], [28.211258, 59.081153, 0], [28.543821, 59.204197, 0], [28.544221, 59.206393, 0], [28.543906, 59.207224, 0], [28.543876, 59.207746, 0], [28.546733, 59.209626, 0], [28.54867, 59.211846, 0], [28.553575, 59.213213, 0], [28.557548, 59.215462, 0], [28.557683, 59.215787, 0], [28.557353, 59.216042, 0], [28.554804, 59.217079, 0], [28.554392, 59.217977, 0], [28.554783, 59.219394, 0], [28.557077, 59.22165, 0], [28.557224, 59.222199, 0], [28.55872, 59.223912, 0], [28.558709, 59.224437, 0], [28.560662, 59.226015, 0], [28.560898, 59.226602, 0], [28.559117, 59.228194, 0], [28.558134, 59.233616, 0], [28.546382, 59.235856, 0], [28.547507, 59.238841, 0], [28.546797, 59.240006, 0], [28.548598, 59.251091, 0], [28.553742, 59.259301, 0], [28.564035, 59.272646, 0], [28.565306, 59.276307, 0], [28.567202, 59.277643, 0], [28.567219, 59.278056, 0], [28.569912, 59.280328, 0], [28.571072, 59.280851, 0], [28.573264, 59.28251, 0], [28.575201, 59.283153, 0], [28.576758, 59.283409, 0], [28.581846, 59.283044, 0], [28.582194, 59.283301, 0], [28.584092, 59.2832, 0], [28.585012, 59.283328, 0], [28.586123, 59.284329, 0], [28.589159, 59.284446, 0], [28.591284, 59.284154, 0], [28.592488, 59.284183, 0], [28.596912, 59.285973, 0], [28.598335, 59.286067, 0], [28.59852, 59.286914, 0], [28.600542, 59.288094, 0], [28.601239, 59.289115, 0], [28.602053, 59.290336, 0], [28.601913, 59.291039, 0], [28.600314, 59.29218, 0], [28.600892, 59.293455, 0], [28.603421, 59.296539, 0], [28.60314, 59.297347, 0], [28.602345, 59.297694, 0], [28.59908, 59.298192, 0], [28.599098, 59.29869, 0], [28.599546, 59.29921, 0], [28.603058, 59.299461, 0], [28.60814, 59.30156, 0], [28.613371, 59.306174, 0], [28.62075, 59.306465, 0], [28.619161, 59.307246, 0], [28.606566, 59.308148, 0], [28.596078, 59.317278, 0], [28.595031, 59.322901, 0], [28.605988, 59.329506, 0], [28.61091, 59.337284, 0], [28.619727, 59.340757, 0], [28.622433, 59.346916, 0], [28.626818, 59.352233, 0], [28.62512, 59.356217, 0], [28.60884, 59.35964, 0], [28.597561, 59.358436, 0], [28.579802, 59.364153, 0], [28.58145, 59.368282, 0], [28.584576, 59.369586, 0], [28.586189, 59.373372, 0], [28.591648, 59.376483, 0], [28.593212, 59.379164, 0], [28.600375, 59.380283, 0], [28.600885, 59.38239, 0], [28.599073, 59.383281, 0], [28.587375, 59.383448, 0], [28.583894, 59.386668, 0], [28.577452, 59.389732, 0], [28.580792, 59.397733, 0], [28.573399, 59.405736, 0], [28.568055, 59.409508, 0], [28.560543, 59.411462, 0], [28.54646, 59.411134, 0], [28.537605, 59.409165, 0], [28.532429, 59.406058, 0], [28.52817, 59.404996, 0], [28.526081, 59.406338, 0], [28.52551, 59.410506, 0], [28.510464, 59.418672, 0], [28.499108, 59.419239, 0], [28.494274, 59.420155, 0], [28.486612, 59.425917, 0], [28.482101, 59.427313, 0], [28.467431, 59.427452, 0], [28.453812, 59.4287, 0], [28.436586, 59.423271, 0], [28.427194, 59.422715, 0], [28.410808, 59.428067, 0], [28.398459, 59.430038, 0], [28.391269, 59.428827, 0], [28.377921, 59.421598, 0], [28.367703, 59.419972, 0], [28.35878, 59.422494, 0], [28.353293, 59.423171, 0], [28.346432, 59.419458, 0], [28.34043, 59.418977, 0], [28.334098, 59.420589, 0], [28.323883, 59.425205, 0], [28.308511, 59.432215, 0], [28.305829, 59.438403, 0], [28.307849, 59.444406, 0], [28.307772, 59.448643, 0], [28.303842, 59.45136, 0], [28.294951, 59.453042, 0], [28.282144, 59.457454, 0], [28.268029, 59.46506, 0], [28.265892, 59.46875, 0], [28.261104, 59.472731, 0], [28.255647, 59.482609, 0], [28.250398, 59.484971, 0], [28.2411, 59.483332, 0], [28.235638, 59.484152, 0], [28.234412, 59.486618, 0], [28.241192, 59.49312, 0], [28.248746, 59.498488, 0], [28.250124, 59.502971, 0], [28.245387, 59.50535, 0], [28.245183, 59.507757, 0], [28.249066, 59.50878, 0], [28.252925, 59.511131, 0], [28.258926, 59.521064, 0]]]}, "properties": {"name": "Окуповані у Естонії території.\n///\noccupied Estonia territories.\n/// geoJSON.territories.estonia", "styleUrl": "#poly-FF5252-2000-77", "styleHash": "94360a6", "styleMapHash": {"normal": "#poly-FF5252-2000-77-normal", "highlight": "#poly-FF5252-2000-77-highlight"}, "description": "Окуповано в 1939 за результатами пакту Молотова-Рібентроппа..<br>///<br>Occupied in 1939 in a result of Molotov-Ribbentrop Pact.<br>/// geoJSON.descriptions.#25", "stroke-opacity": 1, "stroke": "#ff5252", "stroke-width": 2, "fill-opacity": 0.30196078431372547, "fill": "#ff5252"}}, {"type": "Feature", "geometry": {"type": "Polygon", "coordinates": [[[28.027559, 57.865771, 0], [27.919104, 57.961188, 0], [27.635976, 58.09996, 0], [27.606659, 58.053403, 0], [27.621322, 58.004842, 0], [27.644466, 58.000274, 0], [27.654129, 57.994615, 0], [27.657527, 57.99766, 0], [27.652171, 57.998511, 0], [27.651518, 58.001277, 0], [27.656048, 58.004169, 0], [27.653608, 58.009407, 0], [27.64564, 58.01388, 0], [27.65374, 58.020552, 0], [27.660907, 58.016894, 0], [27.668245, 58.009236, 0], [27.677765, 58.008559, 0], [27.693022, 58.004111, 0], [27.699154, 57.999582, 0], [27.696049, 57.995977, 0], [27.695692, 57.988643, 0], [27.679196, 57.974703, 0], [27.681222, 57.97085, 0], [27.686631, 57.970508, 0], [27.684488, 57.958874, 0], [27.66235, 57.957822, 0], [27.656873, 57.955172, 0], [27.670982, 57.946776, 0], [27.668387, 57.942483, 0], [27.681757, 57.935365, 0], [27.681792, 57.923853, 0], [27.709088, 57.923072, 0], [27.717156, 57.921013, 0], [27.716816, 57.912885, 0], [27.69623, 57.90684, 0], [27.705868, 57.901683, 0], [27.727244, 57.906094, 0], [27.755527, 57.901942, 0], [27.75999, 57.895185, 0], [27.769083, 57.893896, 0], [27.788899, 57.89989, 0], [27.816611, 57.896398, 0], [27.819162, 57.890507, 0], [27.814922, 57.882105, 0], [27.808627, 57.873063, 0], [27.815951, 57.862101, 0], [27.79399, 57.851486, 0], [27.777696, 57.834241, 0], [27.759699, 57.834697, 0], [27.733325, 57.829023, 0], [27.706195, 57.842621, 0], [27.684208, 57.835056, 0], [27.661018, 57.839458, 0], [27.623811, 57.840182, 0], [27.581372, 57.832595, 0], [27.555412, 57.831862, 0], [27.544891, 57.817149, 0], [27.536771, 57.806822, 0], [27.537012, 57.794574, 0], [27.522046, 57.789102, 0], [27.515247, 57.793102, 0], [27.501753, 57.785755, 0], [27.512875, 57.775636, 0], [27.508342, 57.763451, 0], [27.527764, 57.757024, 0], [27.528151, 57.740145, 0], [27.54613, 57.733038, 0], [27.526688, 57.730511, 0], [27.524201, 57.721057, 0], [27.520947, 57.716081, 0], [27.524784, 57.709618, 0], [27.498579, 57.707004, 0], [27.488561, 57.720941, 0], [27.471612, 57.71782, 0], [27.470336, 57.710475, 0], [27.462122, 57.707886, 0], [27.449815, 57.717723, 0], [27.430469, 57.709404, 0], [27.426799, 57.700282, 0], [27.412594, 57.700196, 0], [27.401359, 57.686262, 0], [27.389878, 57.685916, 0], [27.392649, 57.678172, 0], [27.384433, 57.677587, 0], [27.370748, 57.666684, 0], [27.378398, 57.665992, 0], [27.378593, 57.6591, 0], [27.384476, 57.6556, 0], [27.377704, 57.648418, 0], [27.381325, 57.64783, 0], [27.381014, 57.643349, 0], [27.385595, 57.642268, 0], [27.389146, 57.63843, 0], [27.39768, 57.636863, 0], [27.401699, 57.628952, 0], [27.397036, 57.62214, 0], [27.392176, 57.621016, 0], [27.391727, 57.616934, 0], [27.404552, 57.616123, 0], [27.404794, 57.612297, 0], [27.384175, 57.603674, 0], [27.382613, 57.600796, 0], [27.380176, 57.59881, 0], [27.365946, 57.601045, 0], [27.356888, 57.599074, 0], [27.338982, 57.590137, 0], [27.3373, 57.585892, 0], [27.331487, 57.582757, 0], [27.328724, 57.581905, 0], [27.324892, 57.579359, 0], [27.323367, 57.575375, 0], [27.326154, 57.573482, 0], [27.32692, 57.571998, 0], [27.328281, 57.571147, 0], [27.329974, 57.570734, 0], [27.331299, 57.569355, 0], [27.330079, 57.568514, 0], [27.330575, 57.566937, 0], [27.332769, 57.565302, 0], [27.330292, 57.563413, 0], [27.329972, 57.560877, 0], [27.330361, 57.559627, 0], [27.3326, 57.559566, 0], [27.335403, 57.559238, 0], [27.335945, 57.55849, 0], [27.334798, 57.556717, 0], [27.336538, 57.556209, 0], [27.337613, 57.553329, 0], [27.336675, 57.553095, 0], [27.336258, 57.55106, 0], [27.337998, 57.550031, 0], [27.335514, 57.548456, 0], [27.336468, 57.547239, 0], [27.336402, 57.54605, 0], [27.338672, 57.545375, 0], [27.340038, 57.545684, 0], [27.340795, 57.545519, 0], [27.339991, 57.544683, 0], [27.340787, 57.544115, 0], [27.342465, 57.544361, 0], [27.342429, 57.543379, 0], [27.343474, 57.543027, 0], [27.343076, 57.542047, 0], [27.344253, 57.541284, 0], [27.343517, 57.539667, 0], [27.344964, 57.539012, 0], [27.344253, 57.537611, 0], [27.346263, 57.536328, 0], [27.347538, 57.536435, 0], [27.347512, 57.535727, 0], [27.349091, 57.535094, 0], [27.348301, 57.532492, 0], [27.349467, 57.530974, 0], [27.345964, 57.529872, 0], [27.347539, 57.528774, 0], [27.350347, 57.528422, 0], [27.349783, 57.525598, 0], [27.353119, 57.52548, 0], [27.351379, 57.523033, 0], [27.352533, 57.521732, 0], [27.351581, 57.51821, 0], [27.367828, 57.526857, 0], [27.365261, 57.530072, 0], [27.369656, 57.533828, 0], [27.37484, 57.535488, 0], [27.380486, 57.535354, 0], [27.382784, 57.532948, 0], [27.385768, 57.532386, 0], [27.389247, 57.529463, 0], [27.394317, 57.528456, 0], [27.393619, 57.52677, 0], [27.39821, 57.525317, 0], [27.409711, 57.525193, 0], [27.415051, 57.522707, 0], [27.4267, 57.524898, 0], [27.429522, 57.52684, 0], [27.433082, 57.525722, 0], [27.443963, 57.531872, 0], [27.452321, 57.532002, 0], [27.460714, 57.528782, 0], [27.46902, 57.529319, 0], [27.472158, 57.53069, 0], [27.471266, 57.531844, 0], [27.469311, 57.532458, 0], [27.468834, 57.534781, 0], [27.475123, 57.535479, 0], [27.478518, 57.535562, 0], [27.4808, 57.535197, 0], [27.488069, 57.535458, 0], [27.492866, 57.53819, 0], [27.498426, 57.538447, 0], [27.500621, 57.540344, 0], [27.556719, 57.537812, 0], [27.592646, 57.546868, 0], [27.593433, 57.549296, 0], [27.591731, 57.549744, 0], [27.593134, 57.550962, 0], [27.59182, 57.551143, 0], [27.591851, 57.55178, 0], [27.594661, 57.551443, 0], [27.596162, 57.551966, 0], [27.595839, 57.553114, 0], [27.594658, 57.553617, 0], [27.594871, 57.55421, 0], [27.601389, 57.556302, 0], [27.603782, 57.557908, 0], [27.60359, 57.559738, 0], [27.601661, 57.560269, 0], [27.606731, 57.562066, 0], [27.610006, 57.561426, 0], [27.611233, 57.562446, 0], [27.609567, 57.565317, 0], [27.613353, 57.565933, 0], [27.617491, 57.565323, 0], [27.621036, 57.566325, 0], [27.621204, 57.565779, 0], [27.62383, 57.566648, 0], [27.625061, 57.566326, 0], [27.625669, 57.566453, 0], [27.627189, 57.567744, 0], [27.634005, 57.565814, 0], [27.63562, 57.566464, 0], [27.641597, 57.565003, 0], [27.644453, 57.566592, 0], [27.648793, 57.566916, 0], [27.650264, 57.570968, 0], [27.655096, 57.569959, 0], [27.656176, 57.570609, 0], [27.659224, 57.570409, 0], [27.661414, 57.569542, 0], [27.668798, 57.570615, 0], [27.671635, 57.570322, 0], [27.672675, 57.571301, 0], [27.67115, 57.572247, 0], [27.674624, 57.573493, 0], [27.676937, 57.572488, 0], [27.678129, 57.573607, 0], [27.676565, 57.574832, 0], [27.678465, 57.575893, 0], [27.680249, 57.574525, 0], [27.681261, 57.575779, 0], [27.679936, 57.576586, 0], [27.681678, 57.577466, 0], [27.680402, 57.578592, 0], [27.683022, 57.578497, 0], [27.684658, 57.580973, 0], [27.684156, 57.583532, 0], [27.690297, 57.583832, 0], [27.691802, 57.582982, 0], [27.693267, 57.58372, 0], [27.694653, 57.583769, 0], [27.69659, 57.582586, 0], [27.699434, 57.583347, 0], [27.699975, 57.584684, 0], [27.706418, 57.583676, 0], [27.70773, 57.58423, 0], [27.705996, 57.585474, 0], [27.703857, 57.585593, 0], [27.703289, 57.587173, 0], [27.706576, 57.589802, 0], [27.708716, 57.589693, 0], [27.712573, 57.58802, 0], [27.718399, 57.58955, 0], [27.72799, 57.587642, 0], [27.728909, 57.589988, 0], [27.736952, 57.587089, 0], [27.739415, 57.581545, 0], [27.745998, 57.579682, 0], [27.74646, 57.576392, 0], [27.750526, 57.574852, 0], [27.748566, 57.573244, 0], [27.75021, 57.571452, 0], [27.751781, 57.572471, 0], [27.75544, 57.571379, 0], [27.755289, 57.569655, 0], [27.757689, 57.569686, 0], [27.778077, 57.588204, 0], [27.786411, 57.618909, 0], [27.888989, 57.661192, 0], [27.922684, 57.685483, 0], [28.011392, 57.731376, 0], [28.017577, 57.750915, 0], [28.039232, 57.776179, 0], [28.027559, 57.865771, 0]]]}, "properties": {"name": "Окупований Печорський район (Саатсеський чобіт).\n///\nOccupied Pechorsky district (Saaste Boot).\n/// geoJSON.territories.pechorsky-district", "styleUrl": "#poly-FF5252-2000-77", "styleHash": "94360a6", "styleMapHash": {"normal": "#poly-FF5252-2000-77-normal", "highlight": "#poly-FF5252-2000-77-highlight"}, "description": "Окуповано в 1939 за результатами пакту Молотова-Рібентроппа..<br>///<br>Occupied in 1939 in a result of Molotov-Ribbentrop Pact.<br><br>/// geoJSON.descriptions.#25", "stroke-opacity": 1, "stroke": "#ff5252", "stroke-width": 2, "fill-opacity": 0.30196078431372547, "fill": "#ff5252"}}, {"type": "Feature", "geometry": {"type": "Polygon", "coordinates": [[[27.592646, 57.546868, 0], [27.556719, 57.537812, 0], [27.547148, 57.519367, 0], [27.555259, 57.51954, 0], [27.566157, 57.514911, 0], [27.567694, 57.510446, 0], [27.556696, 57.498569, 0], [27.547072, 57.459325, 0], [27.536666, 57.461108, 0], [27.515908, 57.424456, 0], [27.518471, 57.424451, 0], [27.527086, 57.426004, 0], [27.557078, 57.415736, 0], [27.560501, 57.411007, 0], [27.581072, 57.416041, 0], [27.593889, 57.41714, 0], [27.603555, 57.41555, 0], [27.624079, 57.401646, 0], [27.669606, 57.395246, 0], [27.68312, 57.373529, 0], [27.721942, 57.361136, 0], [27.752638, 57.357088, 0], [27.756395, 57.350867, 0], [27.779676, 57.343606, 0], [27.773111, 57.330021, 0], [27.782509, 57.320051, 0], [27.816916, 57.324387, 0], [27.826332, 57.322121, 0], [27.842747, 57.310916, 0], [27.846728, 57.303339, 0], [27.858253, 57.302437, 0], [27.867029, 57.296711, 0], [27.868995, 57.280583, 0], [27.862036, 57.275959, 0], [27.859793, 57.26263, 0], [27.867499, 57.25454, 0], [27.867462, 57.244492, 0], [27.859206, 57.244932, 0], [27.838601, 57.220938, 0], [27.841684, 57.211414, 0], [27.825548, 57.200544, 0], [27.830182, 57.199308, 0], [27.825895, 57.192886, 0], [27.826544, 57.163779, 0], [27.822571, 57.15809, 0], [27.820316, 57.151889, 0], [27.817496, 57.14263, 0], [27.799422, 57.13971, 0], [27.788561, 57.13297, 0], [27.784435, 57.132948, 0], [27.783142, 57.135395, 0], [27.781505, 57.13542, 0], [27.778661, 57.134164, 0], [27.775303, 57.133561, 0], [27.773713, 57.134314, 0], [27.767994, 57.131958, 0], [27.757899, 57.131093, 0], [27.752471, 57.126659, 0], [27.747796, 57.127015, 0], [27.747545, 57.122696, 0], [27.73454, 57.118642, 0], [27.733963, 57.11128, 0], [27.752036, 57.107017, 0], [27.74524, 57.101623, 0], [27.737583, 57.103128, 0], [27.73463, 57.101382, 0], [27.722028, 57.100595, 0], [27.721198, 57.103588, 0], [27.719539, 57.103793, 0], [27.715192, 57.097862, 0], [27.718689, 57.093554, 0], [27.739586, 57.091651, 0], [27.746019, 57.083277, 0], [27.765578, 57.086768, 0], [27.76932, 57.08376, 0], [27.743921, 57.06878, 0], [27.747446, 57.051971, 0], [27.735862, 57.046738, 0], [27.728486, 57.037761, 0], [27.729186, 57.027648, 0], [27.714801, 57.007602, 0], [27.717274, 57.002833, 0], [27.731828, 57.001524, 0], [27.76952, 57.005562, 0], [27.74333, 56.955836, 0], [27.738293, 56.920333, 0], [27.719752, 56.913288, 0], [27.7074, 56.912068, 0], [27.686781, 56.916297, 0], [27.672383, 56.895746, 0], [27.671016, 56.870393, 0], [27.655587, 56.852499, 0], [27.658032, 56.84768, 0], [27.658979, 56.834288, 0], [27.680197, 56.836988, 0], [27.691632, 56.836869, 0], [27.694066, 56.83952, 0], [27.702364, 56.841251, 0], [27.704369, 56.847341, 0], [27.718848, 56.84769, 0], [27.720624, 56.851135, 0], [27.726177, 56.853454, 0], [27.730535, 56.853155, 0], [27.732044, 56.856874, 0], [27.738151, 56.856426, 0], [27.742466, 56.854404, 0], [27.748694, 56.857679, 0], [27.753254, 56.856908, 0], [27.755167, 56.860432, 0], [27.7741, 56.862971, 0], [27.778663, 56.86204, 0], [27.785974, 56.864767, 0], [27.789509, 56.864679, 0], [27.795062, 56.862259, 0], [27.82334, 56.866416, 0], [27.835963, 56.873032, 0], [27.845079, 56.874627, 0], [27.848214, 56.878939, 0], [27.876953, 56.877278, 0], [27.871706, 56.867081, 0], [27.884557, 56.856818, 0], [27.885197, 56.851684, 0], [27.899172, 56.838039, 0], [27.901711, 56.820519, 0], [27.943778, 56.829331, 0], [27.966634, 56.837384, 0], [27.967073, 56.840681, 0], [27.987206, 56.841954, 0], [28.000538, 56.847565, 0], [27.997049, 56.864254, 0], [28.02155, 56.865776, 0], [28.036728, 56.875731, 0], [28.03265, 56.881274, 0], [28.061852, 56.889204, 0], [28.06719, 56.913138, 0], [28.083244, 56.919107, 0], [28.074791, 56.930336, 0], [28.088929, 56.940725, 0], [28.086895, 56.951255, 0], [28.06888, 56.954177, 0], [28.065883, 56.962843, 0], [28.084048, 56.973773, 0], [28.066265, 56.975169, 0], [28.066471, 56.982227, 0], [28.080996, 56.982386, 0], [28.083112, 56.990697, 0], [28.098587, 56.996162, 0], [28.102205, 57.003196, 0], [28.119462, 57.005311, 0], [28.116759, 57.013755, 0], [28.126734, 57.019284, 0], [28.122106, 57.025973, 0], [28.136454, 57.027914, 0], [28.125775, 57.038413, 0], [28.119401, 57.038618, 0], [28.12514, 57.048245, 0], [28.117363, 57.061273, 0], [28.119307, 57.068529, 0], [28.114096, 57.072902, 0], [28.120096, 57.077172, 0], [28.130994, 57.072402, 0], [28.143994, 57.076734, 0], [28.157706, 57.074047, 0], [28.163874, 57.07009, 0], [28.191673, 57.085352, 0], [28.191322, 57.088978, 0], [28.182217, 57.087807, 0], [28.171828, 57.097477, 0], [28.19355, 57.098831, 0], [28.195561, 57.105518, 0], [28.224346, 57.109597, 0], [28.215047, 57.115001, 0], [28.204556, 57.11565, 0], [28.192099, 57.156026, 0], [28.180686, 57.168746, 0], [28.174285, 57.167653, 0], [28.171431, 57.170549, 0], [28.172098, 57.172829, 0], [28.178269, 57.174435, 0], [28.182171, 57.17379, 0], [28.179551, 57.175843, 0], [28.179334, 57.177896, 0], [28.17253, 57.179667, 0], [28.17711, 57.18211, 0], [28.180833, 57.186182, 0], [28.173064, 57.186383, 0], [28.174758, 57.188181, 0], [28.170541, 57.18929, 0], [28.167832, 57.187472, 0], [28.16476, 57.188702, 0], [28.165113, 57.191363, 0], [28.16804, 57.192228, 0], [28.171049, 57.195823, 0], [28.166631, 57.196505, 0], [28.166996, 57.199171, 0], [28.162457, 57.19962, 0], [28.158728, 57.201705, 0], [28.16227, 57.203165, 0], [28.162068, 57.20529, 0], [28.155528, 57.206772, 0], [28.158266, 57.209464, 0], [28.151824, 57.209695, 0], [28.14414, 57.213389, 0], [28.142529, 57.212494, 0], [28.144428, 57.210884, 0], [28.14366, 57.209475, 0], [28.141217, 57.209468, 0], [28.137743, 57.214015, 0], [28.140637, 57.214658, 0], [28.142673, 57.216045, 0], [28.141191, 57.219059, 0], [28.14444, 57.219566, 0], [28.148977, 57.218215, 0], [28.15155, 57.218912, 0], [28.150948, 57.222861, 0], [28.154464, 57.223605, 0], [28.162274, 57.220723, 0], [28.169654, 57.22049, 0], [28.173001, 57.218235, 0], [28.18403, 57.217664, 0], [28.189888, 57.214219, 0], [28.200971, 57.214401, 0], [28.202479, 57.216815, 0], [28.200058, 57.219138, 0], [28.200993, 57.220811, 0], [28.204207, 57.221368, 0], [28.207113, 57.220323, 0], [28.21002, 57.220021, 0], [28.211124, 57.221392, 0], [28.2085, 57.222309, 0], [28.207875, 57.224813, 0], [28.210824, 57.226994, 0], [28.20895, 57.231429, 0], [28.21059, 57.234296, 0], [28.205402, 57.237309, 0], [28.202807, 57.24346, 0], [28.197046, 57.244492, 0], [28.19386, 57.246871, 0], [28.197859, 57.25249, 0], [28.19119, 57.254092, 0], [28.187597, 57.258932, 0], [28.190778, 57.265251, 0], [28.197088, 57.267761, 0], [28.201102, 57.270175, 0], [28.203453, 57.269666, 0], [28.20746, 57.266998, 0], [28.213499, 57.268727, 0], [28.210939, 57.270844, 0], [28.21189, 57.272135, 0], [28.216143, 57.273105, 0], [28.217239, 57.274936, 0], [28.214782, 57.278125, 0], [28.2157, 57.280137, 0], [28.219378, 57.281885, 0], [28.217784, 57.282991, 0], [28.212266, 57.282663, 0], [28.210022, 57.283658, 0], [28.209672, 57.285408, 0], [28.215763, 57.287721, 0], [28.216577, 57.289203, 0], [28.214666, 57.291566, 0], [28.215674, 57.293327, 0], [28.223925, 57.296311, 0], [28.229338, 57.296784, 0], [28.232046, 57.298504, 0], [28.230567, 57.302888, 0], [28.231629, 57.308001, 0], [28.227353, 57.309676, 0], [28.222984, 57.309772, 0], [28.21728, 57.314038, 0], [28.210052, 57.317886, 0], [28.211329, 57.32018, 0], [28.218, 57.321403, 0], [28.220134, 57.322802, 0], [28.218884, 57.324335, 0], [28.216254, 57.325761, 0], [28.21225, 57.329319, 0], [28.211336, 57.334126, 0], [28.20882, 57.33565, 0], [28.203441, 57.335624, 0], [28.194058, 57.333619, 0], [28.192198, 57.33169, 0], [28.195217, 57.328872, 0], [28.197412, 57.324637, 0], [28.195832, 57.322254, 0], [28.192804, 57.322179, 0], [28.186655, 57.323902, 0], [28.181536, 57.32303, 0], [28.17497, 57.326744, 0], [28.162331, 57.327535, 0], [28.160989, 57.328486, 0], [28.157829, 57.330398, 0], [28.15788, 57.331678, 0], [28.160094, 57.332619, 0], [28.159313, 57.335962, 0], [28.056313, 57.34595, 0], [28.052134, 57.34806, 0], [28.044724, 57.351429, 0], [28.039887, 57.352484, 0], [28.036764, 57.351582, 0], [28.027306, 57.353446, 0], [28.030044, 57.357341, 0], [28.021456, 57.357807, 0], [28.017419, 57.355355, 0], [28.012396, 57.356119, 0], [28.010057, 57.354094, 0], [28.005711, 57.355026, 0], [28.010549, 57.359847, 0], [27.998848, 57.36183, 0], [27.994636, 57.366912, 0], [27.989266, 57.366306, 0], [27.985637, 57.37313, 0], [27.977469, 57.376217, 0], [27.968663, 57.375956, 0], [27.964689, 57.374969, 0], [27.956909, 57.376812, 0], [27.956066, 57.376414, 0], [27.956395, 57.375649, 0], [27.953834, 57.375902, 0], [27.952554, 57.37471, 0], [27.95024, 57.374716, 0], [27.950113, 57.374261, 0], [27.9508, 57.373204, 0], [27.950094, 57.371089, 0], [27.952702, 57.369852, 0], [27.95302, 57.369002, 0], [27.951977, 57.368461, 0], [27.950254, 57.368352, 0], [27.949393, 57.367673, 0], [27.943984, 57.366153, 0], [27.935529, 57.368124, 0], [27.932201, 57.366054, 0], [27.926418, 57.365944, 0], [27.925328, 57.369291, 0], [27.924225, 57.368674, 0], [27.9223, 57.369592, 0], [27.922282, 57.374054, 0], [27.917971, 57.378099, 0], [27.910832, 57.375549, 0], [27.903228, 57.377096, 0], [27.900111, 57.379904, 0], [27.902843, 57.38501, 0], [27.899916, 57.384603, 0], [27.897337, 57.389626, 0], [27.881369, 57.390196, 0], [27.875787, 57.392746, 0], [27.877802, 57.394298, 0], [27.876235, 57.395306, 0], [27.872275, 57.395116, 0], [27.86772, 57.3996, 0], [27.868315, 57.401771, 0], [27.760108, 57.456946, 0], [27.592646, 57.546868, 0]]]}, "properties": {"name": "Окуповані території Латвії.\n///\nOccupied Latvia territories.\n/// geoJSON.territories.latvia", "styleUrl": "#poly-FF5252-2000-77", "styleHash": "94360a6", "styleMapHash": {"normal": "#poly-FF5252-2000-77-normal", "highlight": "#poly-FF5252-2000-77-highlight"}, "description": "Окуповано в 1939 за результатами пакту Молотова-Рібентроппа..<br>///<br>Occupied in 1939 in a result of Molotov-Ribbentrop Pact.<br>/// geoJSON.descriptions.#25", "stroke-opacity": 1, "stroke": "#ff5252", "stroke-width": 2, "fill-opacity": 0.30196078431372547, "fill": "#ff5252"}}, {"type": "Feature", "geometry": {"type": "Polygon", "coordinates": [[[32.779672, 47.098764, 0], [32.761616, 47.082322, 0], [32.718172, 47.068209, 0], [32.673554, 47.06784, 0], [32.638993, 47.065722, 0], [32.51994, 47.044387, 0], [32.515198, 47.020965, 0], [32.50721, 47.006063, 0], [32.487384, 46.998417, 0], [32.476656, 46.985068, 0], [32.42264, 46.959012, 0], [32.397005, 46.929504, 0], [32.399332, 46.896304, 0], [32.404311, 46.883165, 0], [32.382766, 46.876949, 0], [32.35573, 46.876594, 0], [32.356744, 46.866851, 0], [32.361407, 46.856516, 0], [32.37102, 46.844776, 0], [32.363956, 46.83223, 0], [32.304247, 46.777343, 0], [32.244907, 46.770425, 0], [32.217517, 46.749644, 0], [32.170699, 46.746051, 0], [32.146252, 46.706302, 0], [32.126854, 46.699876, 0], [32.106856, 46.690468, 0], [32.09306, 46.673078, 0], [32.088882, 46.654511, 0], [32.088145, 46.643406, 0], [32.087304, 46.637685, 0], [32.060233, 46.637724, 0], [32.057711, 46.61386, 0], [32.080295, 46.616655, 0], [32.096186, 46.615849, 0], [32.112954, 46.605332, 0], [32.140281, 46.557287, 0], [32.187392, 46.576002, 0], [32.209577, 46.577286, 0], [32.242852, 46.591636, 0], [32.250488, 46.592296, 0], [32.262332, 46.589589, 0], [32.272457, 46.584993, 0], [32.277619, 46.581814, 0], [32.279338, 46.578302, 0], [32.283459, 46.576606, 0], [32.285863, 46.577705, 0], [32.305432, 46.561599, 0], [32.309901, 46.560252, 0], [32.313597, 46.558138, 0], [32.31571, 46.555828, 0], [32.315559, 46.554955, 0], [32.317274, 46.552295, 0], [32.320637, 46.550509, 0], [32.32362, 46.551159, 0], [32.325423, 46.54992, 0], [32.336287, 46.550516, 0], [32.344811, 46.547938, 0], [32.357537, 46.55042, 0], [32.368125, 46.54825, 0], [32.385525, 46.548046, 0], [32.387855, 46.548429, 0], [32.397284, 46.553652, 0], [32.408602, 46.558284, 0], [32.414158, 46.560075, 0], [32.419972, 46.560981, 0], [32.427132, 46.559691, 0], [32.44001, 46.560644, 0], [32.448296, 46.562658, 0], [32.459937, 46.567326, 0], [32.47783, 46.573975, 0], [32.482651, 46.580151, 0], [32.487488, 46.582987, 0], [32.494756, 46.585526, 0], [32.505932, 46.593668, 0], [32.519086, 46.596044, 0], [32.543055, 46.595085, 0], [32.559408, 46.600272, 0], [32.563643, 46.597926, 0], [32.57031, 46.596458, 0], [32.578664, 46.596491, 0], [32.580481, 46.597716, 0], [32.580875, 46.600893, 0], [32.592384, 46.60525, 0], [32.60566, 46.615369, 0], [32.612931, 46.622598, 0], [32.618897, 46.624154, 0], [32.631731, 46.632636, 0], [32.657581, 46.654308, 0], [32.719456, 46.673397, 0], [32.728849, 46.675088, 0], [32.755606, 46.672542, 0], [32.773877, 46.672526, 0], [32.786939, 46.674299, 0], [32.801634, 46.67925, 0], [32.813032, 46.684417, 0], [32.827459, 46.694855, 0], [32.845144, 46.703664, 0], [32.851156, 46.709147, 0], [32.869028, 46.721807, 0], [32.890406, 46.736228, 0], [32.895548, 46.736977, 0], [32.897712, 46.738027, 0], [32.898318, 46.739912, 0], [32.899996, 46.741025, 0], [32.907096, 46.741392, 0], [32.912009, 46.743111, 0], [32.915002, 46.743213, 0], [32.916867, 46.742108, 0], [32.917929, 46.742108, 0], [32.918963, 46.742409, 0], [32.92344, 46.742552, 0], [32.923636, 46.742159, 0], [32.927996, 46.74222, 0], [32.932786, 46.7414, 0], [32.93571, 46.741571, 0], [32.937087, 46.7412, 0], [32.938612, 46.73928, 0], [32.940781, 46.738477, 0], [32.948897, 46.739753, 0], [32.959417, 46.73997, 0], [32.97646, 46.742479, 0], [32.997452, 46.742279, 0], [33.00028, 46.743289, 0], [33.015138, 46.74205, 0], [33.034643, 46.74336, 0], [33.04641, 46.747499, 0], [33.065706, 46.75815, 0], [33.078835, 46.761997, 0], [33.096255, 46.76942, 0], [33.11531, 46.775666, 0], [33.141364, 46.785627, 0], [33.165301, 46.78799, 0], [33.183857, 46.788451, 0], [33.189874, 46.787889, 0], [33.205203, 46.788031, 0], [33.207941, 46.786661, 0], [33.211322, 46.783278, 0], [33.213729, 46.782771, 0], [33.217623, 46.783443, 0], [33.220922, 46.784808, 0], [33.227196, 46.78571, 0], [33.23407, 46.786025, 0], [33.24294, 46.783984, 0], [33.252881, 46.783145, 0], [33.25732, 46.783542, 0], [33.260484, 46.782654, 0], [33.272537, 46.78265, 0], [33.281028, 46.784129, 0], [33.283395, 46.783868, 0], [33.287496, 46.780725, 0], [33.292347, 46.778977, 0], [33.298291, 46.775583, 0], [33.303553, 46.774195, 0], [33.310132, 46.774235, 0], [33.316412, 46.775304, 0], [33.34498, 46.781819, 0], [33.352337, 46.7785, 0], [33.35844, 46.781821, 0], [33.364243, 46.778735, 0], [33.37058, 46.781027, 0], [33.359708, 46.78617, 0], [33.403927, 46.823707, 0], [33.428103, 46.836644, 0], [33.473008, 46.847824, 0], [33.509575, 46.857704, 0], [33.57029, 46.854484, 0], [33.593648, 46.86243, 0], [33.598621, 46.898825, 0], [33.59776, 46.923489, 0], [33.602238, 46.942474, 0], [33.614096, 46.95437, 0], [33.654812, 46.985358, 0], [33.660419, 47.005374, 0], [33.659104, 47.022138, 0], [33.652122, 47.043697, 0], [33.688464, 47.064894, 0], [33.725258, 47.079342, 0], [33.760274, 47.096058, 0], [33.779746, 47.117784, 0], [33.78823, 47.131702, 0], [33.78722, 47.143049, 0], [33.783462, 47.159649, 0], [33.781351, 47.179716, 0], [33.762361, 47.183983, 0], [33.755101, 47.191071, 0], [33.747431, 47.193219, 0], [33.722766, 47.192331, 0], [33.695739, 47.196379, 0], [33.65373, 47.194456, 0], [33.568187, 47.194677, 0], [33.53245, 47.223669, 0], [33.51023, 47.234407, 0], [33.464188, 47.252034, 0], [33.401323, 47.264058, 0], [33.319738, 47.245774, 0], [33.160134, 47.191439, 0], [33.131326, 47.16619, 0], [33.108905, 47.117912, 0], [33.098847, 47.121375, 0], [33.075743, 47.112922, 0], [33.051844, 47.11797, 0], [33.040762, 47.120659, 0], [33.015179, 47.128425, 0], [33.006585, 47.13005, 0], [33.002391, 47.131541, 0], [33.001942, 47.130199, 0], [33.000635, 47.129003, 0], [32.998836, 47.126961, 0], [32.992695, 47.123066, 0], [32.986662, 47.120616, 0], [32.977022, 47.118665, 0], [32.96972, 47.116071, 0], [32.962763, 47.116033, 0], [32.951879, 47.117454, 0], [32.950888, 47.117357, 0], [32.950375, 47.117023, 0], [32.94999, 47.115288, 0], [32.951068, 47.113299, 0], [32.952553, 47.112201, 0], [32.954768, 47.110943, 0], [32.957413, 47.109992, 0], [32.962787, 47.108702, 0], [32.966079, 47.108147, 0], [32.970487, 47.108146, 0], [32.971927, 47.107854, 0], [32.972658, 47.107109, 0], [32.973596, 47.105276, 0], [32.973982, 47.103516, 0], [32.97345, 47.101193, 0], [32.972662, 47.099338, 0], [32.970524, 47.097976, 0], [32.967443, 47.097258, 0], [32.964222, 47.097211, 0], [32.961344, 47.097778, 0], [32.955235, 47.101108, 0], [32.954409, 47.102105, 0], [32.951088, 47.10558, 0], [32.950557, 47.105958, 0], [32.949624, 47.106276, 0], [32.945848, 47.106314, 0], [32.942499, 47.105761, 0], [32.940192, 47.104615, 0], [32.939173, 47.103733, 0], [32.937418, 47.100323, 0], [32.935535, 47.094548, 0], [32.934773, 47.090212, 0], [32.933967, 47.087237, 0], [32.930415, 47.084788, 0], [32.925358, 47.083417, 0], [32.923863, 47.08396, 0], [32.916954, 47.085218, 0], [32.914101, 47.086957, 0], [32.913908, 47.087851, 0], [32.910072, 47.091606, 0], [32.909005, 47.094091, 0], [32.909058, 47.096811, 0], [32.911494, 47.101473, 0], [32.913645, 47.103512, 0], [32.913907, 47.104368, 0], [32.913328, 47.105088, 0], [32.910752, 47.107798, 0], [32.901026, 47.112588, 0], [32.897564, 47.113362, 0], [32.894446, 47.113464, 0], [32.89326, 47.112839, 0], [32.891794, 47.11109, 0], [32.890451, 47.106452, 0], [32.891006, 47.103083, 0], [32.894049, 47.097771, 0], [32.89831, 47.089361, 0], [32.89739, 47.08791, 0], [32.892552, 47.086078, 0], [32.888015, 47.083809, 0], [32.884476, 47.082367, 0], [32.881352, 47.080924, 0], [32.877808, 47.079996, 0], [32.872565, 47.077628, 0], [32.870727, 47.077232, 0], [32.868782, 47.077376, 0], [32.865, 47.079038, 0], [32.862777, 47.079424, 0], [32.854255, 47.07894, 0], [32.851811, 47.079187, 0], [32.849432, 47.080091, 0], [32.848363, 47.082512, 0], [32.846913, 47.084199, 0], [32.844097, 47.086111, 0], [32.842606, 47.089723, 0], [32.823949, 47.089009, 0], [32.812037, 47.098041, 0], [32.779672, 47.098764, 0]]]}, "properties": {"name": "Звільнено /// Liberated /// geoJSON.status.dismissed", "styleUrl": "#poly-0F9D58-2000-77", "styleHash": "-6747544", "styleMapHash": {"normal": "#poly-0F9D58-2000-77-normal", "highlight": "#poly-0F9D58-2000-77-highlight"}, "description": "з 10.11 /// since 10.11 /// geoJSON.descriptions.#26", "stroke-opacity": 1, "stroke": "#0f9d58", "stroke-width": 2, "fill-opacity": 0.30196078431372547, "fill": "#0f9d58"}}, {"type": "Feature", "geometry": {"type": "Polygon", "coordinates": [[[146.108201, 44.849171, 0], [145.2299, 43.806817, 0], [145.416761, 43.637772, 0], [145.488159, 43.437187, 0], [145.827294, 43.429068, 0], [145.880101, 43.266721, 0], [147.264394, 43.818503, 0], [149.05394, 45.270095, 0], [149.177361, 45.566908, 0], [148.209879, 45.799597, 0], [146.108201, 44.849171, 0]]]}, "properties": {"name": "Окуповані Південні Курильські острови.\n///\nOccupied Southern Kuril islands.\n/// geoJSON.territories.kuril", "styleUrl": "#poly-FF5252-2000-77", "styleHash": "94360a6", "styleMapHash": {"normal": "#poly-FF5252-2000-77-normal", "highlight": "#poly-FF5252-2000-77-highlight"}, "description": "Окуповані в 1946. З 1956 не повернуті Японії.<br>///<br>Occupied in 1946. Not returned to Japan since 1956.<br>/// geoJSON.descriptions.#27", "stroke-opacity": 1, "stroke": "#ff5252", "stroke-width": 2, "fill-opacity": 0.30196078431372547, "fill": "#ff5252"}}, {"type": "Feature", "geometry": {"type": "Polygon", "coordinates": [[[33.407555, 47.456726, 0], [33.388963, 47.458133, 0], [33.389887, 47.456513, 0], [33.389867, 47.455154, 0], [33.389183, 47.449622, 0], [33.389446, 47.448278, 0], [33.389328, 47.445557, 0], [33.388567, 47.441878, 0], [33.387247, 47.440507, 0], [33.383953, 47.439716, 0], [33.382945, 47.439266, 0], [33.382473, 47.438105, 0], [33.384694, 47.435761, 0], [33.386614, 47.432662, 0], [33.388588, 47.431152, 0], [33.392628, 47.428405, 0], [33.394908, 47.4274, 0], [33.400594, 47.427139, 0], [33.400953, 47.427534, 0], [33.405744, 47.426827, 0], [33.407137, 47.425794, 0], [33.406955, 47.423818, 0], [33.400057, 47.420435, 0], [33.39637, 47.417666, 0], [33.387482, 47.416602, 0], [33.378878, 47.416474, 0], [33.37672, 47.417397, 0], [33.373657, 47.418599, 0], [33.369477, 47.419511, 0], [33.366586, 47.417395, 0], [33.366077, 47.415395, 0], [33.365366, 47.413128, 0], [33.36575, 47.411979, 0], [33.365102, 47.409914, 0], [33.364979, 47.405612, 0], [33.365715, 47.40134, 0], [33.366708, 47.399105, 0], [33.366951, 47.397334, 0], [33.369668, 47.393415, 0], [33.369524, 47.391969, 0], [33.369921, 47.390529, 0], [33.373336, 47.387982, 0], [33.37541, 47.386903, 0], [33.376142, 47.385946, 0], [33.375222, 47.382193, 0], [33.373111, 47.380267, 0], [33.37144, 47.379699, 0], [33.369686, 47.379681, 0], [33.368732, 47.379109, 0], [33.369173, 47.376989, 0], [33.369002, 47.376154, 0], [33.368145, 47.376127, 0], [33.368235, 47.373966, 0], [33.367599, 47.372623, 0], [33.360272, 47.36871, 0], [33.359309, 47.368634, 0], [33.357692, 47.367904, 0], [33.354962, 47.365673, 0], [33.354029, 47.365223, 0], [33.351543, 47.364944, 0], [33.349057, 47.364563, 0], [33.347402, 47.364965, 0], [33.345884, 47.365782, 0], [33.345101, 47.36555, 0], [33.344951, 47.364598, 0], [33.345521, 47.363146, 0], [33.345791, 47.362123, 0], [33.345696, 47.36155, 0], [33.345324, 47.361021, 0], [33.34345, 47.36058, 0], [33.34164, 47.360574, 0], [33.34042, 47.360801, 0], [33.339306, 47.361333, 0], [33.338476, 47.362662, 0], [33.337709, 47.363148, 0], [33.335382, 47.363502, 0], [33.333216, 47.364442, 0], [33.332144, 47.364684, 0], [33.329904, 47.364302, 0], [33.327163, 47.36457, 0], [33.32408, 47.365171, 0], [33.322566, 47.365204, 0], [33.320858, 47.365556, 0], [33.318244, 47.366588, 0], [33.315512, 47.367803, 0], [33.312214, 47.369875, 0], [33.310973, 47.370495, 0], [33.310216, 47.370595, 0], [33.309519, 47.370454, 0], [33.308517, 47.370079, 0], [33.3073, 47.369835, 0], [33.305265, 47.369231, 0], [33.299079, 47.368335, 0], [33.298553, 47.367881, 0], [33.299034, 47.36679, 0], [33.298518, 47.366229, 0], [33.297347, 47.365675, 0], [33.295464, 47.365648, 0], [33.293585, 47.364721, 0], [33.293036, 47.36398, 0], [33.292883, 47.362395, 0], [33.292105, 47.360388, 0], [33.290211, 47.357337, 0], [33.289288, 47.354688, 0], [33.289727, 47.353916, 0], [33.291492, 47.352963, 0], [33.292012, 47.352242, 0], [33.292182, 47.351044, 0], [33.291537, 47.349511, 0], [33.290657, 47.348802, 0], [33.288286, 47.347692, 0], [33.285297, 47.346032, 0], [33.284619, 47.345493, 0], [33.284627, 47.345012, 0], [33.285189, 47.344097, 0], [33.286156, 47.343437, 0], [33.286554, 47.342321, 0], [33.287783, 47.339757, 0], [33.289013, 47.338648, 0], [33.290916, 47.33757, 0], [33.295172, 47.335431, 0], [33.296956, 47.334245, 0], [33.299667, 47.333007, 0], [33.301006, 47.331521, 0], [33.300972, 47.330529, 0], [33.301063, 47.329692, 0], [33.300294, 47.328574, 0], [33.299524, 47.328534, 0], [33.299063, 47.328196, 0], [33.297618, 47.327958, 0], [33.296602, 47.327299, 0], [33.297699, 47.326501, 0], [33.299042, 47.325272, 0], [33.299055, 47.323985, 0], [33.298195, 47.323501, 0], [33.297508, 47.322736, 0], [33.29622, 47.321975, 0], [33.293817, 47.321507, 0], [33.291585, 47.321796, 0], [33.290255, 47.322174, 0], [33.289332, 47.322101, 0], [33.286951, 47.321039, 0], [33.285372, 47.321071, 0], [33.279348, 47.322368, 0], [33.266842, 47.327242, 0], [33.264942, 47.328132, 0], [33.262311, 47.329546, 0], [33.26074, 47.330808, 0], [33.256766, 47.334224, 0], [33.256156, 47.334598, 0], [33.25495, 47.334872, 0], [33.253744, 47.334826, 0], [33.252068, 47.334168, 0], [33.250844, 47.333607, 0], [33.24889, 47.332144, 0], [33.246829, 47.330135, 0], [33.245455, 47.328113, 0], [33.242494, 47.325967, 0], [33.240649, 47.324694, 0], [33.237708, 47.323195, 0], [33.234339, 47.32219, 0], [33.233479, 47.321647, 0], [33.233134, 47.320473, 0], [33.234335, 47.316798, 0], [33.235316, 47.315247, 0], [33.235549, 47.314385, 0], [33.236438, 47.312819, 0], [33.238127, 47.311497, 0], [33.241847, 47.30944, 0], [33.244965, 47.308663, 0], [33.246583, 47.307671, 0], [33.250517, 47.306795, 0], [33.255705, 47.30621, 0], [33.258361, 47.305566, 0], [33.262326, 47.305824, 0], [33.267227, 47.307757, 0], [33.269853, 47.307653, 0], [33.270766, 47.307441, 0], [33.274098, 47.30719, 0], [33.274691, 47.30654, 0], [33.275717, 47.305866, 0], [33.275584, 47.304174, 0], [33.275222, 47.303026, 0], [33.274955, 47.301142, 0], [33.275079, 47.300549, 0], [33.275742, 47.299118, 0], [33.275515, 47.297383, 0], [33.274602, 47.295998, 0], [33.273744, 47.29499, 0], [33.271812, 47.293031, 0], [33.26986, 47.292256, 0], [33.268927, 47.291664, 0], [33.26773, 47.290669, 0], [33.264, 47.287931, 0], [33.263058, 47.287899, 0], [33.261708, 47.288186, 0], [33.261118, 47.287602, 0], [33.259879, 47.287077, 0], [33.256709, 47.28661, 0], [33.249782, 47.286374, 0], [33.249222, 47.286574, 0], [33.247225, 47.286179, 0], [33.242879, 47.286855, 0], [33.239977, 47.288677, 0], [33.238869, 47.288861, 0], [33.232739, 47.28884, 0], [33.231899, 47.289548, 0], [33.231693, 47.29031, 0], [33.230989, 47.292088, 0], [33.229822, 47.292366, 0], [33.228955, 47.292061, 0], [33.228236, 47.291344, 0], [33.226718, 47.291393, 0], [33.224771, 47.290918, 0], [33.22023, 47.289504, 0], [33.216287, 47.287778, 0], [33.214487, 47.286682, 0], [33.21363, 47.285814, 0], [33.211914, 47.285089, 0], [33.211013, 47.284639, 0], [33.209951, 47.28409, 0], [33.209147, 47.283424, 0], [33.209544, 47.283079, 0], [33.209614, 47.281946, 0], [33.208833, 47.280651, 0], [33.207671, 47.279276, 0], [33.205092, 47.277348, 0], [33.204157, 47.276365, 0], [33.202271, 47.273324, 0], [33.20107, 47.272124, 0], [33.198497, 47.268244, 0], [33.198156, 47.266514, 0], [33.198158, 47.264629, 0], [33.197687, 47.264124, 0], [33.195949, 47.263303, 0], [33.194126, 47.262075, 0], [33.193771, 47.261183, 0], [33.193999, 47.257414, 0], [33.194449, 47.257267, 0], [33.19552, 47.256595, 0], [33.196442, 47.25556, 0], [33.196989, 47.254576, 0], [33.197734, 47.253793, 0], [33.199909, 47.252324, 0], [33.200138, 47.251531, 0], [33.199609, 47.250814, 0], [33.197929, 47.249902, 0], [33.195844, 47.24965, 0], [33.193299, 47.250019, 0], [33.192027, 47.250088, 0], [33.191477, 47.249772, 0], [33.191545, 47.249148, 0], [33.192137, 47.24837, 0], [33.193892, 47.247311, 0], [33.194984, 47.246461, 0], [33.195347, 47.245553, 0], [33.195253, 47.244835, 0], [33.192932, 47.242553, 0], [33.191686, 47.242082, 0], [33.189604, 47.241992, 0], [33.187318, 47.242733, 0], [33.18682, 47.243337, 0], [33.186784, 47.243959, 0], [33.186423, 47.244183, 0], [33.185659, 47.243244, 0], [33.185089, 47.242689, 0], [33.184675, 47.241683, 0], [33.184639, 47.238966, 0], [33.184193, 47.238015, 0], [33.182167, 47.237016, 0], [33.17991, 47.236661, 0], [33.178782, 47.236921, 0], [33.177702, 47.237546, 0], [33.176347, 47.237801, 0], [33.175155, 47.236879, 0], [33.173014, 47.23362, 0], [33.167952, 47.23339, 0], [33.166752, 47.234178, 0], [33.166195, 47.234106, 0], [33.163856, 47.231622, 0], [33.160187, 47.231352, 0], [33.158464, 47.232638, 0], [33.159318, 47.234447, 0], [33.162621, 47.235584, 0], [33.162899, 47.235978, 0], [33.161751, 47.236379, 0], [33.1591, 47.235614, 0], [33.156432, 47.235618, 0], [33.152695, 47.234658, 0], [33.15147, 47.234207, 0], [33.150772, 47.233544, 0], [33.150337, 47.232659, 0], [33.148875, 47.230992, 0], [33.147801, 47.230509, 0], [33.142286, 47.230121, 0], [33.140988, 47.230539, 0], [33.138836, 47.231448, 0], [33.132954, 47.233009, 0], [33.127372, 47.230957, 0], [33.126723, 47.229852, 0], [33.126699, 47.228804, 0], [33.127116, 47.225774, 0], [33.127711, 47.222423, 0], [33.128524, 47.22066, 0], [33.129402, 47.219283, 0], [33.134057, 47.213271, 0], [33.135416, 47.212719, 0], [33.136739, 47.212443, 0], [33.142465, 47.211138, 0], [33.142839, 47.210778, 0], [33.142955, 47.209805, 0], [33.147475, 47.208662, 0], [33.159992, 47.202726, 0], [33.158525, 47.20139, 0], [33.160134, 47.191439, 0], [33.319738, 47.245774, 0], [33.401323, 47.264058, 0], [33.464188, 47.252034, 0], [33.51023, 47.234407, 0], [33.53245, 47.223669, 0], [33.552448, 47.207459, 0], [33.568187, 47.194677, 0], [33.65373, 47.194456, 0], [33.695739, 47.196379, 0], [33.722766, 47.192331, 0], [33.747431, 47.193219, 0], [33.755101, 47.191071, 0], [33.762361, 47.183983, 0], [33.781351, 47.179716, 0], [33.824784, 47.194883, 0], [33.853366, 47.206605, 0], [33.86621, 47.209513, 0], [33.888086, 47.221928, 0], [33.912463, 47.241042, 0], [33.920374, 47.272734, 0], [33.935248, 47.285847, 0], [33.966425, 47.303069, 0], [33.977628, 47.366582, 0], [33.97232, 47.393538, 0], [33.957219, 47.418286, 0], [33.948666, 47.454682, 0], [33.940007, 47.471197, 0], [33.936516, 47.486856, 0], [33.903857, 47.482651, 0], [33.87602, 47.481319, 0], [33.835628, 47.434185, 0], [33.830004, 47.427839, 0], [33.724879, 47.414635, 0], [33.672908, 47.407313, 0], [33.620717, 47.369784, 0], [33.591928, 47.38146, 0], [33.590453, 47.40962, 0], [33.567414, 47.421086, 0], [33.518465, 47.454449, 0], [33.491088, 47.453532, 0], [33.46223, 47.445176, 0], [33.453049, 47.462764, 0], [33.407555, 47.456726, 0]]]}, "properties": {"name": "Звільнено /// Liberated /// geoJSON.status.dismissed", "styleUrl": "#poly-0F9D58-2000-77", "styleHash": "-6747544", "styleMapHash": {"normal": "#poly-0F9D58-2000-77-normal", "highlight": "#poly-0F9D58-2000-77-highlight"}, "description": "з 02.10<br>///<br>since 02.10<br>/// geoJSON.descriptions.#28", "stroke-opacity": 1, "stroke": "#0f9d58", "stroke-width": 2, "fill-opacity": 0.30196078431372547, "fill": "#0f9d58"}}, {"type": "Feature", "geometry": {"type": "Polygon", "coordinates": [[[31.3936, 47.4637, 0], [31.400252, 47.464657, 0], [31.403792, 47.466862, 0], [31.410766, 47.470314, 0], [31.40752, 47.500889, 0], [31.388682, 47.522603, 0], [31.380828, 47.521823, 0], [31.376539, 47.519591, 0], [31.389587, 47.499389, 0], [31.381455, 47.467848, 0], [31.3936, 47.4637, 0]]]}, "properties": {"name": "Звільнено /// Liberated /// geoJSON.status.dismissed", "styleUrl": "#poly-0F9D58-2000-77", "styleHash": "-6747544", "styleMapHash": {"normal": "#poly-0F9D58-2000-77-normal", "highlight": "#poly-0F9D58-2000-77-highlight"}, "description": "Невдалий десант ворога з гелікоптерів, який закінчився розгромом та евакуацією цими ж гелікоптерами тих, хто вижив.<br><br>///Unsuccessful landing of the enemy from helicopters, which ended in defeat and evacuation by the same helicopters of the survivors.<br><br>/// geoJSON.descriptions.#29", "stroke-opacity": 1, "stroke": "#0f9d58", "stroke-width": 2, "fill-opacity": 0.30196078431372547, "fill": "#0f9d58"}}, {"type": "Feature", "geometry": {"type": "Polygon", "coordinates": [[[33.015058, 47.18036, 0], [33.012526, 47.182558, 0], [33.011882, 47.185107, 0], [33.013014, 47.186328, 0], [33.01376, 47.187462, 0], [33.011871, 47.191013, 0], [33.009361, 47.193604, 0], [33.005884, 47.196269, 0], [33.001829, 47.196415, 0], [33.000906, 47.195941, 0], [32.999984, 47.193444, 0], [33.000091, 47.192668, 0], [33.003739, 47.191924, 0], [33.0042, 47.190925, 0], [33.003052, 47.189926, 0], [33.000445, 47.189664, 0], [32.997666, 47.19083, 0], [32.994083, 47.190743, 0], [32.991444, 47.189693, 0], [32.991079, 47.187681, 0], [32.992098, 47.186937, 0], [32.991486, 47.185566, 0], [32.991679, 47.183255, 0], [32.991057, 47.180345, 0], [32.991615, 47.176611, 0], [32.992624, 47.173402, 0], [32.993681, 47.171714, 0], [32.995166, 47.170025, 0], [32.99603, 47.168206, 0], [32.996054, 47.16696, 0], [32.995456, 47.166021, 0], [32.994598, 47.165481, 0], [32.993471, 47.165452, 0], [32.992264, 47.165948, 0], [32.991725, 47.166211, 0], [32.990769, 47.167122, 0], [32.989705, 47.167874, 0], [32.988525, 47.168589, 0], [32.987839, 47.168778, 0], [32.987549, 47.168399, 0], [32.987458, 47.168012, 0], [32.987648, 47.167491, 0], [32.988836, 47.167064, 0], [32.98955, 47.166433, 0], [32.9904, 47.164972, 0], [32.990746, 47.16314, 0], [32.990966, 47.161517, 0], [32.99099, 47.159873, 0], [32.991116, 47.158438, 0], [32.991827, 47.157663, 0], [32.993711, 47.156476, 0], [32.993997, 47.155633, 0], [32.994064, 47.154889, 0], [32.993926, 47.154029, 0], [32.9936, 47.153598, 0], [32.993037, 47.15335, 0], [32.992368, 47.153318, 0], [32.991409, 47.153599, 0], [32.990039, 47.154489, 0], [32.989151, 47.15531, 0], [32.988392, 47.155738, 0], [32.98769, 47.155957, 0], [32.986995, 47.156045, 0], [32.986322, 47.155929, 0], [32.985684, 47.155623, 0], [32.984762, 47.154049, 0], [32.984571, 47.153227, 0], [32.984508, 47.152785, 0], [32.984772, 47.152363, 0], [32.985236, 47.152065, 0], [32.985958, 47.151825, 0], [32.989993, 47.151551, 0], [32.99154, 47.151153, 0], [32.992743, 47.150419, 0], [32.993696, 47.149203, 0], [32.994605, 47.14768, 0], [32.996038, 47.144314, 0], [33.000695, 47.137581, 0], [33.001618, 47.135899, 0], [33.008508, 47.138722, 0], [33.017566, 47.136602, 0], [33.028539, 47.16231, 0], [33.012362, 47.169577, 0], [33.021548, 47.178735, 0], [33.015058, 47.18036, 0]]]}, "properties": {"name": "Звільнено /// Liberated /// geoJSON.status.dismissed", "styleUrl": "#poly-0F9D58-2000-77-nodesc", "styleHash": "-5650abb0", "styleMapHash": {"normal": "#poly-0F9D58-2000-77-nodesc-normal", "highlight": "#poly-0F9D58-2000-77-nodesc-highlight"}, "stroke-opacity": 1, "stroke": "#0f9d58", "stroke-width": 2, "fill-opacity": 0.30196078431372547, "fill": "#0f9d58"}}, {"type": "Feature", "geometry": {"type": "Polygon", "coordinates": [[[36.027466, 47.543067, 0], [36.021299, 47.526801, 0], [36.034005, 47.532602, 0], [36.057075, 47.537115, 0], [36.0483955, 47.5562382, 0], [36.0377524, 47.5759575, 0], [36.0401532, 47.5850221, 0], [36.0676218, 47.5855499, 0], [36.082356, 47.592317, 0], [36.068623, 47.594517, 0], [36.038507, 47.602226, 0], [36.01486, 47.625052, 0], [35.965796, 47.618708, 0], [36.018841, 47.585486, 0], [36.038582, 47.556996, 0], [36.027466, 47.543067, 0]]]}, "properties": {"name": "Звільнено /// Liberated /// geoJSON.status.dismissed", "styleUrl": "#poly-0F9D58-2000-77", "styleHash": "-6747544", "styleMapHash": {"normal": "#poly-0F9D58-2000-77-normal", "highlight": "#poly-0F9D58-2000-77-highlight"}, "description": "Території були звільнені значно раніше.<br>///<br>The territories were liberated much earlier.<br>/// geoJSON.descriptions.#30", "stroke-opacity": 1, "stroke": "#0f9d58", "stroke-width": 2, "fill-opacity": 0.30196078431372547, "fill": "#0f9d58"}}, {"type": "Feature", "geometry": {"type": "Polygon", "coordinates": [[[33.142955, 47.209805, 0], [33.141724, 47.208429, 0], [33.140766, 47.208382, 0], [33.139686, 47.208038, 0], [33.139189, 47.207166, 0], [33.13761, 47.205739, 0], [33.13652, 47.20555, 0], [33.135902, 47.205857, 0], [33.134222, 47.205764, 0], [33.133639, 47.204959, 0], [33.131802, 47.203273, 0], [33.130627, 47.202839, 0], [33.131602, 47.201016, 0], [33.134771, 47.196804, 0], [33.091243, 47.18206, 0], [33.069525, 47.175645, 0], [33.047641, 47.170275, 0], [33.028539, 47.16231, 0], [33.017566, 47.136602, 0], [33.008508, 47.138722, 0], [33.001618, 47.135899, 0], [33.001672, 47.133888, 0], [33.002235, 47.132634, 0], [33.002391, 47.131541, 0], [33.006585, 47.13005, 0], [33.015179, 47.128425, 0], [33.040762, 47.120659, 0], [33.051844, 47.11797, 0], [33.075743, 47.112922, 0], [33.098847, 47.121375, 0], [33.108905, 47.117912, 0], [33.131326, 47.16619, 0], [33.160134, 47.191439, 0], [33.158525, 47.20139, 0], [33.159992, 47.202726, 0], [33.147475, 47.208662, 0], [33.142955, 47.209805, 0]]]}, "properties": {"name": "Звільнено /// Liberated /// geoJSON.status.dismissed", "styleUrl": "#poly-0F9D58-2000-77", "styleHash": "-6747544", "styleMapHash": {"normal": "#poly-0F9D58-2000-77-normal", "highlight": "#poly-0F9D58-2000-77-highlight"}, "description": "10.09 український прапор піднято в Білогірці<br>///<br>10.09 Ukrainian flag has been raised over Bilohirka<br>/// geoJSON.descriptions.#31", "stroke-opacity": 1, "stroke": "#0f9d58", "stroke-width": 2, "fill-opacity": 0.30196078431372547, "fill": "#0f9d58"}}, {"type": "Feature", "geometry": {"type": "Polygon", "coordinates": [[[36.534777, 50.235131, 0], [36.530919, 50.233554, 0], [36.5182, 50.223591, 0], [36.49337, 50.210498, 0], [36.481944, 50.214951, 0], [36.47563, 50.216064, 0], [36.459014, 50.222558, 0], [36.458867, 50.228366, 0], [36.464715, 50.229073, 0], [36.466444, 50.230549, 0], [36.468899, 50.237302, 0], [36.466916, 50.242394, 0], [36.460157, 50.246224, 0], [36.451698, 50.247353, 0], [36.445819, 50.243322, 0], [36.437452, 50.244915, 0], [36.428055, 50.247111, 0], [36.405602, 50.253458, 0], [36.400655, 50.253404, 0], [36.3854366, 50.2569128, 0], [36.3576192, 50.2572331, 0], [36.3560732, 50.2657653, 0], [36.3509673, 50.2730063, 0], [36.354359, 50.28878, 0], [36.330927, 50.289563, 0], [36.297283, 50.292242, 0], [36.299213, 50.299103, 0], [36.286379, 50.29859, 0], [36.285392, 50.3041, 0], [36.28492, 50.305855, 0], [36.276809, 50.31742, 0], [36.280414, 50.323065, 0], [36.274363, 50.323996, 0], [36.285049, 50.334955, 0], [36.27266, 50.343498, 0], [36.255507, 50.355365, 0], [36.241996, 50.358383, 0], [36.2110218, 50.3389334, 0], [36.1930455, 50.3407101, 0], [36.1949808, 50.3566988, 0], [36.2051072, 50.3606824, 0], [36.2130035, 50.3671023, 0], [36.2208993, 50.3778043, 0], [36.214289, 50.383524, 0], [36.1897449, 50.3883613, 0], [36.1813488, 50.3977293, 0], [36.185053, 50.406603, 0], [36.177077, 50.401618, 0], [36.169706, 50.410418, 0], [36.160795, 50.431777, 0], [36.135718, 50.437679, 0], [36.117806, 50.438314, 0], [36.103819, 50.441913, 0], [36.089995, 50.42441, 0], [36.064508, 50.410881, 0], [36.038004, 50.400407, 0], [36.040718, 50.387073, 0], [36.055099, 50.370236, 0], [36.080633, 50.378134, 0], [36.09725, 50.386031, 0], [36.170677, 50.347212, 0], [36.1548, 50.332204, 0], [36.127233, 50.324833, 0], [36.131612, 50.314904, 0], [36.127235, 50.292689, 0], [36.143543, 50.285012, 0], [36.157912, 50.25853, 0], [36.151524, 50.234866, 0], [36.152263, 50.230433, 0], [36.147522, 50.223522, 0], [36.142962, 50.219958, 0], [36.140122, 50.213759, 0], [36.138071, 50.207708, 0], [36.14426, 50.203195, 0], [36.157359, 50.196396, 0], [36.143993, 50.161544, 0], [36.147112, 50.146484, 0], [36.156056, 50.140889, 0], [36.185479, 50.144311, 0], [36.219742, 50.154364, 0], [36.231807, 50.151804, 0], [36.23563, 50.143964, 0], [36.25004, 50.12918, 0], [36.343308, 50.086029, 0], [36.331558, 50.076801, 0], [36.367392, 50.04465, 0], [36.426986, 50.015328, 0], [36.465936, 50.001867, 0], [36.484806, 49.988741, 0], [36.484436, 49.928808, 0], [36.501945, 49.929692, 0], [36.554986, 49.999718, 0], [36.577907, 50.046777, 0], [36.748092, 50.029576, 0], [36.765365, 50.019193, 0], [36.806033, 50.028556, 0], [36.821809, 50.028071, 0], [36.83281, 50.021629, 0], [36.893564, 50.002815, 0], [36.889392, 49.976236, 0], [36.902756, 49.950029, 0], [36.956602, 49.926131, 0], [37.00599, 49.916801, 0], [36.980847, 49.881834, 0], [36.977328, 49.874976, 0], [36.962651, 49.865516, 0], [37.003922, 49.84241, 0], [36.985628, 49.83345, 0], [36.977347, 49.83583, 0], [36.898315, 49.81217, 0], [36.88954, 49.805319, 0], [36.892781, 49.799576, 0], [36.924642, 49.789997, 0], [36.885113, 49.758278, 0], [36.848819, 49.732378, 0], [36.836826, 49.732819, 0], [36.827066, 49.7271, 0], [36.819967, 49.724488, 0], [36.813178, 49.724056, 0], [36.802834, 49.725592, 0], [36.798374, 49.721615, 0], [36.797559, 49.714568, 0], [36.786081, 49.69639, 0], [36.763628, 49.682207, 0], [36.731829, 49.667096, 0], [36.72903, 49.655091, 0], [36.727545, 49.640864, 0], [36.735499, 49.620856, 0], [36.763476, 49.6012, 0], [36.792955, 49.549719, 0], [36.787435, 49.475942, 0], [36.825656, 49.407425, 0], [36.828982, 49.407258, 0], [36.838362, 49.405167, 0], [36.889473, 49.380918, 0], [36.918696, 49.387324, 0], [37.004757, 49.380762, 0], [37.00635, 49.376419, 0], [37.025847, 49.37957, 0], [37.030459, 49.379633, 0], [37.037218, 49.380374, 0], [37.042818, 49.379689, 0], [37.044583, 49.3797, 0], [37.046949, 49.38052, 0], [37.049894, 49.380615, 0], [37.051098, 49.38113, 0], [37.051273, 49.381952, 0], [37.052571, 49.383063, 0], [37.055934, 49.383066, 0], [37.058096, 49.383517, 0], [37.061133, 49.383063, 0], [37.067001, 49.380486, 0], [37.078139, 49.370929, 0], [37.080595, 49.368107, 0], [37.081206, 49.365703, 0], [37.074382, 49.351843, 0], [37.073436, 49.350572, 0], [37.07533, 49.348605, 0], [37.076786, 49.336826, 0], [37.040377, 49.31594, 0], [37.015192, 49.296768, 0], [37.010956, 49.296959, 0], [37.008663, 49.300027, 0], [37.008767, 49.301833, 0], [37.006726, 49.303024, 0], [37.002324, 49.303151, 0], [36.992343, 49.302494, 0], [36.985771, 49.299614, 0], [36.977439, 49.303559, 0], [36.964647, 49.298004, 0], [36.961039, 49.300899, 0], [36.949379, 49.294386, 0], [36.953079, 49.290233, 0], [36.951667, 49.283454, 0], [36.931976, 49.275386, 0], [36.923714, 49.276146, 0], [36.924808, 49.2689, 0], [36.936459, 49.254596, 0], [36.946385, 49.227855, 0], [36.944993, 49.222884, 0], [36.937422, 49.216231, 0], [36.931208, 49.215372, 0], [36.932977, 49.212157, 0], [36.930884, 49.204121, 0], [36.92571, 49.20135, 0], [36.92682, 49.197773, 0], [36.926699, 49.196107, 0], [36.923965, 49.194628, 0], [36.923548, 49.191354, 0], [36.92138, 49.189485, 0], [36.923008, 49.18569, 0], [36.928262, 49.178375, 0], [36.945849, 49.177117, 0], [36.950005, 49.182607, 0], [36.965988, 49.181087, 0], [36.97064, 49.17216, 0], [36.99928, 49.181878, 0], [37.040898, 49.166771, 0], [37.038802, 49.144278, 0], [36.996912, 49.129848, 0], [36.966721, 49.105969, 0], [36.985286, 49.096324, 0], [37.008592, 49.099708, 0], [37.030531, 49.107583, 0], [37.078471, 49.091907, 0], [37.087397, 49.057497, 0], [37.09289, 49.050522, 0], [37.136179, 49.046841, 0], [37.174926, 49.033482, 0], [37.176318, 49.007977, 0], [37.252535, 48.982748, 0], [37.356566, 48.991374, 0], [37.411836, 48.986467, 0], [37.433468, 49.002459, 0], [37.526361, 49.012161, 0], [37.536518, 49.022019, 0], [37.567264, 49.0302, 0], [37.578447, 49.037588, 0], [37.601166, 49.045861, 0], [37.621885, 49.046057, 0], [37.628552, 49.038965, 0], [37.65995, 49.033674, 0], [37.66285, 49.03142, 0], [37.663418, 49.029101, 0], [37.660123, 49.026473, 0], [37.655852, 49.0242, 0], [37.655106, 49.021872, 0], [37.656849, 49.020502, 0], [37.661966, 49.020998, 0], [37.667318, 49.019748, 0], [37.666749, 49.015347, 0], [37.649838, 49.010266, 0], [37.646834, 49.00417, 0], [37.643732, 49.003855, 0], [37.639729, 49.006383, 0], [37.630298, 49.000549, 0], [37.623529, 48.995194, 0], [37.625064, 48.992935, 0], [37.627487, 48.992152, 0], [37.632312, 48.99351, 0], [37.634968, 48.992113, 0], [37.632425, 48.988292, 0], [37.627308, 48.985822, 0], [37.633235, 48.983779, 0], [37.634598, 48.981098, 0], [37.630125, 48.974558, 0], [37.628474, 48.968547, 0], [37.626032, 48.96678, 0], [37.618103, 48.967105, 0], [37.615252, 48.96527, 0], [37.614849, 48.962704, 0], [37.627306, 48.955267, 0], [37.63178, 48.95479, 0], [37.636864, 48.949073, 0], [37.659405, 48.944537, 0], [37.663164, 48.945142, 0], [37.665945, 48.943726, 0], [37.674047, 48.943718, 0], [37.682699, 48.947662, 0], [37.690064, 48.949182, 0], [37.695585, 48.957832, 0], [37.699562, 48.958873, 0], [37.704441, 48.957591, 0], [37.706656, 48.95603, 0], [37.70959, 48.95648, 0], [37.712112, 48.953601, 0], [37.711659, 48.95129, 0], [37.722837, 48.953403, 0], [37.72545, 48.952275, 0], [37.725957, 48.950018, 0], [37.723794, 48.947026, 0], [37.725818, 48.943692, 0], [37.728409, 48.941983, 0], [37.740025, 48.93772, 0], [37.766726, 48.919856, 0], [37.768356, 48.908984, 0], [37.767794, 48.901918, 0], [37.760583, 48.895254, 0], [37.764475, 48.894053, 0], [37.764204, 48.891187, 0], [37.758169, 48.88963, 0], [37.761376, 48.887985, 0], [37.765217, 48.883228, 0], [37.767828, 48.88188, 0], [37.776233, 48.884363, 0], [37.780175, 48.888171, 0], [37.788662, 48.892881, 0], [37.819717, 48.895043, 0], [37.837514, 48.891637, 0], [37.839562, 48.891601, 0], [37.843176, 48.888646, 0], [37.847453, 48.886872, 0], [37.851525, 48.885972, 0], [37.857465, 48.885692, 0], [37.858898, 48.886109, 0], [37.859989, 48.887006, 0], [37.861655, 48.887077, 0], [37.863905, 48.886281, 0], [37.864824, 48.884919, 0], [37.8645, 48.883745, 0], [37.863576, 48.883107, 0], [37.8616, 48.882468, 0], [37.861126, 48.88152, 0], [37.863246, 48.88061, 0], [37.867041, 48.879814, 0], [37.869655, 48.878114, 0], [37.873813, 48.877204, 0], [37.8802, 48.877317, 0], [37.884206, 48.879011, 0], [37.884674, 48.8811, 0], [37.882761, 48.882511, 0], [37.882264, 48.88515, 0], [37.883162, 48.885913, 0], [37.886289, 48.886607, 0], [37.889696, 48.886751, 0], [37.89233, 48.888136, 0], [37.894621, 48.888816, 0], [37.896895, 48.888618, 0], [37.899683, 48.887912, 0], [37.901357, 48.886303, 0], [37.903653, 48.884807, 0], [37.9120854, 48.8878266, 0], [37.9161388, 48.8975402, 0], [37.902432, 48.8991602, 0], [37.8801558, 48.90441, 0], [37.8442415, 48.9115211, 0], [37.8442347, 48.92487, 0], [37.861652, 48.9408098, 0], [37.8705467, 48.9512797, 0], [37.8604697, 48.9557719, 0], [37.8539832, 48.9646572, 0], [37.8488942, 48.9683382, 0], [37.8410988, 48.9689486, 0], [37.8368577, 48.9711694, 0], [37.8376125, 48.9714911, 0], [37.8400069, 48.9711448, 0], [37.8418005, 48.9715873, 0], [37.8525598, 48.9719065, 0], [37.8649036, 48.9724882, 0], [37.8791218, 48.9748926, 0], [37.8908546, 48.9822552, 0], [37.9199287, 48.9830795, 0], [37.9173282, 49.0046278, 0], [37.8537172, 49.0059445, 0], [37.837014, 49.0194348, 0], [37.8468586, 49.0240407, 0], [37.8597928, 49.0182889, 0], [37.918909, 49.025077, 0], [37.91526, 49.035048, 0], [37.919981, 49.040808, 0], [37.939205, 49.049626, 0], [37.936457, 49.056052, 0], [37.918429, 49.071037, 0], [37.913369, 49.078324, 0], [37.890314, 49.075562, 0], [37.8686, 49.06818, 0], [37.856155, 49.074966, 0], [37.8408763, 49.0731336, 0], [37.8210429, 49.0659738, 0], [37.781019, 49.065942, 0], [37.756338, 49.060232, 0], [37.7272603, 49.0586718, 0], [37.7315781, 49.0520369, 0], [37.7255964, 49.0483269, 0], [37.7053929, 49.0593557, 0], [37.7060963, 49.0682547, 0], [37.71306, 49.079168, 0], [37.716627, 49.0871531, 0], [37.7095367, 49.0855519, 0], [37.6874258, 49.0874358, 0], [37.680884, 49.0915408, 0], [37.6758028, 49.1007745, 0], [37.6729482, 49.114513, 0], [37.6808834, 49.1270976, 0], [37.6986477, 49.1367112, 0], [37.7163289, 49.1308804, 0], [37.7226363, 49.134989, 0], [37.7410466, 49.1321328, 0], [37.745165, 49.134192, 0], [37.745097, 49.137323, 0], [37.74131, 49.140806, 0], [37.747388, 49.147149, 0], [37.750486, 49.15421, 0], [37.76123, 49.162937, 0], [37.7452961, 49.1707599, 0], [37.746763, 49.178811, 0], [37.754069, 49.182456, 0], [37.759846, 49.18666, 0], [37.776945, 49.183698, 0], [37.783406, 49.188819, 0], [37.796255, 49.186043, 0], [37.795972, 49.184165, 0], [37.805704, 49.181754, 0], [37.812294, 49.186468, 0], [37.800585, 49.194774, 0], [37.771324, 49.203977, 0], [37.77901, 49.210822, 0], [37.806265, 49.203982, 0], [37.836973, 49.20173, 0], [37.851759, 49.197487, 0], [37.865991, 49.198138, 0], [37.883657, 49.196095, 0], [37.884114, 49.201147, 0], [37.874873, 49.205245, 0], [37.878352, 49.212347, 0], [37.880908, 49.21741, 0], [37.87531, 49.221353, 0], [37.87403, 49.227311, 0], [37.88615, 49.230819, 0], [37.913841, 49.228596, 0], [37.911384, 49.244321, 0], [37.918025, 49.248896, 0], [37.934856, 49.246172, 0], [37.9435413, 49.2505301, 0], [37.9696888, 49.2508738, 0], [37.974464, 49.256484, 0], [37.9832, 49.257987, 0], [37.993996, 49.256464, 0], [38.006649, 49.265902, 0], [37.999282, 49.269851, 0], [38.004782, 49.27611, 0], [38.008605, 49.281031, 0], [38.007708, 49.283992, 0], [38.00592, 49.284274, 0], [38.003059, 49.282344, 0], [38.00273, 49.280419, 0], [37.997265, 49.281103, 0], [37.993373, 49.279225, 0], [37.98164, 49.279834, 0], [37.972763, 49.276573, 0], [37.956642, 49.286681, 0], [37.95276, 49.292887, 0], [37.949082, 49.299019, 0], [37.949093, 49.302465, 0], [37.955726, 49.302584, 0], [37.959013, 49.311026, 0], [37.957845, 49.317449, 0], [37.961914, 49.322194, 0], [37.962286, 49.325838, 0], [37.961284, 49.329427, 0], [37.957687, 49.332292, 0], [37.951971, 49.332689, 0], [37.946512, 49.3337, 0], [37.941002, 49.335679, 0], [37.938926, 49.339, 0], [37.936248, 49.344945, 0], [37.936281, 49.34811, 0], [37.942194, 49.351595, 0], [37.943644, 49.35385, 0], [37.949033, 49.357045, 0], [37.949442, 49.359486, 0], [37.948223, 49.360949, 0], [37.94581, 49.361937, 0], [37.935243, 49.36184, 0], [37.938992, 49.369784, 0], [37.935199, 49.370826, 0], [37.934023, 49.374131, 0], [37.929778, 49.376402, 0], [37.908238, 49.371913, 0], [37.902268, 49.375326, 0], [37.874924, 49.372197, 0], [37.862893, 49.372979, 0], [37.857654, 49.370409, 0], [37.853662, 49.370241, 0], [37.843661, 49.372868, 0], [37.84331, 49.38449, 0], [37.814782, 49.384433, 0], [37.7694306, 49.4003537, 0], [37.7655493, 49.3953382, 0], [37.7109544, 49.4130493, 0], [37.6779749, 49.4080459, 0], [37.666622, 49.4191209, 0], [37.6513219, 49.4396275, 0], [37.6614262, 49.4465151, 0], [37.6850251, 49.4669086, 0], [37.7366809, 49.4636252, 0], [37.751935, 49.4713033, 0], [37.7422374, 49.4800924, 0], [37.723474, 49.492968, 0], [37.71964, 49.507401, 0], [37.710562, 49.506967, 0], [37.696588, 49.498335, 0], [37.690427, 49.501074, 0], [37.693722, 49.512905, 0], [37.69053, 49.526754, 0], [37.692556, 49.542023, 0], [37.697106, 49.55227, 0], [37.699033, 49.556859, 0], [37.701465, 49.559861, 0], [37.707792, 49.560963, 0], [37.713214, 49.563771, 0], [37.723184, 49.565966, 0], [37.739396, 49.572306, 0], [37.760918, 49.571969, 0], [37.770143, 49.573801, 0], [37.777498, 49.587956, 0], [37.78271, 49.597044, 0], [37.776128, 49.605085, 0], [37.791781, 49.611058, 0], [37.7856169, 49.6254598, 0], [37.7882815, 49.6285082, 0], [37.7866012, 49.6390858, 0], [37.7678424, 49.6391533, 0], [37.7565296, 49.6472726, 0], [37.7372311, 49.6527197, 0], [37.7042874, 49.6322504, 0], [37.6986339, 49.6315746, 0], [37.6984734, 49.6344566, 0], [37.7071795, 49.6580984, 0], [37.6916641, 49.6613325, 0], [37.6642504, 49.6575601, 0], [37.6645325, 49.6622853, 0], [37.6773475, 49.6702324, 0], [37.6946207, 49.6716898, 0], [37.7360941, 49.6630318, 0], [37.7591599, 49.6660646, 0], [37.759313, 49.6793585, 0], [37.7403095, 49.6843409, 0], [37.7408699, 49.6953195, 0], [37.7580617, 49.7209233, 0], [37.7308234, 49.7255058, 0], [37.7223094, 49.7195513, 0], [37.7028104, 49.7209199, 0], [37.6871229, 49.7317233, 0], [37.6851327, 49.7395451, 0], [37.6731106, 49.7443801, 0], [37.6619124, 49.7472127, 0], [37.654653, 49.751657, 0], [37.6498743, 49.7507249, 0], [37.6341256, 49.7382572, 0], [37.623658, 49.7208424, 0], [37.6231944, 49.7193945, 0], [37.6237334, 49.714144, 0], [37.6219251, 49.708671, 0], [37.6168622, 49.7098785, 0], [37.6095143, 49.7095109, 0], [37.6096735, 49.7125747, 0], [37.6008585, 49.7161458, 0], [37.5931655, 49.7204694, 0], [37.6023832, 49.7254305, 0], [37.6150203, 49.7272898, 0], [37.6165154, 49.7257605, 0], [37.6201562, 49.7257847, 0], [37.6240903, 49.7282187, 0], [37.619943, 49.73697, 0], [37.6268228, 49.7417393, 0], [37.6216966, 49.7492823, 0], [37.628317, 49.7565282, 0], [37.6249692, 49.7615191, 0], [37.6249691, 49.7717753, 0], [37.6211396, 49.7740164, 0], [37.6129042, 49.7770229, 0], [37.589094, 49.789718, 0], [37.594148, 49.797455, 0], [37.59202, 49.810838, 0], [37.592846, 49.822236, 0], [37.597208, 49.826494, 0], [37.606386, 49.826107, 0], [37.610638, 49.82416, 0], [37.616135, 49.83053, 0], [37.620242, 49.831936, 0], [37.621445, 49.839016, 0], [37.627162, 49.863371, 0], [37.633314, 49.871547, 0], [37.644494, 49.872124, 0], [37.644603, 49.892198, 0], [37.663166, 49.891862, 0], [37.671273, 49.885082, 0], [37.681256, 49.89759, 0], [37.701435, 49.894755, 0], [37.709912, 49.896518, 0], [37.710149, 49.902345, 0], [37.720493, 49.90261, 0], [37.729163, 49.901427, 0], [37.737906, 49.903005, 0], [37.742464, 49.910759, 0], [37.745617, 49.91625, 0], [37.755638, 49.920631, 0], [37.759997, 49.926, 0], [37.753285, 49.929935, 0], [37.744289, 49.949866, 0], [37.726825, 49.95469, 0], [37.723481, 49.964117, 0], [37.741427, 49.970256, 0], [37.7593581, 49.9909979, 0], [37.7656588, 50.0051126, 0], [37.7669154, 50.0208659, 0], [37.7572989, 50.0313233, 0], [37.7528215, 50.0516387, 0], [37.7580788, 50.0568235, 0], [37.7471445, 50.0656977, 0], [37.7363536, 50.0653945, 0], [37.726324, 50.068878, 0], [37.729174, 50.071146, 0], [37.7213925, 50.0789072, 0], [37.7020507, 50.0864761, 0], [37.6892921, 50.0837878, 0], [37.684517, 50.0788407, 0], [37.6715642, 50.0772197, 0], [37.6556012, 50.0933352, 0], [37.649604, 50.111127, 0], [37.6450024, 50.1186537, 0], [37.6496851, 50.1224694, 0], [37.6471805, 50.1266604, 0], [37.6549761, 50.1318418, 0], [37.6578438, 50.1377879, 0], [37.6483517, 50.1410936, 0], [37.6432717, 50.1363722, 0], [37.6284447, 50.1321176, 0], [37.612229, 50.13034, 0], [37.600773, 50.137281, 0], [37.598865, 50.1477397, 0], [37.5945072, 50.1518309, 0], [37.60279, 50.167464, 0], [37.614861, 50.178036, 0], [37.639847, 50.181424, 0], [37.6436, 50.190866, 0], [37.614813, 50.216982, 0], [37.5876795, 50.2070085, 0], [37.5770309, 50.2111374, 0], [37.5614009, 50.2229555, 0], [37.5270535, 50.2222673, 0], [37.5134715, 50.2334333, 0], [37.51617, 50.2458813, 0], [37.5284328, 50.2536528, 0], [37.5749452, 50.246805, 0], [37.5874642, 50.2514372, 0], [37.6023718, 50.2480812, 0], [37.6263807, 50.2505417, 0], [37.626422, 50.29285, 0], [37.628849, 50.296506, 0], [37.638036, 50.302533, 0], [37.635559, 50.31125, 0], [37.629797, 50.313827, 0], [37.608628, 50.316499, 0], [37.595027, 50.316211, 0], [37.585698, 50.314359, 0], [37.576876, 50.306363, 0], [37.555443, 50.32965, 0], [37.52128, 50.336408, 0], [37.505887, 50.352039, 0], [37.485066, 50.356759, 0], [37.48231, 50.36271, 0], [37.473198, 50.368613, 0], [37.466142, 50.382672, 0], [37.4666602, 50.4071368, 0], [37.4637443, 50.4160648, 0], [37.4579078, 50.4157914, 0], [37.4215695, 50.4294867, 0], [37.3899555, 50.4235022, 0], [37.3758137, 50.4290728, 0], [37.376938, 50.432749, 0], [37.352533, 50.437457, 0], [37.332204, 50.436971, 0], [37.319686, 50.432835, 0], [37.310122, 50.426412, 0], [37.309135, 50.423059, 0], [37.299616, 50.406164, 0], [37.292321, 50.4012, 0], [37.264421, 50.39402, 0], [37.257897, 50.390997, 0], [37.256017, 50.392596, 0], [37.222262, 50.37928, 0], [37.223336, 50.377942, 0], [37.217072, 50.3586516, 0], [37.1847358, 50.3405501, 0], [37.1673508, 50.3260511, 0], [37.1540678, 50.3242296, 0], [37.1428336, 50.3177565, 0], [37.1357277, 50.2847978, 0], [37.1216054, 50.2872862, 0], [37.1235703, 50.3027889, 0], [37.1312582, 50.315009, 0], [37.1065365, 50.312436, 0], [37.0911252, 50.2868409, 0], [37.084454, 50.2779884, 0], [37.0729763, 50.2871247, 0], [37.080015, 50.3154913, 0], [37.0598043, 50.3370779, 0], [37.0531983, 50.3368624, 0], [37.0515056, 50.3330154, 0], [37.0471515, 50.329552, 0], [37.056773, 50.324852, 0], [37.057507, 50.320256, 0], [37.054636, 50.315551, 0], [37.0369172, 50.3097476, 0], [37.0267541, 50.3035033, 0], [37.0129089, 50.30209, 0], [36.9931624, 50.294113, 0], [36.9943329, 50.2845288, 0], [36.9800561, 50.2777961, 0], [36.9532713, 50.2541874, 0], [36.9518668, 50.2435893, 0], [36.9393207, 50.2364782, 0], [36.9309022, 50.2357765, 0], [36.9280658, 50.2390488, 0], [36.9387048, 50.2421566, 0], [36.9372584, 50.2453618, 0], [36.9260636, 50.2438907, 0], [36.9248431, 50.2466131, 0], [36.9299834, 50.2480292, 0], [36.9315195, 50.2543849, 0], [36.9268096, 50.2546691, 0], [36.9222662, 50.2498434, 0], [36.9109623, 50.2499731, 0], [36.9041738, 50.2375567, 0], [36.8919396, 50.2384297, 0], [36.8938042, 50.2282419, 0], [36.8986478, 50.2193794, 0], [36.8979702, 50.2127697, 0], [36.8901692, 50.212531, 0], [36.8911319, 50.2206214, 0], [36.8876013, 50.2281568, 0], [36.8813909, 50.2350842, 0], [36.8663947, 50.2330157, 0], [36.8438826, 50.2278474, 0], [36.8404487, 50.2324275, 0], [36.8424251, 50.2420138, 0], [36.829471, 50.244615, 0], [36.80304, 50.242051, 0], [36.777128, 50.238494, 0], [36.761082, 50.244326, 0], [36.74297, 50.256961, 0], [36.704035, 50.264214, 0], [36.700968, 50.264237, 0], [36.694639, 50.269088, 0], [36.691271, 50.268472, 0], [36.688761, 50.266868, 0], [36.682936, 50.257028, 0], [36.684064, 50.250425, 0], [36.679584, 50.237823, 0], [36.66411, 50.222172, 0], [36.648031, 50.217714, 0], [36.640062, 50.222317, 0], [36.615239, 50.227921, 0], [36.613489, 50.223726, 0], [36.588201, 50.221893, 0], [36.578435, 50.224435, 0], [36.569525, 50.230051, 0], [36.540338, 50.234994, 0], [36.534777, 50.235131, 0]]]}, "properties": {"name": "Звільнено /// Liberated /// geoJSON.status.dismissed", "styleUrl": "#poly-0F9D58-2000-77-nodesc", "styleHash": "-5650abb0", "styleMapHash": {"normal": "#poly-0F9D58-2000-77-nodesc-normal", "highlight": "#poly-0F9D58-2000-77-nodesc-highlight"}, "stroke-opacity": 1, "stroke": "#0f9d58", "stroke-width": 2, "fill-opacity": 0.30196078431372547, "fill": "#0f9d58"}}, {"type": "Feature", "geometry": {"type": "Polygon", "coordinates": [[[37.030459, 49.379633, 0], [37.032091, 49.375233, 0], [37.038485, 49.373836, 0], [37.045964, 49.368058, 0], [37.053956, 49.361273, 0], [37.057228, 49.35487, 0], [37.063246, 49.352212, 0], [37.073436, 49.350572, 0], [37.074382, 49.351843, 0], [37.081206, 49.365703, 0], [37.080595, 49.368107, 0], [37.078139, 49.370929, 0], [37.074942, 49.373668, 0], [37.067001, 49.380486, 0], [37.061133, 49.383063, 0], [37.058096, 49.383517, 0], [37.055934, 49.383066, 0], [37.052571, 49.383063, 0], [37.051273, 49.381952, 0], [37.051098, 49.38113, 0], [37.049894, 49.380615, 0], [37.046949, 49.38052, 0], [37.044583, 49.3797, 0], [37.042818, 49.379689, 0], [37.037218, 49.380374, 0], [37.030459, 49.379633, 0]]]}, "properties": {"name": "Звільнено /// Liberated /// geoJSON.status.dismissed", "styleUrl": "#poly-0F9D58-2000-77", "styleHash": "-6747544", "styleMapHash": {"normal": "#poly-0F9D58-2000-77-normal", "highlight": "#poly-0F9D58-2000-77-highlight"}, "description": "Ворог був присутній в селі Залиман у березні. У квітні відступив за річку Сіверський Донець до селища Савинці, підірвавши за собою міст.<br>Джерело: https://youtu.be/2vzOkLQ_Rxo?t=58<br><br>///<br>The enemy was present in the village of Zalyman in March. In April, he retreated across the Siverskyi Donets River to the village of Savyntsi, blowing up the bridge behind him.<br>Source: https://youtu.be/2vzOkLQ_Rxo?t=58  (https://youtu.be/2vzOkLQ_Rxo?t=58 )<br>/// geoJSON.descriptions.#33", "stroke-opacity": 1, "stroke": "#0f9d58", "stroke-width": 2, "fill-opacity": 0.30196078431372547, "fill": "#0f9d58"}}, {"type": "Feature", "geometry": {"type": "Polygon", "coordinates": [[[35.916712, 47.495457, 0], [35.873586, 47.498832, 0], [35.871024, 47.496852, 0], [35.851167, 47.498208, 0], [35.84925, 47.496112, 0], [35.826621, 47.497502, 0], [35.808725, 47.496806, 0], [35.806108, 47.494203, 0], [35.804865, 47.490903, 0], [35.797483, 47.491193, 0], [35.799415, 47.48026, 0], [35.81246, 47.484956, 0], [35.82707, 47.486131, 0], [35.839104, 47.480344, 0], [35.891493, 47.477653, 0], [35.914422, 47.487795, 0], [35.916712, 47.495457, 0]]]}, "properties": {"name": "Звільнено /// Liberated /// geoJSON.status.dismissed", "styleUrl": "#poly-0F9D58-2000-77-nodesc", "styleHash": "-5650abb0", "styleMapHash": {"normal": "#poly-0F9D58-2000-77-nodesc-normal", "highlight": "#poly-0F9D58-2000-77-nodesc-highlight"}, "stroke-opacity": 1, "stroke": "#0f9d58", "stroke-width": 2, "fill-opacity": 0.30196078431372547, "fill": "#0f9d58"}}, {"type": "Feature", "geometry": {"type": "Polygon", "coordinates": [[[32.71354, 46.665026, 0], [32.693713, 46.660254, 0], [32.680495, 46.65616, 0], [32.665174, 46.650357, 0], [32.654335, 46.643761, 0], [32.658355, 46.643822, 0], [32.672038, 46.65051, 0], [32.698022, 46.658625, 0], [32.719205, 46.661079, 0], [32.722156, 46.658665, 0], [32.725937, 46.659043, 0], [32.728898, 46.656098, 0], [32.7356503, 46.6572419, 0], [32.732929, 46.6609593, 0], [32.7305938, 46.661908, 0], [32.7296999, 46.6643944, 0], [32.726286, 46.664349, 0], [32.725638, 46.664729, 0], [32.723254, 46.664979, 0], [32.719561, 46.665699, 0], [32.716808, 46.66551, 0], [32.71354, 46.665026, 0]]]}, "properties": {"name": "Звільнено /// Liberated /// geoJSON.status.dismissed", "styleUrl": "#poly-0F9D58-2000-77-nodesc", "styleHash": "-5650abb0", "styleMapHash": {"normal": "#poly-0F9D58-2000-77-nodesc-normal", "highlight": "#poly-0F9D58-2000-77-nodesc-highlight"}, "stroke-opacity": 1, "stroke": "#0f9d58", "stroke-width": 2, "fill-opacity": 0.30196078431372547, "fill": "#0f9d58"}}, {"type": "Feature", "geometry": {"type": "Polygon", "coordinates": [[[30.283457, 50.625255, 0], [30.295249, 50.704706, 0], [30.337408, 50.719198, 0], [30.357552, 50.724808, 0], [30.377442, 50.727207, 0], [30.380606, 50.732137, 0], [30.377983, 50.736666, 0], [30.375789, 50.741847, 0], [30.373465, 50.743918, 0], [30.369082, 50.743599, 0], [30.366751, 50.750402, 0], [30.368401, 50.752686, 0], [30.382412, 50.75877, 0], [30.381593, 50.760904, 0], [30.377168, 50.76358, 0], [30.373984, 50.768606, 0], [30.37286, 50.772492, 0], [30.373928, 50.775358, 0], [30.376026, 50.77779, 0], [30.371373, 50.780894, 0], [30.368702, 50.783641, 0], [30.367668, 50.785204, 0], [30.367663, 50.787418, 0], [30.37595, 50.792381, 0], [30.375245, 50.79413, 0], [30.373434, 50.794408, 0], [30.373987, 50.796445, 0], [30.376514, 50.798863, 0], [30.380596, 50.806662, 0], [30.381588, 50.814353, 0], [30.388558, 50.818247, 0], [30.389125, 50.822959, 0], [30.392268, 50.828213, 0], [30.401044, 50.833705, 0], [30.406045, 50.838222, 0], [30.40858, 50.842675, 0], [30.407444, 50.846202, 0], [30.410858, 50.850272, 0], [30.415975, 50.853307, 0], [30.423154, 50.856613, 0], [30.425742, 50.863793, 0], [30.424204, 50.867654, 0], [30.42601, 50.873539, 0], [30.420562, 50.877456, 0], [30.418374, 50.880236, 0], [30.419607, 50.882598, 0], [30.445732, 50.887124, 0], [30.442027, 50.907279, 0], [30.450132, 50.912161, 0], [30.455492, 50.91964, 0], [30.447908, 50.945705, 0], [30.432422, 50.965923, 0], [30.444025, 50.984303, 0], [30.425335, 50.990366, 0], [30.409217, 51.024548, 0], [30.39088, 51.028479, 0], [30.378038, 51.023555, 0], [30.370894, 51.019535, 0], [30.361409, 51.026611, 0], [30.348961, 51.028666, 0], [30.332643, 51.033852, 0], [30.315107, 51.037954, 0], [30.298571, 51.039028, 0], [30.301599, 51.041569, 0], [30.29158, 51.047347, 0], [30.29901, 51.053508, 0], [30.319708, 51.053958, 0], [30.340504, 51.041903, 0], [30.378675, 51.055989, 0], [30.377938, 51.065335, 0], [30.407441, 51.066666, 0], [30.408125, 51.074449, 0], [30.406066, 51.081362, 0], [30.429938, 51.115018, 0], [30.427317, 51.122508, 0], [30.433733, 51.121836, 0], [30.435396, 51.11719, 0], [30.440861, 51.115405, 0], [30.438444, 51.112787, 0], [30.434831, 51.111694, 0], [30.436286, 51.107484, 0], [30.436326, 51.101282, 0], [30.449048, 51.10454, 0], [30.4482, 51.108647, 0], [30.456704, 51.112317, 0], [30.465763, 51.115769, 0], [30.474242, 51.114585, 0], [30.476679, 51.12202, 0], [30.484266, 51.126223, 0], [30.48003, 51.153287, 0], [30.477938, 51.154509, 0], [30.461769, 51.154223, 0], [30.454093, 51.164055, 0], [30.447164, 51.169187, 0], [30.450737, 51.173906, 0], [30.450877, 51.177978, 0], [30.44044, 51.182408, 0], [30.431032, 51.184255, 0], [30.418392, 51.193757, 0], [30.411122, 51.193396, 0], [30.40042, 51.186795, 0], [30.396286, 51.19028, 0], [30.393524, 51.193766, 0], [30.392464, 51.207191, 0], [30.371656, 51.208139, 0], [30.361937, 51.215386, 0], [30.349524, 51.216321, 0], [30.342947, 51.216501, 0], [30.338494, 51.220224, 0], [30.330607, 51.22072, 0], [30.322386, 51.224723, 0], [30.31624, 51.230578, 0], [30.330384, 51.2453, 0], [30.356134, 51.252162, 0], [30.361628, 51.246132, 0], [30.372955, 51.248168, 0], [30.378619, 51.24701, 0], [30.376901, 51.238545, 0], [30.389173, 51.23845, 0], [30.39475, 51.241364, 0], [30.411313, 51.238795, 0], [30.416331, 51.232244, 0], [30.423065, 51.227304, 0], [30.431278, 51.233008, 0], [30.449635, 51.229838, 0], [30.455939, 51.232269, 0], [30.465678, 51.242868, 0], [30.47278, 51.239837, 0], [30.473702, 51.233797, 0], [30.481145, 51.220122, 0], [30.49897, 51.215145, 0], [30.51439, 51.213176, 0], [30.503863, 51.224722, 0], [30.507156, 51.230894, 0], [30.515602, 51.235992, 0], [30.532846, 51.2651, 0], [30.505198, 51.27897, 0], [30.474804, 51.275484, 0], [30.46347, 51.272664, 0], [30.452052, 51.273134, 0], [30.451277, 51.277039, 0], [30.453784, 51.279184, 0], [30.450059, 51.281492, 0], [30.453432, 51.287907, 0], [30.456922, 51.286284, 0], [30.463216, 51.290733, 0], [30.462072, 51.294246, 0], [30.457638, 51.2967, 0], [30.461786, 51.306023, 0], [30.44488, 51.308773, 0], [30.421142, 51.304242, 0], [30.410271, 51.308391, 0], [30.39854, 51.312325, 0], [30.39092, 51.32189, 0], [30.36599, 51.334181, 0], [30.348283, 51.348795, 0], [30.334618, 51.351598, 0], [30.323354, 51.361476, 0], [30.355706, 51.378492, 0], [30.356136, 51.382861, 0], [30.344129, 51.423319, 0], [30.334505, 51.424811, 0], [30.330727, 51.428743, 0], [30.325576, 51.430963, 0], [30.321454, 51.434039, 0], [30.318704, 51.440325, 0], [30.311536, 51.442932, 0], [30.30883, 51.44661, 0], [30.298265, 51.456318, 0], [30.291781, 51.459085, 0], [30.288042, 51.46335, 0], [30.279533, 51.46482, 0], [30.24506, 51.486187, 0], [30.213946, 51.492486, 0], [30.180419, 51.512458, 0], [30.167316, 51.508808, 0], [30.162998, 51.488066, 0], [30.144365, 51.49458, 0], [30.131561, 51.50558, 0], [30.120627, 51.504486, 0], [30.129065, 51.487692, 0], [30.122479, 51.489877, 0], [30.121244, 51.486158, 0], [30.110844, 51.487077, 0], [30.10427, 51.490955, 0], [30.077634, 51.496954, 0], [30.074604, 51.495726, 0], [30.062304, 51.498987, 0], [30.0559, 51.497171, 0], [30.033703, 51.503262, 0], [30.02741, 51.502673, 0], [30.019056, 51.504648, 0], [30.012425, 51.504692, 0], [30.012184, 51.502699, 0], [30.014261, 51.499584, 0], [30.015235, 51.497292, 0], [30.016151, 51.496066, 0], [30.018269, 51.495428, 0], [30.013006, 51.49503, 0], [30.012206, 51.489503, 0], [30.007546, 51.489853, 0], [30.003419, 51.488337, 0], [30.000838, 51.485646, 0], [29.990276, 51.48135, 0], [29.981905, 51.485776, 0], [29.975316, 51.483499, 0], [29.971132, 51.480366, 0], [29.970539, 51.475268, 0], [29.966897, 51.472022, 0], [29.961987, 51.471308, 0], [29.95155, 51.47357, 0], [29.946501, 51.48368, 0], [29.923718, 51.489803, 0], [29.9252, 51.487091, 0], [29.921221, 51.488086, 0], [29.91863, 51.486981, 0], [29.917077, 51.488458, 0], [29.914584, 51.48706, 0], [29.910162, 51.485505, 0], [29.906235, 51.486705, 0], [29.903927, 51.485114, 0], [29.89072, 51.483736, 0], [29.889421, 51.482862, 0], [29.889153, 51.478994, 0], [29.886654, 51.477266, 0], [29.884289, 51.477417, 0], [29.882935, 51.476798, 0], [29.884404, 51.474938, 0], [29.887886, 51.474008, 0], [29.890312, 51.472796, 0], [29.889466, 51.471067, 0], [29.886468, 51.470951, 0], [29.887372, 51.467899, 0], [29.885336, 51.466266, 0], [29.885777, 51.463792, 0], [29.875698, 51.456619, 0], [29.876583, 51.45223, 0], [29.877969, 51.45025, 0], [29.877719, 51.445248, 0], [29.873817, 51.444298, 0], [29.865023, 51.44629, 0], [29.855628, 51.448761, 0], [29.847925, 51.448978, 0], [29.843128, 51.457268, 0], [29.81283, 51.448736, 0], [29.810473, 51.459066, 0], [29.791008, 51.457438, 0], [29.79398, 51.441484, 0], [29.779333, 51.446773, 0], [29.764197, 51.449255, 0], [29.739032, 51.459, 0], [29.742018, 51.461577, 0], [29.733456, 51.469448, 0], [29.730888, 51.4798, 0], [29.725484, 51.49182, 0], [29.744753, 51.493557, 0], [29.742106, 51.502353, 0], [29.735338, 51.510935, 0], [29.742386, 51.512842, 0], [29.737672, 51.530831, 0], [29.707525, 51.527894, 0], [29.707477, 51.520546, 0], [29.704625, 51.520397, 0], [29.695156, 51.517022, 0], [29.687406, 51.516958, 0], [29.683348, 51.513686, 0], [29.671622, 51.511196, 0], [29.669708, 51.508293, 0], [29.669439, 51.502675, 0], [29.665768, 51.502766, 0], [29.653341, 51.50617, 0], [29.650689, 51.50528, 0], [29.64821, 51.501612, 0], [29.648563, 51.500989, 0], [29.639813, 51.498593, 0], [29.634065, 51.506104, 0], [29.627458, 51.502181, 0], [29.620854, 51.492703, 0], [29.605927, 51.493858, 0], [29.605002, 51.472279, 0], [29.592324, 51.466708, 0], [29.587396, 51.464553, 0], [29.583497, 51.462559, 0], [29.577504, 51.461269, 0], [29.575544, 51.461412, 0], [29.537222, 51.482552, 0], [29.53163, 51.467993, 0], [29.532904, 51.463699, 0], [29.528783, 51.45898, 0], [29.523806, 51.45708, 0], [29.518486, 51.452613, 0], [29.516431, 51.443463, 0], [29.521253, 51.434098, 0], [29.517139, 51.427664, 0], [29.520578, 51.421979, 0], [29.512695, 51.423144, 0], [29.500687, 51.396903, 0], [29.45916, 51.403001, 0], [29.43015, 51.412938, 0], [29.415877, 51.413596, 0], [29.403663, 51.411041, 0], [29.389135, 51.40495, 0], [29.373634, 51.398263, 0], [29.366032, 51.389861, 0], [29.35964, 51.388962, 0], [29.348785, 51.384207, 0], [29.333942, 51.385406, 0], [29.321427, 51.377733, 0], [29.299509, 51.385032, 0], [29.28849, 51.382364, 0], [29.287826, 51.373494, 0], [29.223175, 51.365856, 0], [29.198976, 51.358192, 0], [29.191097, 51.33964, 0], [29.166794, 51.339056, 0], [29.163914, 51.325251, 0], [29.193989, 51.327748, 0], [29.207029, 51.295483, 0], [29.20177, 51.283103, 0], [29.224489, 51.276413, 0], [29.224263, 51.264752, 0], [29.219915, 51.252444, 0], [29.226323, 51.249352, 0], [29.240971, 51.254639, 0], [29.266153, 51.2691, 0], [29.330956, 51.269654, 0], [29.438782, 51.151223, 0], [29.473937, 51.034245, 0], [29.446785, 51.029292, 0], [29.42721, 50.973459, 0], [29.43128, 50.946926, 0], [29.475884, 50.923424, 0], [29.497278, 50.90941, 0], [29.518862, 50.830351, 0], [29.573665, 50.821652, 0], [29.576086, 50.832446, 0], [29.633099, 50.826764, 0], [29.726956, 50.841092, 0], [29.755173, 50.82819, 0], [29.787258, 50.762944, 0], [29.7561, 50.6856, 0], [29.749719, 50.616953, 0], [29.744438, 50.566267, 0], [29.767579, 50.535098, 0], [29.815437, 50.497554, 0], [29.802267, 50.470047, 0], [29.747804, 50.444406, 0], [29.724181, 50.433592, 0], [29.721529, 50.427878, 0], [29.71486, 50.423884, 0], [29.715758, 50.413175, 0], [29.72066, 50.408041, 0], [29.746106, 50.41335, 0], [29.857884, 50.416214, 0], [29.914295, 50.368683, 0], [29.950233, 50.372342, 0], [30.007555, 50.349008, 0], [30.029672, 50.345653, 0], [30.042452, 50.3544, 0], [29.991362, 50.396597, 0], [30.051128, 50.419385, 0], [30.121422, 50.427504, 0], [30.140591, 50.433122, 0], [30.158533, 50.440216, 0], [30.196205, 50.442838, 0], [30.202504, 50.438022, 0], [30.210117, 50.438031, 0], [30.209834, 50.444436, 0], [30.23412, 50.446529, 0], [30.244848, 50.50172, 0], [30.227557, 50.524727, 0], [30.23127, 50.532738, 0], [30.244256, 50.53813, 0], [30.271843, 50.530292, 0], [30.284329, 50.540672, 0], [30.29592, 50.552702, 0], [30.303994, 50.564777, 0], [30.330626, 50.605801, 0], [30.286864, 50.622736, 0], [30.283457, 50.625255, 0]]]}, "properties": {"name": "Звільнено 31.03 - 02.04 /// Liberated 31.03 - 02.04 /// geoJSON.status.dismissed_at {{at:31.03 - 02.04}}", "styleUrl": "#poly-0F9D58-2000-77", "styleHash": "-6747544", "styleMapHash": {"normal": "#poly-0F9D58-2000-77-normal", "highlight": "#poly-0F9D58-2000-77-highlight"}, "description": "Ірпінь, Буча, Гостомель та вся Київська область - звільнені від противника 💪🇺🇦<br>///<br>Irpin, Hostomel, Bucha, and the entirety of the Kyiv oblast are liberated 💪🇺🇦<br>/// geoJSON.descriptions.#34", "stroke-opacity": 1, "stroke": "#0f9d58", "stroke-width": 2, "fill-opacity": 0.30196078431372547, "fill": "#0f9d58"}}, {"type": "Feature", "geometry": {"type": "Polygon", "coordinates": [[[32.373379, 46.545413, 0], [32.374216, 46.543742, 0], [32.380568, 46.543152, 0], [32.383142, 46.539905, 0], [32.384516, 46.537602, 0], [32.387434, 46.536422, 0], [32.390181, 46.537898, 0], [32.395846, 46.541499, 0], [32.39945, 46.542975, 0], [32.402712, 46.545868, 0], [32.4046, 46.549528, 0], [32.403162, 46.552733, 0], [32.394601, 46.547848, 0], [32.389998, 46.546395, 0], [32.384966, 46.545354, 0], [32.380203, 46.545295, 0], [32.373379, 46.545413, 0]]]}, "properties": {"name": "Звільнено /// Liberated /// geoJSON.status.dismissed", "styleUrl": "#poly-0F9D58-2000-77-nodesc", "styleHash": "-5650abb0", "styleMapHash": {"normal": "#poly-0F9D58-2000-77-nodesc-normal", "highlight": "#poly-0F9D58-2000-77-nodesc-highlight"}, "stroke-opacity": 1, "stroke": "#0f9d58", "stroke-width": 2, "fill-opacity": 0.30196078431372547, "fill": "#0f9d58"}}, {"type": "Feature", "geometry": {"type": "Polygon", "coordinates": [[[34.7879764, 51.1332427, 0], [34.7754302, 51.1393892, 0], [34.7683775, 51.1467185, 0], [34.7538807, 51.1475363, 0], [34.7463205, 51.1642258, 0], [34.7324058, 51.1639038, 0], [34.726526, 51.1788655, 0], [34.7168084, 51.171855, 0], [34.7266604, 51.1619385, 0], [34.7418574, 51.1612647, 0], [34.751127, 51.148399, 0], [34.757349, 51.131536, 0], [34.778251, 51.130948, 0], [34.787378, 51.1296361, 0], [34.7879764, 51.1332427, 0]]]}, "properties": {"name": "Звільнено /// Liberated /// geoJSON.status.dismissed", "styleUrl": "#poly-0F9D58-2000-77-nodesc", "styleHash": "-5650abb0", "styleMapHash": {"normal": "#poly-0F9D58-2000-77-nodesc-normal", "highlight": "#poly-0F9D58-2000-77-nodesc-highlight"}, "stroke-opacity": 1, "stroke": "#0f9d58", "stroke-width": 2, "fill-opacity": 0.30196078431372547, "fill": "#0f9d58"}}, {"type": "Feature", "geometry": {"type": "Polygon", "coordinates": [[[37.190371, 48.514864, 0], [37.210627, 48.517138, 0], [37.219288, 48.510335, 0], [37.2291707, 48.4925062, 0], [37.235138, 48.484944, 0], [37.303864, 48.494108, 0], [37.307235, 48.497345, 0], [37.3039738, 48.5070127, 0], [37.31393, 48.506444, 0], [37.3140522, 48.5148509, 0], [37.3118206, 48.5219575, 0], [37.3089024, 48.5259367, 0], [37.2987743, 48.5271304, 0], [37.296286, 48.532827, 0], [37.28736, 48.546239, 0], [37.272253, 48.545701, 0], [37.245474, 48.53476, 0], [37.224532, 48.541374, 0], [37.194663, 48.534419, 0], [37.182131, 48.525324, 0], [37.186938, 48.520776, 0], [37.190371, 48.514864, 0]]]}, "properties": {"name": "Звільнено /// Liberated /// geoJSON.status.dismissed", "styleUrl": "#poly-0F9D58-2000-77-nodesc", "styleHash": "-5650abb0", "styleMapHash": {"normal": "#poly-0F9D58-2000-77-nodesc-normal", "highlight": "#poly-0F9D58-2000-77-nodesc-highlight"}, "stroke-opacity": 1, "stroke": "#0f9d58", "stroke-width": 2, "fill-opacity": 0.30196078431372547, "fill": "#0f9d58"}}, {"type": "Feature", "geometry": {"type": "Polygon", "coordinates": [[[37.235138, 48.484944, 0], [37.232908, 48.4737081, 0], [37.2473007, 48.4702397, 0], [37.2633857, 48.4763909, 0], [37.2878356, 48.4825431, 0], [37.3055233, 48.487631, 0], [37.3162906, 48.4889549, 0], [37.3169985, 48.483451, 0], [37.3248091, 48.4809477, 0], [37.3327268, 48.4787429, 0], [37.3326835, 48.4826397, 0], [37.339164, 48.489381, 0], [37.337791, 48.494956, 0], [37.314617, 48.497345, 0], [37.31393, 48.506444, 0], [37.3039738, 48.5070127, 0], [37.307235, 48.497345, 0], [37.303864, 48.494108, 0], [37.235138, 48.484944, 0]]]}, "properties": {"name": "Звільнено /// Liberated /// geoJSON.status.dismissed", "styleUrl": "#poly-0F9D58-2000-77-nodesc", "styleHash": "-5650abb0", "styleMapHash": {"normal": "#poly-0F9D58-2000-77-nodesc-normal", "highlight": "#poly-0F9D58-2000-77-nodesc-highlight"}, "stroke-opacity": 1, "stroke": "#0f9d58", "stroke-width": 2, "fill-opacity": 0.30196078431372547, "fill": "#0f9d58"}}, {"type": "Feature", "geometry": {"type": "Polygon", "coordinates": [[[36.5005048, 47.9255445, 0], [36.5115212, 47.9214427, 0], [36.516671, 47.9227081, 0], [36.5381287, 47.9275969, 0], [36.5428495, 47.9362805, 0], [36.5550373, 47.9433529, 0], [36.5638779, 47.9580695, 0], [36.551173, 47.9614043, 0], [36.550314, 47.968013, 0], [36.5463647, 47.9675236, 0], [36.5467938, 47.9625087, 0], [36.532218, 47.96168, 0], [36.5302328, 47.9613779, 0], [36.52808, 47.9544073, 0], [36.524357, 47.950638, 0], [36.528057, 47.949111, 0], [36.5274857, 47.9465725, 0], [36.5270897, 47.940908, 0], [36.514899, 47.940239, 0], [36.5078399, 47.9391979, 0], [36.5026694, 47.9354262, 0], [36.5015549, 47.9342637, 0], [36.501728, 47.9301893, 0], [36.4991098, 47.9298775, 0], [36.5005048, 47.9255445, 0]]]}, "properties": {"name": "Звільнено /// Liberated /// geoJSON.status.dismissed\n", "styleUrl": "#poly-0F9D58-1200-77-nodesc", "styleHash": "3cf5550", "styleMapHash": {"normal": "#poly-0F9D58-1200-77-nodesc-normal", "highlight": "#poly-0F9D58-1200-77-nodesc-highlight"}, "stroke-opacity": 1, "stroke": "#0f9d58", "stroke-width": 1.2, "fill-opacity": 0.30196078431372547, "fill": "#0f9d58"}}, {"type": "Feature", "geometry": {"type": "Polygon", "coordinates": [[[36.6177072, 48.0765598, 0], [36.6337576, 48.0820647, 0], [36.6348734, 48.0873971, 0], [36.6387358, 48.0906077, 0], [36.6447871, 48.0902352, 0], [36.6515245, 48.0860784, 0], [36.6528978, 48.0877411, 0], [36.6660299, 48.0871678, 0], [36.6687765, 48.0896905, 0], [36.6765871, 48.0896905, 0], [36.6787795, 48.0969445, 0], [36.6555585, 48.1024739, 0], [36.6470658, 48.0998989, 0], [36.6373246, 48.1005018, 0], [36.6135015, 48.0938182, 0], [36.6083236, 48.0886264, 0], [36.6177072, 48.0765598, 0]]]}, "properties": {"name": "Звільнено /// Liberated /// geoJSON.status.dismissed\n", "styleUrl": "#poly-0F9D58-1200-77-nodesc", "styleHash": "3cf5550", "styleMapHash": {"normal": "#poly-0F9D58-1200-77-nodesc-normal", "highlight": "#poly-0F9D58-1200-77-nodesc-highlight"}, "stroke-opacity": 1, "stroke": "#0f9d58", "stroke-width": 1.2, "fill-opacity": 0.30196078431372547, "fill": "#0f9d58"}}, {"type": "Feature", "geometry": {"type": "Point", "coordinates": [30.925149, 45.178719, 0]}, "properties": {"name": "Крейсер Москва. /// Russian cruiser Moskva /// geoJSON.moskow_cruiser", "styleUrl": "#icon-ci-1", "styleHash": "3e85e336", "styleMapHash": {"normal": "#icon-ci-1-normal", "highlight": "#icon-ci-1-highlight"}, "description": "Місце відправки на дно у ніч з 13 на 14 квітня 2022 року.<br>Точні координати: 45°10’43.39″N, 30°55’30.54″E<br>///<br>Place of departure to the bottom on the night of 13 to 14 April.<br>Exact coordinates: 45 ° 10’43.39 ″ N, 30 ° 55’30.54 ″ E<br>/// geoJSON.descriptions.#51<br>{icon=moscow_ship,size=32}", "icon-scale": 1.1, "icon-offset": [16, 16], "icon": "images/icon-1.png", "label-scale": 0}}, {"type": "Feature", "geometry": {"type": "Point", "coordinates": [36.8259056, 48.0657091, 0]}, "properties": {"name": "Напрямок удару /// Direction of attack /// geoJSON.status.attack_direction\n", "styleUrl": "#icon-1899-0288D1", "styleHash": "-77fd1820", "styleMapHash": {"normal": "#icon-1899-0288D1-normal", "highlight": "#icon-1899-0288D1-highlight"}, "description": "{icon=arrow_15}", "icon-scale": 1, "icon-offset": [32, 64], "icon": "images/icon-2.png", "label-scale": 0}}, {"type": "Feature", "geometry": {"type": "Point", "coordinates": [37.7001777, 49.5067677, 0]}, "properties": {"name": "Напрямок удару /// Direction of attack /// geoJSON.status.attack_direction\n", "styleUrl": "#icon-1899-0288D1", "styleHash": "-77fd1820", "styleMapHash": {"normal": "#icon-1899-0288D1-normal", "highlight": "#icon-1899-0288D1-highlight"}, "description": "{icon=arrow_8}", "icon-scale": 1, "icon-offset": [32, 64], "icon": "images/icon-2.png", "label-scale": 0}}, {"type": "Feature", "geometry": {"type": "Point", "coordinates": [30.5242391, 50.4500622, 0]}, "properties": {"name": "Київ /// Kyiv /// geoJSON.territories.kyiv", "styleUrl": "#icon-1899-0288D1", "styleHash": "-77fd1820", "styleMapHash": {"normal": "#icon-1899-0288D1-normal", "highlight": "#icon-1899-0288D1-highlight"}, "description": "{icon=ukrainecapital}", "icon-scale": 1, "icon-offset": [32, 64], "icon": "images/icon-2.png", "label-scale": 0}}, {"type": "Feature", "geometry": {"type": "Point", "coordinates": [27.558868, 53.902162, 0]}, "properties": {"name": "Мінськ /// Minsk /// geoJSON.territories.minsk", "styleUrl": "#icon-1899-0288D1", "styleHash": "-77fd1820", "styleMapHash": {"normal": "#icon-1899-0288D1-normal", "highlight": "#icon-1899-0288D1-highlight"}, "description": "{icon=russiacapital}", "icon-scale": 1, "icon-offset": [32, 64], "icon": "images/icon-2.png", "label-scale": 0}}, {"type": "Feature", "geometry": {"type": "Point", "coordinates": [37.62011, 55.758266, 0]}, "properties": {"name": "Москва /// Moscow /// geoJSON.territories.moscow", "styleUrl": "#icon-1899-0288D1", "styleHash": "-77fd1820", "styleMapHash": {"normal": "#icon-1899-0288D1-normal", "highlight": "#icon-1899-0288D1-highlight"}, "description": "{icon=russiacapital}", "icon-scale": 1, "icon-offset": [32, 64], "icon": "images/icon-2.png", "label-scale": 0}}, {"type": "Feature", "geometry": {"type": "Point", "coordinates": [36.1266156, 47.6095743, 0]}, "properties": {"name": "Напрямок удару /// Direction of attack /// geoJSON.status.attack_direction", "styleUrl": "#icon-1899-0288D1", "styleHash": "-77fd1820", "styleMapHash": {"normal": "#icon-1899-0288D1-normal", "highlight": "#icon-1899-0288D1-highlight"}, "description": "{icon=arrow_12}", "icon-scale": 1, "icon-offset": [32, 64], "icon": "images/icon-2.png", "label-scale": 0}}, {"type": "Feature", "geometry": {"type": "Point", "coordinates": [31.288405, 52.3396626, 0]}, "properties": {"name": "Місця зосереджень незаконних збройних формувань самопроголошеної республіки Білорусія///Places of concentration of illegal armed formations of the self-proclaimed republic of Belarus\n/// geoJSON.units.belarus.general", "styleUrl": "#icon-1899-0288D1", "styleHash": "-77fd1820", "styleMapHash": {"normal": "#icon-1899-0288D1-normal", "highlight": "#icon-1899-0288D1-highlight"}, "description": "{icon=eblorussia}", "icon-scale": 1, "icon-offset": [32, 64], "icon": "images/icon-2.png", "label-scale": 0}}, {"type": "Feature", "geometry": {"type": "Point", "coordinates": [29.158879, 51.784771, 0]}, "properties": {"name": "Місця зосереджень незаконних збройних формувань самопроголошеної республіки Білорусія///Places of concentration of illegal armed formations of the self-proclaimed republic of Belarus\n/// geoJSON.units.belarus.general\n", "styleUrl": "#icon-1899-0288D1", "styleHash": "-77fd1820", "styleMapHash": {"normal": "#icon-1899-0288D1-normal", "highlight": "#icon-1899-0288D1-highlight"}, "description": "{icon=eblorussia}<br>https://palesse.press/news.php?slug=1107-1", "icon-scale": 1, "icon-offset": [32, 64], "icon": "images/icon-2.png", "label-scale": 0}}, {"type": "Feature", "geometry": {"type": "Point", "coordinates": [24.3750203, 52.2316238, 0]}, "properties": {"name": "Місця зосереджень незаконних збройних формувань самопроголошеної республіки Білорусія///Places of concentration of illegal armed formations of the self-proclaimed republic of Belarus\n/// geoJSON.units.belarus.general\n", "styleUrl": "#icon-1899-0288D1", "styleHash": "-77fd1820", "styleMapHash": {"normal": "#icon-1899-0288D1-normal", "highlight": "#icon-1899-0288D1-highlight"}, "description": "{icon=iblorussia}<br>https://t.me/DeepStateUA/13471", "icon-scale": 1, "icon-offset": [32, 64], "icon": "images/icon-2.png", "label-scale": 0}}, {"type": "Feature", "geometry": {"type": "Point", "coordinates": [28.926587, 54.883042, 0]}, "properties": {"name": "Місця зосереджень незаконних збройних формувань самопроголошеної республіки Білорусія на полігоні «Лепельський» ///Places of concentration of illegal armed formations of the self-proclaimed republic of Belarus at the \"Lepelsky\" training ground/// geoJSON.units.belarus.poligon_lepelskyi\n", "styleUrl": "#icon-1899-0288D1", "styleHash": "-77fd1820", "styleMapHash": {"normal": "#icon-1899-0288D1-normal", "highlight": "#icon-1899-0288D1-highlight"}, "description": "{icon=iblorussia}<br>https://mil.in.ua/uk/news/z-yavylysya-suputnykovi-znimky-tehniky-na-poligoni-lepelskyj-v-bilorusi/", "icon-scale": 1, "icon-offset": [32, 64], "icon": "images/icon-2.png", "label-scale": 0}}, {"type": "Feature", "geometry": {"type": "Point", "coordinates": [37.8865164, 48.9529596, 0]}, "properties": {"name": "Напрямок удару /// Direction of attack /// geoJSON.status.attack_direction", "styleUrl": "#icon-1899-0288D1", "styleHash": "-77fd1820", "styleMapHash": {"normal": "#icon-1899-0288D1-normal", "highlight": "#icon-1899-0288D1-highlight"}, "description": "{icon=arrow_12}", "icon-scale": 1, "icon-offset": [32, 64], "icon": "images/icon-2.png", "label-scale": 0}}, {"type": "Feature", "geometry": {"type": "Point", "coordinates": [37.7719431, 49.6549376, 0]}, "properties": {"name": "Напрямок удару /// Direction of attack /// geoJSON.status.attack_direction", "styleUrl": "#icon-1899-0288D1", "styleHash": "-77fd1820", "styleMapHash": {"normal": "#icon-1899-0288D1-normal", "highlight": "#icon-1899-0288D1-highlight"}, "description": "{icon=arrow_12}", "icon-scale": 1, "icon-offset": [32, 64], "icon": "images/icon-2.png", "label-scale": 0}}, {"type": "Feature", "geometry": {"type": "Point", "coordinates": [36.9884681, 48.2576951, 0]}, "properties": {"name": "Напрямок удару /// Direction of attack /// geoJSON.status.attack_direction", "styleUrl": "#icon-1899-0288D1", "styleHash": "-77fd1820", "styleMapHash": {"normal": "#icon-1899-0288D1-normal", "highlight": "#icon-1899-0288D1-highlight"}, "description": "{icon=arrow_16}", "icon-scale": 1, "icon-offset": [32, 64], "icon": "images/icon-2.png", "label-scale": 0}}, {"type": "Feature", "geometry": {"type": "Point", "coordinates": [37.0778478, 50.3344657, 0]}, "properties": {"name": "Напрямок удару /// Direction of attack /// geoJSON.status.attack_direction\n", "styleUrl": "#icon-1899-0288D1", "styleHash": "-77fd1820", "styleMapHash": {"normal": "#icon-1899-0288D1-normal", "highlight": "#icon-1899-0288D1-highlight"}, "description": "{icon=arrow_8}", "icon-scale": 1, "icon-offset": [32, 64], "icon": "images/icon-2.png", "label-scale": 0}}, {"type": "Feature", "geometry": {"type": "Point", "coordinates": [26.0972943, 52.1479954, 0]}, "properties": {"name": "38-ма окрема десантно-штурмова бригада /// 38th Separate Guards Air Assault Brigade /// geoJSON.units.brigade.38-air-assault", "styleUrl": "#icon-1899-0288D1", "styleHash": "-77fd1820", "styleMapHash": {"normal": "#icon-1899-0288D1-normal", "highlight": "#icon-1899-0288D1-highlight"}, "description": "{icon=iblorussia}", "icon-scale": 1, "icon-offset": [32, 64], "icon": "images/icon-2.png", "label-scale": 0}}, {"type": "Feature", "geometry": {"type": "Point", "coordinates": [23.7517205, 52.1098653, 0]}, "properties": {"name": "5-та окрема бригада спеціального призначення///5th Spetsnaz Brigade /// geoJSON.units.brigade.5-special-purpose\n", "styleUrl": "#icon-1899-0288D1", "styleHash": "-77fd1820", "styleMapHash": {"normal": "#icon-1899-0288D1-normal", "highlight": "#icon-1899-0288D1-highlight"}, "description": "{icon=iblorussia}", "icon-scale": 1, "icon-offset": [32, 64], "icon": "images/icon-2.png", "label-scale": 0}}, {"type": "Feature", "geometry": {"type": "Point", "coordinates": [37.1225858, 48.3459582, 0]}, "properties": {"name": "Напрямок удару /// Direction of attack /// geoJSON.status.attack_direction\n", "styleUrl": "#icon-1899-0288D1", "styleHash": "-77fd1820", "styleMapHash": {"normal": "#icon-1899-0288D1-normal", "highlight": "#icon-1899-0288D1-highlight"}, "description": "{icon=arrow_16}", "icon-scale": 1, "icon-offset": [32, 64], "icon": "images/icon-2.png", "label-scale": 0}}, {"type": "Feature", "geometry": {"type": "Point", "coordinates": [37.8708277, 49.0732248, 0]}, "properties": {"name": "Напрямок удару /// Direction of attack /// geoJSON.status.attack_direction\n", "styleUrl": "#icon-1899-0288D1", "styleHash": "-77fd1820", "styleMapHash": {"normal": "#icon-1899-0288D1-normal", "highlight": "#icon-1899-0288D1-highlight"}, "description": "{icon=arrow_9}", "icon-scale": 1, "icon-offset": [32, 64], "icon": "images/icon-2.png", "label-scale": 0}}, {"type": "Feature", "geometry": {"type": "Point", "coordinates": [37.8156858, 48.7139441, 0]}, "properties": {"name": "Напрямок удару /// Direction of attack /// geoJSON.status.attack_direction\n", "styleUrl": "#icon-1899-0288D1", "styleHash": "-77fd1820", "styleMapHash": {"normal": "#icon-1899-0288D1-normal", "highlight": "#icon-1899-0288D1-highlight"}, "description": "{icon=arrow_15}", "icon-scale": 1, "icon-offset": [32, 64], "icon": "images/icon-2.png", "label-scale": 0}}, {"type": "Feature", "geometry": {"type": "Point", "coordinates": [36.0671189, 47.5610297, 0]}, "properties": {"name": "Напрямок удару /// Direction of attack /// geoJSON.status.attack_direction\n", "styleUrl": "#icon-1899-0288D1", "styleHash": "-77fd1820", "styleMapHash": {"normal": "#icon-1899-0288D1-normal", "highlight": "#icon-1899-0288D1-highlight"}, "description": "{icon=arrow_15}", "icon-scale": 1, "icon-offset": [32, 64], "icon": "images/icon-2.png", "label-scale": 0}}, {"type": "Feature", "geometry": {"type": "Point", "coordinates": [36.15822, 47.6492774, 0]}, "properties": {"name": "Напрямок удару /// Direction of attack /// geoJSON.status.attack_direction\n", "styleUrl": "#icon-1899-0288D1", "styleHash": "-77fd1820", "styleMapHash": {"normal": "#icon-1899-0288D1-normal", "highlight": "#icon-1899-0288D1-highlight"}, "description": "{icon=arrow_16}", "icon-scale": 1, "icon-offset": [32, 64], "icon": "images/icon-2.png", "label-scale": 0}}, {"type": "Feature", "geometry": {"type": "Point", "coordinates": [33.0296572, 46.7221673, 0]}, "properties": {"name": "Напрямок удару /// Direction of attack /// geoJSON.status.attack_direction\n", "styleUrl": "#icon-1899-0288D1", "styleHash": "-77fd1820", "styleMapHash": {"normal": "#icon-1899-0288D1-normal", "highlight": "#icon-1899-0288D1-highlight"}, "description": "{icon=arrow_14}", "icon-scale": 1, "icon-offset": [32, 64], "icon": "images/icon-2.png", "label-scale": 0}}, {"type": "Feature", "geometry": {"type": "Point", "coordinates": [37.7661663, 48.4808253, 0]}, "properties": {"name": "Напрямок удару /// Direction of attack /// geoJSON.status.attack_direction\n", "styleUrl": "#icon-1899-0288D1", "styleHash": "-77fd1820", "styleMapHash": {"normal": "#icon-1899-0288D1-normal", "highlight": "#icon-1899-0288D1-highlight"}, "description": "{icon=arrow_15}", "icon-scale": 1, "icon-offset": [32, 64], "icon": "images/icon-2.png", "label-scale": 0}}, {"type": "Feature", "geometry": {"type": "Point", "coordinates": [37.8344756, 48.763598, 0]}, "properties": {"name": "Напрямок удару /// Direction of attack /// geoJSON.status.attack_direction\n", "styleUrl": "#icon-1899-0288D1", "styleHash": "-77fd1820", "styleMapHash": {"normal": "#icon-1899-0288D1-normal", "highlight": "#icon-1899-0288D1-highlight"}, "description": "{icon=arrow_14}", "icon-scale": 1, "icon-offset": [32, 64], "icon": "images/icon-2.png", "label-scale": 0}}, {"type": "Feature", "geometry": {"type": "Point", "coordinates": [35.488371, 47.5446084, 0]}, "properties": {"name": "Напрямок удару /// Direction of attack /// geoJSON.status.attack_direction\n", "styleUrl": "#icon-1899-0288D1", "styleHash": "-77fd1820", "styleMapHash": {"normal": "#icon-1899-0288D1-normal", "highlight": "#icon-1899-0288D1-highlight"}, "description": "{icon=arrow_16}", "icon-scale": 1, "icon-offset": [32, 64], "icon": "images/icon-2.png", "label-scale": 0}}, {"type": "Feature", "geometry": {"type": "Point", "coordinates": [37.0405927, 48.3474961, 0]}, "properties": {"name": "Напрямок удару /// Direction of attack /// geoJSON.status.attack_direction", "styleUrl": "#icon-1899-0288D1", "styleHash": "-77fd1820", "styleMapHash": {"normal": "#icon-1899-0288D1-normal", "highlight": "#icon-1899-0288D1-highlight"}, "description": "{icon=arrow_15}", "icon-scale": 1, "icon-offset": [32, 64], "icon": "images/icon-2.png", "label-scale": 0}}, {"type": "Feature", "geometry": {"type": "Point", "coordinates": [30.2757227, 51.7774262, 0]}, "properties": {"name": "103-тя окрема повітрянодесантна бригада /// 103rd Separate Guards Airborne Brigade /// geoJSON.units.brigade.103-airborne\n", "styleUrl": "#icon-1899-0288D1", "styleHash": "-77fd1820", "styleMapHash": {"normal": "#icon-1899-0288D1-normal", "highlight": "#icon-1899-0288D1-highlight"}, "description": "{icon=iblorussia}", "icon-scale": 1, "icon-offset": [32, 64], "icon": "images/icon-2.png", "label-scale": 0}}, {"type": "Feature", "geometry": {"type": "Point", "coordinates": [37.2353584, 48.3913619, 0]}, "properties": {"name": "Напрямок удару /// Direction of attack /// geoJSON.status.attack_direction\n", "styleUrl": "#icon-1899-0288D1", "styleHash": "-77fd1820", "styleMapHash": {"normal": "#icon-1899-0288D1-normal", "highlight": "#icon-1899-0288D1-highlight"}, "description": "{icon=arrow_12}", "icon-scale": 1, "icon-offset": [32, 64], "icon": "images/icon-2.png", "label-scale": 0}}, {"type": "Feature", "geometry": {"type": "Point", "coordinates": [37.7861932, 48.5903078, 0]}, "properties": {"name": "Напрямок удару /// Direction of attack /// geoJSON.status.attack_direction\n", "styleUrl": "#icon-1899-0288D1", "styleHash": "-77fd1820", "styleMapHash": {"normal": "#icon-1899-0288D1-normal", "highlight": "#icon-1899-0288D1-highlight"}, "description": "{icon=arrow_11}", "icon-scale": 1, "icon-offset": [32, 64], "icon": "images/icon-2.png", "label-scale": 0}}, {"type": "Feature", "geometry": {"type": "Point", "coordinates": [37.3477856, 48.4608705, 0]}, "properties": {"name": "Напрямок удару /// Direction of attack /// geoJSON.status.attack_direction\n", "styleUrl": "#icon-1899-0288D1", "styleHash": "-77fd1820", "styleMapHash": {"normal": "#icon-1899-0288D1-normal", "highlight": "#icon-1899-0288D1-highlight"}, "description": "{icon=arrow_14}", "icon-scale": 1, "icon-offset": [32, 64], "icon": "images/icon-2.png", "label-scale": 0}}, {"type": "Feature", "geometry": {"type": "Point", "coordinates": [37.9110635, 48.86318, 0]}, "properties": {"name": "Напрямок удару /// Direction of attack /// geoJSON.status.attack_direction\n", "styleUrl": "#icon-1899-0288D1", "styleHash": "-77fd1820", "styleMapHash": {"normal": "#icon-1899-0288D1-normal", "highlight": "#icon-1899-0288D1-highlight"}, "description": "{icon=arrow_13}", "icon-scale": 1, "icon-offset": [32, 64], "icon": "images/icon-2.png", "label-scale": 0}}, {"type": "Feature", "geometry": {"type": "Point", "coordinates": [37.0578635, 48.2777992, 0]}, "properties": {"name": "Напрямок удару /// Direction of attack /// geoJSON.status.attack_direction\n", "styleUrl": "#icon-1899-0288D1", "styleHash": "-77fd1820", "styleMapHash": {"normal": "#icon-1899-0288D1-normal", "highlight": "#icon-1899-0288D1-highlight"}, "description": "{icon=arrow_16}", "icon-scale": 1, "icon-offset": [32, 64], "icon": "images/icon-2.png", "label-scale": 0}}, {"type": "Feature", "geometry": {"type": "Point", "coordinates": [36.1999312, 47.687707, 0]}, "properties": {"name": "Напрямок удару /// Direction of attack /// geoJSON.status.attack_direction\n", "styleUrl": "#icon-1899-0288D1", "styleHash": "-77fd1820", "styleMapHash": {"normal": "#icon-1899-0288D1-normal", "highlight": "#icon-1899-0288D1-highlight"}, "description": "{icon=arrow_12}", "icon-scale": 1, "icon-offset": [32, 64], "icon": "images/icon-2.png", "label-scale": 0}}, {"type": "Feature", "geometry": {"type": "Point", "coordinates": [33.0459125, 46.7323798, 0]}, "properties": {"name": "Напрямок удару /// Direction of attack /// geoJSON.status.attack_direction\n", "styleUrl": "#icon-1899-0288D1", "styleHash": "-77fd1820", "styleMapHash": {"normal": "#icon-1899-0288D1-normal", "highlight": "#icon-1899-0288D1-highlight"}, "description": "{icon=arrow_15}", "icon-scale": 1, "icon-offset": [32, 64], "icon": "images/icon-2.png", "label-scale": 0}}, {"type": "Feature", "geometry": {"type": "Point", "coordinates": [36.2340847, 47.7847148, 0]}, "properties": {"name": "Напрямок удару /// Direction of attack /// geoJSON.status.attack_direction\n", "styleUrl": "#icon-1899-0288D1", "styleHash": "-77fd1820", "styleMapHash": {"normal": "#icon-1899-0288D1-normal", "highlight": "#icon-1899-0288D1-highlight"}, "description": "{icon=arrow_15}", "icon-scale": 1, "icon-offset": [32, 64], "icon": "images/icon-2.png", "label-scale": 0}}, {"type": "Feature", "geometry": {"type": "Point", "coordinates": [37.8596158, 48.8252696, 0]}, "properties": {"name": "Напрямок удару /// Direction of attack /// geoJSON.status.attack_direction\n", "styleUrl": "#icon-1899-0288D1", "styleHash": "-77fd1820", "styleMapHash": {"normal": "#icon-1899-0288D1-normal", "highlight": "#icon-1899-0288D1-highlight"}, "description": "{icon=arrow_12}", "icon-scale": 1, "icon-offset": [32, 64], "icon": "images/icon-2.png", "label-scale": 0}}, {"type": "Feature", "geometry": {"type": "Point", "coordinates": [37.8396784, 48.7516167, 0]}, "properties": {"name": "Напрямок удару /// Direction of attack /// geoJSON.status.attack_direction\n", "styleUrl": "#icon-1899-0288D1", "styleHash": "-77fd1820", "styleMapHash": {"normal": "#icon-1899-0288D1-normal", "highlight": "#icon-1899-0288D1-highlight"}, "description": "{icon=arrow_11}", "icon-scale": 1, "icon-offset": [32, 64], "icon": "images/icon-2.png", "label-scale": 0}}, {"type": "Feature", "geometry": {"type": "Point", "coordinates": [37.380767, 48.4914864, 0]}, "properties": {"name": "Напрямок удару /// Direction of attack /// geoJSON.status.attack_direction", "styleUrl": "#icon-1899-0288D1", "styleHash": "-77fd1820", "styleMapHash": {"normal": "#icon-1899-0288D1-normal", "highlight": "#icon-1899-0288D1-highlight"}, "description": "{icon=arrow_14}", "icon-scale": 1, "icon-offset": [32, 64], "icon": "images/icon-2.png", "label-scale": 0}}, {"type": "Feature", "geometry": {"type": "Point", "coordinates": [37.7728026, 48.5169387, 0]}, "properties": {"name": "Напрямок удару /// Direction of attack /// geoJSON.status.attack_direction\n", "styleUrl": "#icon-1899-0288D1", "styleHash": "-77fd1820", "styleMapHash": {"normal": "#icon-1899-0288D1-normal", "highlight": "#icon-1899-0288D1-highlight"}, "description": "{icon=arrow_14}", "icon-scale": 1, "icon-offset": [32, 64], "icon": "images/icon-2.png", "label-scale": 0}}, {"type": "Feature", "geometry": {"type": "Point", "coordinates": [37.7255497, 49.0667894, 0]}, "properties": {"name": "Напрямок удару /// Direction of attack /// geoJSON.status.attack_direction\n", "styleUrl": "#icon-1899-0288D1", "styleHash": "-77fd1820", "styleMapHash": {"normal": "#icon-1899-0288D1-normal", "highlight": "#icon-1899-0288D1-highlight"}, "description": "{icon=arrow_9}", "icon-scale": 1, "icon-offset": [32, 64], "icon": "images/icon-2.png", "label-scale": 0}}, {"type": "Feature", "geometry": {"type": "Point", "coordinates": [37.6651076, 48.4986066, 0]}, "properties": {"name": "Напрямок удару /// Direction of attack /// geoJSON.status.attack_direction\n", "styleUrl": "#icon-1899-0288D1", "styleHash": "-77fd1820", "styleMapHash": {"normal": "#icon-1899-0288D1-normal", "highlight": "#icon-1899-0288D1-highlight"}, "description": "{icon=arrow_16}", "icon-scale": 1, "icon-offset": [32, 64], "icon": "images/icon-2.png", "label-scale": 0}}, {"type": "Feature", "geometry": {"type": "Point", "coordinates": [37.7495451, 48.5339833, 0]}, "properties": {"name": "Напрямок удару /// Direction of attack /// geoJSON.status.attack_direction\n", "styleUrl": "#icon-1899-0288D1", "styleHash": "-77fd1820", "styleMapHash": {"normal": "#icon-1899-0288D1-normal", "highlight": "#icon-1899-0288D1-highlight"}, "description": "{icon=arrow_11}", "icon-scale": 1, "icon-offset": [32, 64], "icon": "images/icon-2.png", "label-scale": 0}}, {"type": "Feature", "geometry": {"type": "Point", "coordinates": [36.1811102, 47.6591219, 0]}, "properties": {"name": "Напрямок удару /// Direction of attack /// geoJSON.status.attack_direction\n", "styleUrl": "#icon-1899-0288D1", "styleHash": "-77fd1820", "styleMapHash": {"normal": "#icon-1899-0288D1-normal", "highlight": "#icon-1899-0288D1-highlight"}, "description": "{icon=arrow_12}", "icon-scale": 1, "icon-offset": [32, 64], "icon": "images/icon-2.png", "label-scale": 0}}, {"type": "Feature", "geometry": {"type": "Point", "coordinates": [37.6836064, 48.4939932, 0]}, "properties": {"name": "Напрямок удару /// Direction of attack /// geoJSON.status.attack_direction\n", "styleUrl": "#icon-1899-0288D1", "styleHash": "-77fd1820", "styleMapHash": {"normal": "#icon-1899-0288D1-normal", "highlight": "#icon-1899-0288D1-highlight"}, "description": "{icon=arrow_16}", "icon-scale": 1, "icon-offset": [32, 64], "icon": "images/icon-2.png", "label-scale": 0}}, {"type": "Feature", "geometry": {"type": "Point", "coordinates": [36.1576669, 47.7083759, 0]}, "properties": {"name": "Напрямок удару /// Direction of attack /// geoJSON.status.attack_direction\n", "styleUrl": "#icon-1899-0288D1", "styleHash": "-77fd1820", "styleMapHash": {"normal": "#icon-1899-0288D1-normal", "highlight": "#icon-1899-0288D1-highlight"}, "description": "{icon=arrow_13}", "icon-scale": 1, "icon-offset": [32, 64], "icon": "images/icon-2.png", "label-scale": 0}}, {"type": "Feature", "geometry": {"type": "Point", "coordinates": [37.656009, 48.4836262, 0]}, "properties": {"name": "Напрямок удару /// Direction of attack /// geoJSON.status.attack_direction\n", "styleUrl": "#icon-1899-0288D1", "styleHash": "-77fd1820", "styleMapHash": {"normal": "#icon-1899-0288D1-normal", "highlight": "#icon-1899-0288D1-highlight"}, "description": "{icon=arrow_12}", "icon-scale": 1, "icon-offset": [32, 64], "icon": "images/icon-2.png", "label-scale": 0}}, {"type": "Feature", "geometry": {"type": "Point", "coordinates": [37.2285983, 48.4221067, 0]}, "properties": {"name": "Напрямок удару /// Direction of attack /// geoJSON.status.attack_direction\n", "styleUrl": "#icon-1899-0288D1", "styleHash": "-77fd1820", "styleMapHash": {"normal": "#icon-1899-0288D1-normal", "highlight": "#icon-1899-0288D1-highlight"}, "description": "{icon=arrow_13}", "icon-scale": 1, "icon-offset": [32, 64], "icon": "images/icon-2.png", "label-scale": 0}}, {"type": "Feature", "geometry": {"type": "Point", "coordinates": [37.9557151, 48.8343025, 0]}, "properties": {"name": "Напрямок удару /// Direction of attack /// geoJSON.status.attack_direction\n", "styleUrl": "#icon-1899-0288D1", "styleHash": "-77fd1820", "styleMapHash": {"normal": "#icon-1899-0288D1-normal", "highlight": "#icon-1899-0288D1-highlight"}, "description": "{icon=arrow_12}", "icon-scale": 1, "icon-offset": [32, 64], "icon": "images/icon-2.png", "label-scale": 0}}, {"type": "Feature", "geometry": {"type": "Point", "coordinates": [37.1922833, 48.3710753, 0]}, "properties": {"name": "Напрямок удару /// Direction of attack /// geoJSON.status.attack_direction\n", "styleUrl": "#icon-1899-0288D1", "styleHash": "-77fd1820", "styleMapHash": {"normal": "#icon-1899-0288D1-normal", "highlight": "#icon-1899-0288D1-highlight"}, "description": "{icon=arrow_14}", "icon-scale": 1, "icon-offset": [32, 64], "icon": "images/icon-2.png", "label-scale": 0}}, {"type": "Feature", "geometry": {"type": "Point", "coordinates": [125.7526189, 39.019436, 0]}, "properties": {"name": "Пхеньян /// Pyongyang /// geoJSON.territories.lollybomb\n", "styleUrl": "#icon-1899-0288D1", "styleHash": "-77fd1820", "styleMapHash": {"normal": "#icon-1899-0288D1-normal", "highlight": "#icon-1899-0288D1-highlight"}, "description": "{icon=russiacapital}", "icon-scale": 1, "icon-offset": [32, 64], "icon": "images/icon-2.png", "label-scale": 0}}, {"type": "Feature", "geometry": {"type": "Point", "coordinates": [37.684937, 49.4165134, 0]}, "properties": {"name": "Напрямок удару /// Direction of attack /// geoJSON.status.attack_direction\n", "styleUrl": "#icon-1899-0288D1", "styleHash": "-77fd1820", "styleMapHash": {"normal": "#icon-1899-0288D1-normal", "highlight": "#icon-1899-0288D1-highlight"}, "description": "{icon=arrow_10}", "icon-scale": 1, "icon-offset": [32, 64], "icon": "images/icon-2.png", "label-scale": 0}}, {"type": "Feature", "geometry": {"type": "Point", "coordinates": [37.7321278, 49.9602214, 0]}, "properties": {"name": "Напрямок удару /// Direction of attack /// geoJSON.status.attack_direction\n", "styleUrl": "#icon-1899-0288D1", "styleHash": "-77fd1820", "styleMapHash": {"normal": "#icon-1899-0288D1-normal", "highlight": "#icon-1899-0288D1-highlight"}, "description": "{icon=arrow_12}", "icon-scale": 1, "icon-offset": [32, 64], "icon": "images/icon-2.png", "label-scale": 0}}, {"type": "Feature", "geometry": {"type": "Point", "coordinates": [37.9198598, 48.9163252, 0]}, "properties": {"name": "Напрямок удару /// Direction of attack /// geoJSON.status.attack_direction\n", "styleUrl": "#icon-1899-0288D1", "styleHash": "-77fd1820", "styleMapHash": {"normal": "#icon-1899-0288D1-normal", "highlight": "#icon-1899-0288D1-highlight"}, "description": "{icon=arrow_9}", "icon-scale": 1, "icon-offset": [32, 64], "icon": "images/icon-2.png", "label-scale": 0}}, {"type": "Feature", "geometry": {"type": "Point", "coordinates": [37.6523588, 49.8867992, 0]}, "properties": {"name": "Напрямок удару /// Direction of attack /// geoJSON.status.attack_direction\n", "styleUrl": "#icon-1899-0288D1", "styleHash": "-77fd1820", "styleMapHash": {"normal": "#icon-1899-0288D1-normal", "highlight": "#icon-1899-0288D1-highlight"}, "description": "{icon=arrow_14}", "icon-scale": 1, "icon-offset": [32, 64], "icon": "images/icon-2.png", "label-scale": 0}}, {"type": "Feature", "geometry": {"type": "Point", "coordinates": [17.1077996, 48.1490886, 0]}, "properties": {"name": "Проросійський клоун Фіцо /// Pro-Russian clown Fico /// geoJSON.fitso\n", "styleUrl": "#icon-1899-0288D1", "styleHash": "-77fd1820", "styleMapHash": {"normal": "#icon-1899-0288D1-normal", "highlight": "#icon-1899-0288D1-highlight"}, "description": "{icon=clown}", "icon-scale": 1, "icon-offset": [32, 64], "icon": "images/icon-2.png", "label-scale": 0}}, {"type": "Feature", "geometry": {"type": "Point", "coordinates": [37.6294428, 49.777268, 0]}, "properties": {"name": "Напрямок удару /// Direction of attack /// geoJSON.status.attack_direction\n", "styleUrl": "#icon-1899-0288D1", "styleHash": "-77fd1820", "styleMapHash": {"normal": "#icon-1899-0288D1-normal", "highlight": "#icon-1899-0288D1-highlight"}, "description": "{icon=arrow_8}", "icon-scale": 1, "icon-offset": [32, 64], "icon": "images/icon-2.png", "label-scale": 0}}, {"type": "Feature", "geometry": {"type": "Point", "coordinates": [35.0007095, 51.102594, 0]}, "properties": {"name": "Напрямок удару /// Direction of attack /// geoJSON.status.attack_direction\n", "styleUrl": "#icon-1899-0288D1", "styleHash": "-77fd1820", "styleMapHash": {"normal": "#icon-1899-0288D1-normal", "highlight": "#icon-1899-0288D1-highlight"}, "description": "{icon=arrow_9}", "icon-scale": 1, "icon-offset": [32, 64], "icon": "images/icon-2.png", "label-scale": 0}}, {"type": "Feature", "geometry": {"type": "Point", "coordinates": [34.9751321, 51.1081183, 0]}, "properties": {"name": "Напрямок удару /// Direction of attack /// geoJSON.status.attack_direction\n", "styleUrl": "#icon-1899-0288D1", "styleHash": "-77fd1820", "styleMapHash": {"normal": "#icon-1899-0288D1-normal", "highlight": "#icon-1899-0288D1-highlight"}, "description": "{icon=arrow_8}", "icon-scale": 1, "icon-offset": [32, 64], "icon": "images/icon-2.png", "label-scale": 0}}, {"type": "Feature", "geometry": {"type": "Point", "coordinates": [34.8408081, 51.1182501, 0]}, "properties": {"name": "Напрямок удару /// Direction of attack /// geoJSON.status.attack_direction\n", "styleUrl": "#icon-1899-0288D1", "styleHash": "-77fd1820", "styleMapHash": {"normal": "#icon-1899-0288D1-normal", "highlight": "#icon-1899-0288D1-highlight"}, "description": "{icon=arrow_9}", "icon-scale": 1, "icon-offset": [32, 64], "icon": "images/icon-2.png", "label-scale": 0}}, {"type": "Feature", "geometry": {"type": "Point", "coordinates": [35.3180476, 50.944717, 0]}, "properties": {"name": "Напрямок удару /// Direction of attack /// geoJSON.status.attack_direction\n", "styleUrl": "#icon-1899-0288D1", "styleHash": "-77fd1820", "styleMapHash": {"normal": "#icon-1899-0288D1-normal", "highlight": "#icon-1899-0288D1-highlight"}, "description": "{icon=arrow_9}", "icon-scale": 1, "icon-offset": [32, 64], "icon": "images/icon-2.png", "label-scale": 0}}, {"type": "Feature", "geometry": {"type": "Point", "coordinates": [34.3014315, 51.7221839, 0]}, "properties": {"name": "Напрямок удару /// Direction of attack /// geoJSON.status.attack_direction\n", "styleUrl": "#icon-1899-0288D1", "styleHash": "-77fd1820", "styleMapHash": {"normal": "#icon-1899-0288D1-normal", "highlight": "#icon-1899-0288D1-highlight"}, "description": "{icon=arrow_16}", "icon-scale": 1, "icon-offset": [32, 64], "icon": "images/icon-2.png", "label-scale": 0}}, {"type": "Feature", "geometry": {"type": "Point", "coordinates": [35.4101118, 50.7352503, 0]}, "properties": {"name": "Напрямок удару /// Direction of attack /// geoJSON.status.attack_direction\n", "styleUrl": "#icon-1899-0288D1", "styleHash": "-77fd1820", "styleMapHash": {"normal": "#icon-1899-0288D1-normal", "highlight": "#icon-1899-0288D1-highlight"}, "description": "{icon=arrow_12}", "icon-scale": 1, "icon-offset": [32, 64], "icon": "images/icon-2.png", "label-scale": 0}}, {"type": "Feature", "geometry": {"type": "Point", "coordinates": [35.3529413, 50.9186876, 0]}, "properties": {"name": "Напрямок удару /// Direction of attack /// geoJSON.status.attack_direction\n", "styleUrl": "#icon-1899-0288D1", "styleHash": "-77fd1820", "styleMapHash": {"normal": "#icon-1899-0288D1-normal", "highlight": "#icon-1899-0288D1-highlight"}, "description": "{icon=arrow_10}", "icon-scale": 1, "icon-offset": [32, 64], "icon": "images/icon-2.png", "label-scale": 0}}, {"type": "Feature", "geometry": {"type": "Point", "coordinates": [37.7921879, 48.6874827, 0]}, "properties": {"name": "Напрямок удару /// Direction of attack /// geoJSON.status.attack_direction\n", "styleUrl": "#icon-1899-0288D1", "styleHash": "-77fd1820", "styleMapHash": {"normal": "#icon-1899-0288D1-normal", "highlight": "#icon-1899-0288D1-highlight"}, "description": "{icon=arrow_12}", "icon-scale": 1, "icon-offset": [32, 64], "icon": "images/icon-2.png", "label-scale": 0}}, {"type": "Feature", "geometry": {"type": "Point", "coordinates": [37.202582, 48.354684, 0]}, "properties": {"name": "Напрямок удару /// Direction of attack /// geoJSON.status.attack_direction\n", "styleUrl": "#icon-1899-0288D1", "styleHash": "-77fd1820", "styleMapHash": {"normal": "#icon-1899-0288D1-normal", "highlight": "#icon-1899-0288D1-highlight"}, "description": "{icon=arrow_12}", "icon-scale": 1, "icon-offset": [32, 64], "icon": "images/icon-2.png", "label-scale": 0}}, {"type": "Feature", "geometry": {"type": "Point", "coordinates": [37.4528272, 50.4285761, 0]}, "properties": {"name": "Напрямок удару /// Direction of attack /// geoJSON.status.attack_direction\n", "styleUrl": "#icon-1899-0288D1", "styleHash": "-77fd1820", "styleMapHash": {"normal": "#icon-1899-0288D1-normal", "highlight": "#icon-1899-0288D1-highlight"}, "description": "{icon=arrow_9}", "icon-scale": 1, "icon-offset": [32, 64], "icon": "images/icon-2.png", "label-scale": 0}}, {"type": "Feature", "geometry": {"type": "Point", "coordinates": [37.0700365, 48.3489576, 0]}, "properties": {"name": "Напрямок удару /// Direction of attack /// geoJSON.status.attack_direction\n", "styleUrl": "#icon-1899-0288D1", "styleHash": "-77fd1820", "styleMapHash": {"normal": "#icon-1899-0288D1-normal", "highlight": "#icon-1899-0288D1-highlight"}, "description": "{icon=arrow_16}", "icon-scale": 1, "icon-offset": [32, 64], "icon": "images/icon-2.png", "label-scale": 0}}, {"type": "Feature", "geometry": {"type": "Point", "coordinates": [37.2623038, 48.4431154, 0]}, "properties": {"name": "Напрямок удару /// Direction of attack /// geoJSON.status.attack_direction\n", "styleUrl": "#icon-1899-0288D1", "styleHash": "-77fd1820", "styleMapHash": {"normal": "#icon-1899-0288D1-normal", "highlight": "#icon-1899-0288D1-highlight"}, "description": "{icon=arrow_15}", "icon-scale": 1, "icon-offset": [32, 64], "icon": "images/icon-2.png", "label-scale": 0}}, {"type": "Feature", "geometry": {"type": "Point", "coordinates": [37.7029623, 49.7382257, 0]}, "properties": {"name": "Напрямок удару /// Direction of attack /// geoJSON.status.attack_direction\n", "styleUrl": "#icon-1899-0288D1", "styleHash": "-77fd1820", "styleMapHash": {"normal": "#icon-1899-0288D1-normal", "highlight": "#icon-1899-0288D1-highlight"}, "description": "{icon=arrow_9}", "icon-scale": 1, "icon-offset": [32, 64], "icon": "images/icon-2.png", "label-scale": 0}}, {"type": "Feature", "geometry": {"type": "Point", "coordinates": [36.9459519, 50.2640227, 0]}, "properties": {"name": "Напрямок удару /// Direction of attack /// geoJSON.status.attack_direction\n", "styleUrl": "#icon-1899-0288D1", "styleHash": "-77fd1820", "styleMapHash": {"normal": "#icon-1899-0288D1-normal", "highlight": "#icon-1899-0288D1-highlight"}, "description": "{icon=arrow_9}", "icon-scale": 1, "icon-offset": [32, 64], "icon": "images/icon-2.png", "label-scale": 0}}, {"type": "Feature", "geometry": {"type": "Point", "coordinates": [36.8891738, 50.2488988, 0]}, "properties": {"name": "Напрямок удару /// Direction of attack /// geoJSON.status.attack_direction\n", "styleUrl": "#icon-1899-0288D1", "styleHash": "-77fd1820", "styleMapHash": {"normal": "#icon-1899-0288D1-normal", "highlight": "#icon-1899-0288D1-highlight"}, "description": "{icon=arrow_8}", "icon-scale": 1, "icon-offset": [32, 64], "icon": "images/icon-2.png", "label-scale": 0}}, {"type": "Feature", "geometry": {"type": "Point", "coordinates": [36.1944176, 47.7597532, 0]}, "properties": {"name": "Напрямок удару /// Direction of attack /// geoJSON.status.attack_direction\n", "styleUrl": "#icon-1899-0288D1", "styleHash": "-77fd1820", "styleMapHash": {"normal": "#icon-1899-0288D1-normal", "highlight": "#icon-1899-0288D1-highlight"}, "description": "{icon=arrow_12}", "icon-scale": 1, "icon-offset": [32, 64], "icon": "images/icon-2.png", "label-scale": 0}}, {"type": "Feature", "geometry": {"type": "Point", "coordinates": [37.8235116, 48.7375637, 0]}, "properties": {"name": "Напрямок удару /// Direction of attack /// geoJSON.status.attack_direction\n", "styleUrl": "#icon-1899-0288D1", "styleHash": "-77fd1820", "styleMapHash": {"normal": "#icon-1899-0288D1-normal", "highlight": "#icon-1899-0288D1-highlight"}, "description": "{icon=arrow_14}", "icon-scale": 1, "icon-offset": [32, 64], "icon": "images/icon-2.png", "label-scale": 0}}, {"type": "Feature", "geometry": {"type": "Point", "coordinates": [36.9087382, 48.1070075, 0]}, "properties": {"name": "Напрямок удару /// Direction of attack /// geoJSON.status.attack_direction\n", "styleUrl": "#icon-1899-0288D1", "styleHash": "-77fd1820", "styleMapHash": {"normal": "#icon-1899-0288D1-normal", "highlight": "#icon-1899-0288D1-highlight"}, "description": "{icon=arrow_12}", "icon-scale": 1, "icon-offset": [32, 64], "icon": "images/icon-2.png", "label-scale": 0}}, {"type": "Feature", "geometry": {"type": "Point", "coordinates": [37.1460248, 50.3496554, 0]}, "properties": {"name": "Напрямок удару /// Direction of attack /// geoJSON.status.attack_direction\n", "styleUrl": "#icon-1899-0288D1", "styleHash": "-77fd1820", "styleMapHash": {"normal": "#icon-1899-0288D1-normal", "highlight": "#icon-1899-0288D1-highlight"}, "description": "{icon=arrow_8}", "icon-scale": 1, "icon-offset": [32, 64], "icon": "images/icon-2.png", "label-scale": 0}}, {"type": "Feature", "geometry": {"type": "Point", "coordinates": [37.9808564, 49.7140644, 0]}, "properties": {"name": "7-й окремий розвідувальний батальйон зі складу 47-ї ТД/// 7th separate reconnaissance battalion  from the 47th TD /// geoJSON.units.battalion.7-reconnaissance\n", "styleUrl": "#icon-ci-3", "styleHash": "7c36a64e", "styleMapHash": {"normal": "#icon-ci-3-normal", "highlight": "#icon-ci-3-highlight"}, "description": "{icon=enemy}", "icon-scale": 1.1, "icon": "images/icon-3.png", "label-scale": 0}}, {"type": "Feature", "geometry": {"type": "Point", "coordinates": [36.922744, 50.3534485, 0]}, "properties": {"name": "Добровольча розвідувально-штурмова бригада \"александр нєвскій\" /// Voluntary reconnaissance and assault brigade \"Alexander Nevsky\" /// geoJSON.units.brigade.nevskyi", "styleUrl": "#icon-ci-3", "styleHash": "7c36a64e", "styleMapHash": {"normal": "#icon-ci-3-normal", "highlight": "#icon-ci-3-highlight"}, "description": "{icon=enemy}", "icon-scale": 1.1, "icon": "images/icon-3.png", "label-scale": 0}}, {"type": "Feature", "geometry": {"type": "Point", "coordinates": [38.217915, 48.8676234, 0]}, "properties": {"name": "127-ма окрема мотострілецька бригада /// 127th separate motorized rifle brigade /// geoJSON.units.brigade.127-motorized-rifle", "styleUrl": "#icon-ci-3", "styleHash": "7c36a64e", "styleMapHash": {"normal": "#icon-ci-3-normal", "highlight": "#icon-ci-3-highlight"}, "description": "{icon=enemy}", "icon-scale": 1.1, "icon": "images/icon-3.png", "label-scale": 0}}, {"type": "Feature", "geometry": {"type": "Point", "coordinates": [38.900287, 49.293502, 0]}, "properties": {"name": "41-ша загальновійськова армія /// 41st Combined Arms Army /// geoJSON.units.army.41-combined-arms", "styleUrl": "#icon-ci-4", "styleHash": "68ca4416", "styleMapHash": {"normal": "#icon-ci-4-normal", "highlight": "#icon-ci-4-highlight"}, "description": "{icon=headquarter}", "icon-scale": 1.1, "icon-offset": [16, 16], "icon": "images/icon-4.png", "label-scale": 0}}, {"type": "Feature", "geometry": {"type": "Point", "coordinates": [37.969827, 49.473927, 0]}, "properties": {"name": "5-й загін БАРС /// 5nd squad BARS /// geoJSON.units.bars.5", "styleUrl": "#icon-ci-3", "styleHash": "7c36a64e", "styleMapHash": {"normal": "#icon-ci-3-normal", "highlight": "#icon-ci-3-highlight"}, "description": "{icon=enemy}", "icon-scale": 1.1, "icon": "images/icon-3.png", "label-scale": 0}}, {"type": "Feature", "geometry": {"type": "Point", "coordinates": [39.620551, 49.1203, 0]}, "properties": {"name": "20-та загальновійськова армія /// 20th combined-arms army /// geoJSON.units.army.20-combined-arms", "styleUrl": "#icon-ci-4", "styleHash": "68ca4416", "styleMapHash": {"normal": "#icon-ci-4-normal", "highlight": "#icon-ci-4-highlight"}, "description": "{icon=headquarter}", "icon-scale": 1.1, "icon-offset": [16, 16], "icon": "images/icon-4.png", "label-scale": 0}}, {"type": "Feature", "geometry": {"type": "Point", "coordinates": [37.9137262, 49.2065639, 0]}, "properties": {"name": "3-тя мотострілецька дивізія (в/ч 54046) /// 3rd Motor Rifle Division /// geoJSON.units.division.3-motorized-rifle", "styleUrl": "#icon-ci-3", "styleHash": "7c36a64e", "styleMapHash": {"normal": "#icon-ci-3-normal", "highlight": "#icon-ci-3-highlight"}, "description": "{icon=enemy}", "icon-scale": 1.1, "icon": "images/icon-3.png", "label-scale": 0}}, {"type": "Feature", "geometry": {"type": "Point", "coordinates": [37.9822167, 49.1369633, 0]}, "properties": {"name": "144-та мотострілецька дивізія /// 144th Guards Motor Rifle Division /// geoJSON.units.division.144-motorized-rifle", "styleUrl": "#icon-ci-3", "styleHash": "7c36a64e", "styleMapHash": {"normal": "#icon-ci-3-normal", "highlight": "#icon-ci-3-highlight"}, "description": "{icon=enemy}", "icon-scale": 1.1, "icon": "images/icon-3.png", "label-scale": 0}}, {"type": "Feature", "geometry": {"type": "Point", "coordinates": [37.8885408, 49.1874771, 0]}, "properties": {"name": "488-й мотострілецький полк (зі складу 144 мсд) /// 488th Motor Rifle Regiment (from the composition of 144 MRD) /// geoJSON.units.regiment.488-motorized-rifle", "styleUrl": "#icon-ci-3", "styleHash": "7c36a64e", "styleMapHash": {"normal": "#icon-ci-3-normal", "highlight": "#icon-ci-3-highlight"}, "description": "{icon=enemy}", "icon-scale": 1.1, "icon": "images/icon-3.png", "label-scale": 0}}, {"type": "Feature", "geometry": {"type": "Point", "coordinates": [37.9156468, 49.6075721, 0]}, "properties": {"name": "1431-й мотострілецький полк територіальних військ /// 1431st motorized rifle regiment of territorial troops /// geoJSON.units.regiment.1431-motorised-rifle\n", "styleUrl": "#icon-ci-3", "styleHash": "7c36a64e", "styleMapHash": {"normal": "#icon-ci-3-normal", "highlight": "#icon-ci-3-highlight"}, "description": "{icon=enemy}", "icon-scale": 1.1, "icon": "images/icon-3.png", "label-scale": 0}}, {"type": "Feature", "geometry": {"type": "Point", "coordinates": [38.143915, 49.430217, 0]}, "properties": {"name": "4-та танкова Кантемирівська дивізія (в/ч 19612) /// 4th Guards Tank Division /// geoJSON.units.division.4-tank", "styleUrl": "#icon-ci-4", "styleHash": "68ca4416", "styleMapHash": {"normal": "#icon-ci-4-normal", "highlight": "#icon-ci-4-highlight"}, "description": "{icon=headquarter}", "icon-scale": 1.1, "icon-offset": [16, 16], "icon": "images/icon-4.png", "label-scale": 0}}, {"type": "Feature", "geometry": {"type": "Point", "coordinates": [37.2133546, 48.2550992, 0]}, "properties": {"name": "90-та танкова дивізія (в/ч 86274) /// 90th tank division /// geoJSON.units.division.90-tank", "styleUrl": "#icon-ci-3", "styleHash": "7c36a64e", "styleMapHash": {"normal": "#icon-ci-3-normal", "highlight": "#icon-ci-3-highlight"}, "description": "{icon=enemy}", "icon-scale": 1.1, "icon": "images/icon-3.png", "label-scale": 0}}, {"type": "Feature", "geometry": {"type": "Point", "coordinates": [38.040229, 49.386881, 0]}, "properties": {"name": "423-й мотострілецький полк (в/ч 91701) /// 423rd Guards Yampolsky Motor Rifle Regiment /// geoJSON.units.regiment.423-motorized-rifle", "styleUrl": "#icon-ci-3", "styleHash": "7c36a64e", "styleMapHash": {"normal": "#icon-ci-3-normal", "highlight": "#icon-ci-3-highlight"}, "description": "{icon=enemy}", "icon-scale": 1.1, "icon": "images/icon-3.png", "label-scale": 0}}, {"type": "Feature", "geometry": {"type": "Point", "coordinates": [38.2759827, 48.9778451, 0]}, "properties": {"name": "БАРС-7 /// 7nd squad BARS /// geoJSON.units.bars.7", "styleUrl": "#icon-ci-3", "styleHash": "7c36a64e", "styleMapHash": {"normal": "#icon-ci-3-normal", "highlight": "#icon-ci-3-highlight"}, "description": "{icon=enemy}", "icon-scale": 1.1, "icon": "images/icon-3.png", "label-scale": 0}}, {"type": "Feature", "geometry": {"type": "Point", "coordinates": [37.6417427, 49.8036381, 0]}, "properties": {"name": "27-ма окрема мотострілецька бригада (в/ч 61899) /// 27th Separate Guards Motor Rifle Brigade /// geoJSON.units.brigade.27-motorized-rifle", "styleUrl": "#icon-ci-3", "styleHash": "7c36a64e", "styleMapHash": {"normal": "#icon-ci-3-normal", "highlight": "#icon-ci-3-highlight"}, "description": "{icon=enemy}", "icon-scale": 1.1, "icon": "images/icon-3.png", "label-scale": 0}}, {"type": "Feature", "geometry": {"type": "Point", "coordinates": [37.99726, 49.1804888, 0]}, "properties": {"name": "2-га мотострілецька дивізія зі складу 1-ї ТА /// 2nd motorized rifle division from the 1st TA /// geoJSON.units.division.2-motorized-rifle", "styleUrl": "#icon-ci-3", "styleHash": "7c36a64e", "styleMapHash": {"normal": "#icon-ci-3-normal", "highlight": "#icon-ci-3-highlight"}, "description": "{icon=enemy}", "icon-scale": 1.1, "icon": "images/icon-3.png", "label-scale": 0}}, {"type": "Feature", "geometry": {"type": "Point", "coordinates": [36.888271, 50.380672, 0]}, "properties": {"name": "26-й танковий полк зі складу 47-ї ТД /// 26th Tank Regiment from the 47th TD /// geoJSON.units.regiment.26-tank", "styleUrl": "#icon-ci-3", "styleHash": "7c36a64e", "styleMapHash": {"normal": "#icon-ci-3-normal", "highlight": "#icon-ci-3-highlight"}, "description": "{icon=enemy}", "icon-scale": 1.1, "icon": "images/icon-3.png", "label-scale": 0}}, {"type": "Feature", "geometry": {"type": "Point", "coordinates": [38.0737421, 49.9745056, 0]}, "properties": {"name": "138-ма окрема мотострілецька бригада /// 138th Separate Guards Motor Rifle Brigade /// geoJSON.units.brigade.138-motorized-rifle", "styleUrl": "#icon-ci-3", "styleHash": "7c36a64e", "styleMapHash": {"normal": "#icon-ci-3-normal", "highlight": "#icon-ci-3-highlight"}, "description": "{icon=enemy}", "icon-scale": 1.1, "icon": "images/icon-3.png", "label-scale": 0}}, {"type": "Feature", "geometry": {"type": "Point", "coordinates": [37.8918802, 49.4251482, 0]}, "properties": {"name": "25-та окрема мотострілецька бригада /// 25th Separate Guards Motor Rifle Brigade /// geoJSON.units.brigade.25-motorized-rifle", "styleUrl": "#icon-ci-3", "styleHash": "7c36a64e", "styleMapHash": {"normal": "#icon-ci-3-normal", "highlight": "#icon-ci-3-highlight"}, "description": "{icon=enemy}", "icon-scale": 1.1, "icon": "images/icon-3.png", "label-scale": 0}}, {"type": "Feature", "geometry": {"type": "Point", "coordinates": [38.1051163, 50.2408018, 0]}, "properties": {"name": "245-й гвардійський мотострілецький полк /// 245th Guards Motor Rifle Regiment /// geoJSON.units.regiment.245-motorized-rifle", "styleUrl": "#icon-ci-3", "styleHash": "7c36a64e", "styleMapHash": {"normal": "#icon-ci-3-normal", "highlight": "#icon-ci-3-highlight"}, "description": "{icon=enemy}", "icon-scale": 1.1, "icon": "images/icon-3.png", "label-scale": 0}}, {"type": "Feature", "geometry": {"type": "Point", "coordinates": [37.6938571, 49.7831024, 0]}, "properties": {"name": "122-й мотострілецький полк /// 122nd motorized rifle regiment /// geoJSON.units.regiment.122-motorized-rifle\n", "styleUrl": "#icon-ci-3", "styleHash": "7c36a64e", "styleMapHash": {"normal": "#icon-ci-3-normal", "highlight": "#icon-ci-3-highlight"}, "description": "{icon=enemy}", "icon-scale": 1.1, "icon": "images/icon-3.png", "label-scale": 0}}, {"type": "Feature", "geometry": {"type": "Point", "coordinates": [37.1589431, 48.2085494, 0]}, "properties": {"name": "385-та артилерійська бригада /// 385th Artillery Brigade /// geoJSON.units.brigade.385-artillery", "styleUrl": "#icon-ci-3", "styleHash": "7c36a64e", "styleMapHash": {"normal": "#icon-ci-3-normal", "highlight": "#icon-ci-3-highlight"}, "description": "{icon=enemy}", "icon-scale": 1.1, "icon": "images/icon-3.png", "label-scale": 0}}, {"type": "Feature", "geometry": {"type": "Point", "coordinates": [38.006843, 48.9980049, 0]}, "properties": {"name": "169-та окрема мотострілецька бригада /// 169th separate motorized rifle brigade /// geoJSON.units.brigade.169-motorized-rifle\n", "styleUrl": "#icon-ci-3", "styleHash": "7c36a64e", "styleMapHash": {"normal": "#icon-ci-3-normal", "highlight": "#icon-ci-3-highlight"}, "description": "{icon=enemy}", "icon-scale": 1.1, "icon": "images/icon-3.png", "label-scale": 0}}, {"type": "Feature", "geometry": {"type": "Point", "coordinates": [38.3549388, 48.9808892, 0]}, "properties": {"name": "123-та артилерійська бригада /// 123rd Artillery Brigade /// geoJSON.units.brigade.123-artillery", "styleUrl": "#icon-ci-3", "styleHash": "7c36a64e", "styleMapHash": {"normal": "#icon-ci-3-normal", "highlight": "#icon-ci-3-highlight"}, "description": "{icon=enemy}", "icon-scale": 1.1, "icon": "images/icon-3.png", "label-scale": 0}}, {"type": "Feature", "geometry": {"type": "Point", "coordinates": [29.470501, 46.826183, 0]}, "properties": {"name": "82-й окремий гвардійський мотострілковий батальйон /// 82nd Detached Guards Motorized Rifle Battalion /// geoJSON.units.battalion.820-guards-motorized-rifle", "styleUrl": "#icon-ci-3", "styleHash": "7c36a64e", "styleMapHash": {"normal": "#icon-ci-3-normal", "highlight": "#icon-ci-3-highlight"}, "description": "{icon=enemy}", "icon-scale": 1.1, "icon": "images/icon-3.png", "label-scale": 0}}, {"type": "Feature", "geometry": {"type": "Point", "coordinates": [36.7750985, 48.0461211, 0]}, "properties": {"name": "36-та окрема мотострілецька бригада (в/ч 41659) /// 36th Separate Guards Motor Rifle Brigade /// geoJSON.units.brigade.36-motorized-rifle\n", "styleUrl": "#icon-ci-3", "styleHash": "7c36a64e", "styleMapHash": {"normal": "#icon-ci-3-normal", "highlight": "#icon-ci-3-highlight"}, "description": "{icon=enemy}", "icon-scale": 1.1, "icon": "images/icon-3.png", "label-scale": 0}}, {"type": "Feature", "geometry": {"type": "Point", "coordinates": [37.7794393, 49.8235871, 0]}, "properties": {"name": "1843-й мотострілецький батальйон /// 1843rd motorized rifle battalion /// geoJSON.units.battalion.1843-motorized-rifle", "styleUrl": "#icon-ci-3", "styleHash": "7c36a64e", "styleMapHash": {"normal": "#icon-ci-3-normal", "highlight": "#icon-ci-3-highlight"}, "description": "{icon=enemy}", "icon-scale": 1.1, "icon": "images/icon-3.png", "label-scale": 0}}, {"type": "Feature", "geometry": {"type": "Point", "coordinates": [37.9153874, 49.6528864, 0]}, "properties": {"name": "347-й мотострілецький полк /// 347th motorized rifle regiment /// geoJSON.units.regiment.347-motorized-rifle", "styleUrl": "#icon-ci-3", "styleHash": "7c36a64e", "styleMapHash": {"normal": "#icon-ci-3-normal", "highlight": "#icon-ci-3-highlight"}, "description": "{icon=enemy}", "icon-scale": 1.1, "icon": "images/icon-3.png", "label-scale": 0}}, {"type": "Feature", "geometry": {"type": "Point", "coordinates": [38.0283328, 48.9691819, 0]}, "properties": {"name": "164-та окрема мотострілецька бригада /// 164th Mountain Motor Rifle Brigade /// geoJSON.units.brigade.164-motorized-rifle\n", "styleUrl": "#icon-ci-3", "styleHash": "7c36a64e", "styleMapHash": {"normal": "#icon-ci-3-normal", "highlight": "#icon-ci-3-highlight"}, "description": "{icon=enemy}", "icon-scale": 1.1, "icon": "images/icon-3.png", "label-scale": 0}}, {"type": "Feature", "geometry": {"type": "Point", "coordinates": [37.9869796, 49.2295947, 0]}, "properties": {"name": "252-й мотострілецький полк ///252nd motorized rifle regiment /// geoJSON.units.regiment.252-motorized-rifle", "styleUrl": "#icon-ci-3", "styleHash": "7c36a64e", "styleMapHash": {"normal": "#icon-ci-3-normal", "highlight": "#icon-ci-3-highlight"}, "description": "{icon=enemy}", "icon-scale": 1.1, "icon": "images/icon-3.png", "label-scale": 0}}, {"type": "Feature", "geometry": {"type": "Point", "coordinates": [38.0268309, 49.2773255, 0]}, "properties": {"name": "237-й танковий полк///237th tank regiment /// geoJSON.units.regiment.237-tank", "styleUrl": "#icon-ci-3", "styleHash": "7c36a64e", "styleMapHash": {"normal": "#icon-ci-3-normal", "highlight": "#icon-ci-3-highlight"}, "description": "{icon=enemy}", "icon-scale": 1.1, "icon": "images/icon-3.png", "label-scale": 0}}, {"type": "Feature", "geometry": {"type": "Point", "coordinates": [38.0325726, 49.6237022, 0]}, "properties": {"name": "47-ма танкова дивізія///47th tank division /// geoJSON.units.division.47-tank", "styleUrl": "#icon-ci-3", "styleHash": "7c36a64e", "styleMapHash": {"normal": "#icon-ci-3-normal", "highlight": "#icon-ci-3-highlight"}, "description": "{icon=enemy}", "icon-scale": 1.1, "icon": "images/icon-3.png", "label-scale": 0}}, {"type": "Feature", "geometry": {"type": "Point", "coordinates": [37.5581906, 48.2888969, 0]}, "properties": {"name": "79-й гвардійський мотострілковий полк///79th Guards Motorized Rifle Regiment /// geoJSON.units.regiment.79-guards-motorized-rifle", "styleUrl": "#icon-ci-3", "styleHash": "7c36a64e", "styleMapHash": {"normal": "#icon-ci-3-normal", "highlight": "#icon-ci-3-highlight"}, "description": "{icon=enemy}", "icon-scale": 1.1, "icon": "images/icon-3.png", "label-scale": 0}}, {"type": "Feature", "geometry": {"type": "Point", "coordinates": [37.7722369, 49.8557812, 0]}, "properties": {"name": "9-та артилерійська бригада///9th Guards Artillery Brigade /// geoJSON.units.brigade.9-artillery\n", "styleUrl": "#icon-ci-3", "styleHash": "7c36a64e", "styleMapHash": {"normal": "#icon-ci-3-normal", "highlight": "#icon-ci-3-highlight"}, "description": "{icon=enemy}", "icon-scale": 1.1, "icon": "images/icon-3.png", "label-scale": 0}}, {"type": "Feature", "geometry": {"type": "Point", "coordinates": [37.8685257, 49.1203065, 0]}, "properties": {"name": "15-й гвардійський мотострілковий полк ///15th Guards Motor Rifle Regiment /// geoJSON.units.regiment.15-guards-motorized-rifle", "styleUrl": "#icon-ci-3", "styleHash": "7c36a64e", "styleMapHash": {"normal": "#icon-ci-3-normal", "highlight": "#icon-ci-3-highlight"}, "description": "{icon=enemy}", "icon-scale": 1.1, "icon": "images/icon-3.png", "label-scale": 0}}, {"type": "Feature", "geometry": {"type": "Point", "coordinates": [37.9090127, 49.1078543, 0]}, "properties": {"name": "1-й гвардійський мотострілковий полк ///1st Guards Motor Rifle Regiment  /// geoJSON.units.regiment.1-guards-motorized-rifle", "styleUrl": "#icon-ci-3", "styleHash": "7c36a64e", "styleMapHash": {"normal": "#icon-ci-3-normal", "highlight": "#icon-ci-3-highlight"}, "description": "{icon=enemy}", "icon-scale": 1.1, "icon": "images/icon-3.png", "label-scale": 0}}, {"type": "Feature", "geometry": {"type": "Point", "coordinates": [36.9311201, 50.3941288, 0]}, "properties": {"name": "153-й танковий полк зі складу 47-ї ТД, 1-ї ТА /// 153rd Tank Regiment from the 47th TD, 1st TA /// geoJSON.units.regiment.153-tank\n", "styleUrl": "#icon-ci-3", "styleHash": "7c36a64e", "styleMapHash": {"normal": "#icon-ci-3-normal", "highlight": "#icon-ci-3-highlight"}, "description": "{icon=enemy}", "icon-scale": 1.1, "icon": "images/icon-3.png", "label-scale": 0}}, {"type": "Feature", "geometry": {"type": "Point", "coordinates": [37.9182881, 49.1441744, 0]}, "properties": {"name": "59-й танковий полк (зі складу 144 мсд)///59th tank regiment (from the composition of 144 MRD) /// geoJSON.units.regiment.59-tank", "styleUrl": "#icon-ci-3", "styleHash": "7c36a64e", "styleMapHash": {"normal": "#icon-ci-3-normal", "highlight": "#icon-ci-3-highlight"}, "description": "{icon=enemy}", "icon-scale": 1.1, "icon": "images/icon-3.png", "label-scale": 0}}, {"type": "Feature", "geometry": {"type": "Point", "coordinates": [38.1020176, 49.5813778, 0]}, "properties": {"name": "1432-й мотострілецький полк територіальних військ /// 1432nd motorized rifle regiment of territorial troops /// geoJSON.units.regiment.1432-motorized-rifle\n", "styleUrl": "#icon-ci-3", "styleHash": "7c36a64e", "styleMapHash": {"normal": "#icon-ci-3-normal", "highlight": "#icon-ci-3-highlight"}, "description": "{icon=enemy}", "icon-scale": 1.1, "icon": "images/icon-3.png", "label-scale": 0}}, {"type": "Feature", "geometry": {"type": "Point", "coordinates": [37.8753797, 49.1690941, 0]}, "properties": {"name": "856-й самохідний артилерійський полк (зі складу 144 мсд) /// 856th self-propelled artillery regiment (from the composition of 144 MRD) /// geoJSON.units.regiment.856-self-propelled-artillery", "styleUrl": "#icon-ci-3", "styleHash": "7c36a64e", "styleMapHash": {"normal": "#icon-ci-3-normal", "highlight": "#icon-ci-3-highlight"}, "description": "{icon=enemy}", "icon-scale": 1.1, "icon": "images/icon-3.png", "label-scale": 0}}, {"type": "Feature", "geometry": {"type": "Point", "coordinates": [37.9598334, 49.2159879, 0]}, "properties": {"name": "283-й мотострілецький полк (зі складу 144 мсд)///283rd motorizedrifle regiment (from the composition of 144 MRD) /// geoJSON.units.regiment.283-motorized-rifle\n", "styleUrl": "#icon-ci-3", "styleHash": "7c36a64e", "styleMapHash": {"normal": "#icon-ci-3-normal", "highlight": "#icon-ci-3-highlight"}, "description": "{icon=enemy}", "icon-scale": 1.1, "icon": "images/icon-3.png", "label-scale": 0}}, {"type": "Feature", "geometry": {"type": "Point", "coordinates": [36.4359761, 50.2785484, 0]}, "properties": {"name": "380-й мотострілецький полк /// 380th Motor Rifle Regiment /// geoJSON.units.regiment.380-motorized-rifle\n", "styleUrl": "#icon-ci-3", "styleHash": "7c36a64e", "styleMapHash": {"normal": "#icon-ci-3-normal", "highlight": "#icon-ci-3-highlight"}, "description": "{icon=enemy}", "icon-scale": 1.1, "icon": "images/icon-3.png", "label-scale": 0}}, {"type": "Feature", "geometry": {"type": "Point", "coordinates": [36.9593212, 48.1109876, 0]}, "properties": {"name": "137-ма окрема мотострілецька бригада /// 137th Separate Guards Motor Rifle Brigade /// geoJSON.units.brigade.137-motor-rifle\n", "styleUrl": "#icon-ci-3", "styleHash": "7c36a64e", "styleMapHash": {"normal": "#icon-ci-3-normal", "highlight": "#icon-ci-3-highlight"}, "description": "{icon=enemy}", "icon-scale": 1.1, "icon": "images/icon-3.png", "label-scale": 0}}, {"type": "Feature", "geometry": {"type": "Point", "coordinates": [36.7588274, 48.0403969, 0]}, "properties": {"name": "228-й мотострілецький полк (зі складу 90 тд)///228th motorizedrifle regiment (from the composition of 90 TD) /// geoJSON.units.regiment.228-motorized-rifle", "styleUrl": "#icon-ci-3", "styleHash": "7c36a64e", "styleMapHash": {"normal": "#icon-ci-3-normal", "highlight": "#icon-ci-3-highlight"}, "description": "{icon=enemy}", "icon-scale": 1.1, "icon": "images/icon-3.png", "label-scale": 0}}, {"type": "Feature", "geometry": {"type": "Point", "coordinates": [37.9838675, 49.0499785, 0]}, "properties": {"name": "37-й мотострілецький полк /// 37th Motor Rifle Regiment /// geoJSON.units.regiment.37-motorized-rifle", "styleUrl": "#icon-ci-3", "styleHash": "7c36a64e", "styleMapHash": {"normal": "#icon-ci-3-normal", "highlight": "#icon-ci-3-highlight"}, "description": "{icon=enemy}", "icon-scale": 1.1, "icon": "images/icon-3.png", "label-scale": 0}}, {"type": "Feature", "geometry": {"type": "Point", "coordinates": [37.915206, 49.7575245, 0]}, "properties": {"name": "30-й інженерно-саперний полк ///30th Engineer Regiment /// geoJSON.units.regiment.30-engineer", "styleUrl": "#icon-ci-3", "styleHash": "7c36a64e", "styleMapHash": {"normal": "#icon-ci-3-normal", "highlight": "#icon-ci-3-highlight"}, "description": "{icon=enemy}", "icon-scale": 1.1, "icon": "images/icon-3.png", "label-scale": 0}}, {"type": "Feature", "geometry": {"type": "Point", "coordinates": [37.8774328, 49.9710686, 0]}, "properties": {"name": "45-й інженерно-саперний полк ///45th Engineer battalion /// geoJSON.units.regiment.45-engineer\n", "styleUrl": "#icon-ci-3", "styleHash": "7c36a64e", "styleMapHash": {"normal": "#icon-ci-3-normal", "highlight": "#icon-ci-3-highlight"}, "description": "{icon=enemy}", "icon-scale": 1.1, "icon": "images/icon-3.png", "label-scale": 0}}, {"type": "Feature", "geometry": {"type": "Point", "coordinates": [38.033343, 49.0802641, 0]}, "properties": {"name": "31-й мотострілецький полк /// 31st Motor Rifle Regiment /// geoJSON.units.regiment.31-motorized-rifle\n", "styleUrl": "#icon-ci-3", "styleHash": "7c36a64e", "styleMapHash": {"normal": "#icon-ci-3-normal", "highlight": "#icon-ci-3-highlight"}, "description": "{icon=enemy}", "icon-scale": 1.1, "icon": "images/icon-3.png", "label-scale": 0}}, {"type": "Feature", "geometry": {"type": "Point", "coordinates": [37.5139839, 48.2634617, 0]}, "properties": {"name": "1438-й мотострілецький полк /// 1438nd motorized rifle regiment /// geoJSON.units.regiment.1438-motorized-rifle\n", "styleUrl": "#icon-ci-3", "styleHash": "7c36a64e", "styleMapHash": {"normal": "#icon-ci-3-normal", "highlight": "#icon-ci-3-highlight"}, "description": "{icon=enemy}", "icon-scale": 1.1, "icon": "images/icon-3.png", "label-scale": 0}}, {"type": "Feature", "geometry": {"type": "Point", "coordinates": [38.0799307, 49.2136756, 0]}, "properties": {"name": "752-й мотострілецький полк ///752nd motorized rifle regiment /// geoJSON.units.regiment.752-motorized-rifle\n", "styleUrl": "#icon-ci-3", "styleHash": "7c36a64e", "styleMapHash": {"normal": "#icon-ci-3-normal", "highlight": "#icon-ci-3-highlight"}, "description": "{icon=enemy}", "icon-scale": 1.1, "icon": "images/icon-3.png", "label-scale": 0}}, {"type": "Feature", "geometry": {"type": "Point", "coordinates": [37.9279632, 49.5515798, 0]}, "properties": {"name": "1-й танковий полк ///1st tank regiment /// geoJSON.units.regiment.1-tank\n", "styleUrl": "#icon-ci-3", "styleHash": "7c36a64e", "styleMapHash": {"normal": "#icon-ci-3-normal", "highlight": "#icon-ci-3-highlight"}, "description": "{icon=enemy}", "icon-scale": 1.1, "icon": "images/icon-3.png", "label-scale": 0}}, {"type": "Feature", "geometry": {"type": "Point", "coordinates": [37.9377989, 49.6194431, 0]}, "properties": {"name": "12-й танковий полк ///12th tank regiment /// geoJSON.units.regiment.12-tank\n", "styleUrl": "#icon-ci-3", "styleHash": "7c36a64e", "styleMapHash": {"normal": "#icon-ci-3-normal", "highlight": "#icon-ci-3-highlight"}, "description": "{icon=enemy}", "icon-scale": 1.1, "icon": "images/icon-3.png", "label-scale": 0}}, {"type": "Feature", "geometry": {"type": "Point", "coordinates": [37.9161299, 49.6444946, 0]}, "properties": {"name": "272-й мотострілковий полк ///272nd Motor Rifle Regiment /// geoJSON.units.regiment.272-motorized-rifle\n", "styleUrl": "#icon-ci-3", "styleHash": "7c36a64e", "styleMapHash": {"normal": "#icon-ci-3-normal", "highlight": "#icon-ci-3-highlight"}, "description": "{icon=enemy}", "icon-scale": 1.1, "icon": "images/icon-3.png", "label-scale": 0}}, {"type": "Feature", "geometry": {"type": "Point", "coordinates": [37.9908718, 49.0131253, 0]}, "properties": {"name": "19-й танковий полк/// 26th Tank Regiment /// geoJSON.units.regiment.19-tank", "styleUrl": "#icon-ci-3", "styleHash": "7c36a64e", "styleMapHash": {"normal": "#icon-ci-3-normal", "highlight": "#icon-ci-3-highlight"}, "description": "{icon=enemy}", "icon-scale": 1.1, "icon": "images/icon-3.png", "label-scale": 0}}, {"type": "Feature", "geometry": {"type": "Point", "coordinates": [37.8084553, 49.1605476, 0]}, "properties": {"name": "254-й мотострілковий полк ///254nd Motor Rifle Regiment /// geoJSON.units.regiment.254-motorized-rifle\n", "styleUrl": "#icon-ci-3", "styleHash": "7c36a64e", "styleMapHash": {"normal": "#icon-ci-3-normal", "highlight": "#icon-ci-3-highlight"}, "description": "{icon=enemy}", "icon-scale": 1.1, "icon": "images/icon-3.png", "label-scale": 0}}, {"type": "Feature", "geometry": {"type": "Point", "coordinates": [37.753811, 49.7757955, 0]}, "properties": {"name": "7-й мотострілецький полк /// 7th Motor Rifle Regiment  /// geoJSON.units.regiment.07-motorized-rifle\n", "styleUrl": "#icon-ci-3", "styleHash": "7c36a64e", "styleMapHash": {"normal": "#icon-ci-3-normal", "highlight": "#icon-ci-3-highlight"}, "description": "{icon=enemy}", "icon-scale": 1.1, "icon": "images/icon-3.png", "label-scale": 0}}, {"type": "Feature", "geometry": {"type": "Point", "coordinates": [33.1577509, 46.7143212, 0]}, "properties": {"name": "81-й самохідний артилерійський полк  /// 81th self-propelled artillery regiment /// geoJSON.units.regiment.81-self-propelled-artillery\n", "styleUrl": "#icon-ci-3", "styleHash": "7c36a64e", "styleMapHash": {"normal": "#icon-ci-3-normal", "highlight": "#icon-ci-3-highlight"}, "description": "{icon=enemy}", "icon-scale": 1.1, "icon": "images/icon-3.png", "label-scale": 0}}, {"type": "Feature", "geometry": {"type": "Point", "coordinates": [37.9393113, 49.6651718, 0]}, "properties": {"name": "744-й самохідний артилерійський полк (зі складу 47 тд) /// 744th self-propelled artillery regiment (from the composition of 47 TD) /// geoJSON.units.regiment.744-self-propelled-artillery\n", "styleUrl": "#icon-ci-3", "styleHash": "7c36a64e", "styleMapHash": {"normal": "#icon-ci-3-normal", "highlight": "#icon-ci-3-highlight"}, "description": "{icon=enemy}", "icon-scale": 1.1, "icon": "images/icon-3.png", "label-scale": 0}}, {"type": "Feature", "geometry": {"type": "Point", "coordinates": [37.0422118, 48.2096041, 0]}, "properties": {"name": "433-й мотострілецький полк (зі складу 27 мсд)///433th motorizedrifle regiment (from the composition of 27 MRD) /// geoJSON.units.regiment.433-motorized-rifle", "styleUrl": "#icon-ci-3", "styleHash": "7c36a64e", "styleMapHash": {"normal": "#icon-ci-3-normal", "highlight": "#icon-ci-3-highlight"}, "description": "{icon=enemy}", "icon-scale": 1.1, "icon": "images/icon-3.png", "label-scale": 0}}, {"type": "Feature", "geometry": {"type": "Point", "coordinates": [36.5180194, 50.2892835, 0]}, "properties": {"name": "загони \"Африканського корпусу\" ///units of the \"African Corps\" /// geoJSON.units.regiment.africa-corp\n", "styleUrl": "#icon-ci-3", "styleHash": "7c36a64e", "styleMapHash": {"normal": "#icon-ci-3-normal", "highlight": "#icon-ci-3-highlight"}, "description": "{icon=enemy}", "icon-scale": 1.1, "icon": "images/icon-3.png", "label-scale": 0}}, {"type": "Feature", "geometry": {"type": "Point", "coordinates": [36.6491634, 50.3063208, 0]}, "properties": {"name": "18-тя мотострілецька дивізія  /// 18th Motor Rifle Division /// geoJSON.units.division.18-motorized-rifle\n", "styleUrl": "#icon-ci-3", "styleHash": "7c36a64e", "styleMapHash": {"normal": "#icon-ci-3-normal", "highlight": "#icon-ci-3-highlight"}, "description": "{icon=enemy}", "icon-scale": 1.1, "icon": "images/icon-3.png", "label-scale": 0}}, {"type": "Feature", "geometry": {"type": "Point", "coordinates": [37.0061483, 50.3333208, 0]}, "properties": {"name": "128-ма окрема мотострілецька бригада /// 128th Separate Guards Motor Rifle Brigade /// geoJSON.units.brigade.128-motorized-rifle\n", "styleUrl": "#icon-ci-3", "styleHash": "7c36a64e", "styleMapHash": {"normal": "#icon-ci-3-normal", "highlight": "#icon-ci-3-highlight"}, "description": "{icon=enemy}", "icon-scale": 1.1, "icon": "images/icon-3.png", "label-scale": 0}}, {"type": "Feature", "geometry": {"type": "Point", "coordinates": [36.3001766, 51.7531828, 0]}, "properties": {"name": "71-й гвардійський мотострілецький полк /// 71st Guards Motorized Rifle Regiment /// geoJSON.units.regiment.71-motorized-rifle", "styleUrl": "#icon-ci-3", "styleHash": "7c36a64e", "styleMapHash": {"normal": "#icon-ci-3-normal", "highlight": "#icon-ci-3-highlight"}, "description": "{icon=enemy}", "icon-scale": 1.1, "icon": "images/icon-3.png", "label-scale": 0}}, {"type": "Feature", "geometry": {"type": "Point", "coordinates": [36.8570468, 50.3366565, 0]}, "properties": {"name": "138-ма окрема мотострілецька бригада /// 138th Separate Guards Motor Rifle Brigade /// geoJSON.units.brigade.138-motorized-rifle\n", "styleUrl": "#icon-ci-3", "styleHash": "7c36a64e", "styleMapHash": {"normal": "#icon-ci-3-normal", "highlight": "#icon-ci-3-highlight"}, "description": "{icon=enemy}", "icon-scale": 1.1, "icon": "images/icon-3.png", "label-scale": 0}}, {"type": "Feature", "geometry": {"type": "Point", "coordinates": [35.0057597, 51.1810727, 0]}, "properties": {"name": "83-я окрема гвардійська десантно-штурмова бригада///83rd Separate Guards Air Assault Brigade /// geoJSON.units.brigade.83-air-assault", "styleUrl": "#icon-ci-3", "styleHash": "7c36a64e", "styleMapHash": {"normal": "#icon-ci-3-normal", "highlight": "#icon-ci-3-highlight"}, "description": "{icon=enemy}", "icon-scale": 1.1, "icon": "images/icon-3.png", "label-scale": 0}}, {"type": "Feature", "geometry": {"type": "Point", "coordinates": [36.8942111, 50.3231227, 0]}, "properties": {"name": "2-а окрема бригада спеціального призначення ГРУ /// 2nd Guards Spetsnaz Brigade GRU /// geoJSON.units.brigade.2-special-purpose", "styleUrl": "#icon-ci-3", "styleHash": "7c36a64e", "styleMapHash": {"normal": "#icon-ci-3-normal", "highlight": "#icon-ci-3-highlight"}, "description": "{icon=enemy}", "icon-scale": 1.1, "icon": "images/icon-3.png", "label-scale": 0}}, {"type": "Feature", "geometry": {"type": "Point", "coordinates": [36.8967726, 50.3467208, 0]}, "properties": {"name": "1009-й мотострілецький полк територіальних військ /// 1009st motorized rifle regiment of territorial troops /// geoJSON.units.regiment.1009-motorised-rifle\n", "styleUrl": "#icon-ci-3", "styleHash": "7c36a64e", "styleMapHash": {"normal": "#icon-ci-3-normal", "highlight": "#icon-ci-3-highlight"}, "description": "{icon=enemy}", "icon-scale": 1.1, "icon": "images/icon-3.png", "label-scale": 0}}, {"type": "Feature", "geometry": {"type": "Point", "coordinates": [36.5088815, 50.2616202, 0]}, "properties": {"name": "345-й мотострілецький полк /// 345th Motor Rifle Regiment /// geoJSON.units.regiment.345-motorized-rifle\n", "styleUrl": "#icon-ci-3", "styleHash": "7c36a64e", "styleMapHash": {"normal": "#icon-ci-3-normal", "highlight": "#icon-ci-3-highlight"}, "description": "{icon=enemy}", "icon-scale": 1.1, "icon": "images/icon-3.png", "label-scale": 0}}, {"type": "Feature", "geometry": {"type": "Point", "coordinates": [37.4609601, 48.287099, 0]}, "properties": {"name": "1452-й мотострілецький полк /// 1452nd motorized rifle regiment /// geoJSON.units.regiment.1452-motorized-rifle\n", "styleUrl": "#icon-ci-3", "styleHash": "7c36a64e", "styleMapHash": {"normal": "#icon-ci-3-normal", "highlight": "#icon-ci-3-highlight"}, "description": "{icon=enemy}", "icon-scale": 1.1, "icon": "images/icon-3.png", "label-scale": 0}}, {"type": "Feature", "geometry": {"type": "Point", "coordinates": [37.3359897, 48.2045643, 0]}, "properties": {"name": "201-а російська військова база Центрального військового округу /// 201st Military Base of Central Military District/// geoJSON.units.army.201-base", "styleUrl": "#icon-ci-4", "styleHash": "68ca4416", "styleMapHash": {"normal": "#icon-ci-4-normal", "highlight": "#icon-ci-4-highlight"}, "description": "{icon=headquarter}", "icon-scale": 1.1, "icon-offset": [16, 16], "icon": "images/icon-4.png", "label-scale": 0}}, {"type": "Feature", "geometry": {"type": "Point", "coordinates": [37.2907618, 48.2146306, 0]}, "properties": {"name": "348-й мотострілецький полк /// 348th motorized rifle regiment /// geoJSON.units.regiment.348-motorized-rifle\n", "styleUrl": "#icon-ci-3", "styleHash": "7c36a64e", "styleMapHash": {"normal": "#icon-ci-3-normal", "highlight": "#icon-ci-3-highlight"}, "description": "{icon=enemy}", "icon-scale": 1.1, "icon": "images/icon-3.png", "label-scale": 0}}, {"type": "Feature", "geometry": {"type": "Point", "coordinates": [34.8719181, 51.1771242, 0]}, "properties": {"name": "1443 мотострілецький полк ///1443 motorized rifle regiment /// geoJSON.units.regiment.1443-motorized-rifle\n", "styleUrl": "#icon-ci-3", "styleHash": "7c36a64e", "styleMapHash": {"normal": "#icon-ci-3-normal", "highlight": "#icon-ci-3-highlight"}, "description": "{icon=enemy}", "icon-scale": 1.1, "icon": "images/icon-3.png", "label-scale": 0}}, {"type": "Feature", "geometry": {"type": "Point", "coordinates": [36.7509822, 47.9811721, 0]}, "properties": {"name": "430-й мотострілецький полк ///430th motorizedrifle regiment/// geoJSON.units.regiment.430-motorized-rifle\n", "styleUrl": "#icon-ci-3", "styleHash": "7c36a64e", "styleMapHash": {"normal": "#icon-ci-3-normal", "highlight": "#icon-ci-3-highlight"}, "description": "{icon=enemy}", "icon-scale": 1.1, "icon": "images/icon-3.png", "label-scale": 0}}, {"type": "Feature", "geometry": {"type": "Point", "coordinates": [36.8081198, 50.282425, 0]}, "properties": {"name": "82-й мотострілецький полк /// 82nd Motor Rifle Regiment /// geoJSON.units.regiment.82-motorized-rifle\n", "styleUrl": "#icon-ci-3", "styleHash": "7c36a64e", "styleMapHash": {"normal": "#icon-ci-3-normal", "highlight": "#icon-ci-3-highlight"}, "description": "{icon=enemy}", "icon-scale": 1.1, "icon": "images/icon-3.png", "label-scale": 0}}, {"type": "Feature", "geometry": {"type": "Point", "coordinates": [37.7965325, 50.1387648, 0]}, "properties": {"name": "83-й мотострілецький полк /// 83rd Motor Rifle Regiment /// geoJSON.units.regiment.83-motorized-rifle\n", "styleUrl": "#icon-ci-3", "styleHash": "7c36a64e", "styleMapHash": {"normal": "#icon-ci-3-normal", "highlight": "#icon-ci-3-highlight"}, "description": "{icon=enemy}", "icon-scale": 1.1, "icon": "images/icon-3.png", "label-scale": 0}}, {"type": "Feature", "geometry": {"type": "Point", "coordinates": [34.3041643, 51.2768224, 0]}, "properties": {"name": "1427-й мотострілецький полк /// 1427th motorized rifle regiment /// geoJSON.units.regiment.1427-motorised-rifle\n", "styleUrl": "#icon-ci-3", "styleHash": "7c36a64e", "styleMapHash": {"normal": "#icon-ci-3-normal", "highlight": "#icon-ci-3-highlight"}, "description": "{icon=enemy}", "icon-scale": 1.1, "icon": "images/icon-3.png", "label-scale": 0}}, {"type": "Feature", "geometry": {"type": "Point", "coordinates": [37.452552, 48.3897174, 0]}, "properties": {"name": "177-й окремий полк морської піхоти (в/ч 87852) /// 177th Separate Regiment of Marines /// geoJSON.units.regiment.177-of-marines", "styleUrl": "#icon-ci-3", "styleHash": "7c36a64e", "styleMapHash": {"normal": "#icon-ci-3-normal", "highlight": "#icon-ci-3-highlight"}, "description": "{icon=enemy}", "icon-scale": 1.1, "icon": "images/icon-3.png", "label-scale": 0}}, {"type": "Feature", "geometry": {"type": "Point", "coordinates": [33.711594, 46.7438663, 0]}, "properties": {"name": "331-й парашутно-десантний полк (в/ч 71211) зі складу 98-ї ПДД /// 331st Airborne Regiment from the 98th Airborne Division /// geoJSON.units.regiment.331-airborne", "styleUrl": "#icon-ci-3", "styleHash": "7c36a64e", "styleMapHash": {"normal": "#icon-ci-3-normal", "highlight": "#icon-ci-3-highlight"}, "description": "{icon=enemy}", "icon-scale": 1.1, "icon": "images/icon-3.png", "label-scale": 0}}, {"type": "Feature", "geometry": {"type": "Point", "coordinates": [48.2390137, 54.4460946, 0]}, "properties": {"name": "31-ша окрема десантно-штурмова бригада (в/ч 73612) /// 31st Guards Air Assault Brigade /// geoJSON.units.brigade.31-air-assault", "styleUrl": "#icon-ci-3", "styleHash": "7c36a64e", "styleMapHash": {"normal": "#icon-ci-3-normal", "highlight": "#icon-ci-3-highlight"}, "description": "{icon=enemy}", "icon-scale": 1.1, "icon": "images/icon-3.png", "label-scale": 0}}, {"type": "Feature", "geometry": {"type": "Point", "coordinates": [38.0240307, 48.5936996, 0]}, "properties": {"name": "БАРС-13 /// 13nd squad BARS /// geoJSON.units.bars-13 /// geoJSON.units.bars.13", "styleUrl": "#icon-ci-3", "styleHash": "7c36a64e", "styleMapHash": {"normal": "#icon-ci-3-normal", "highlight": "#icon-ci-3-highlight"}, "description": "{icon=enemy}", "icon-scale": 1.1, "icon": "images/icon-3.png", "label-scale": 0}}, {"type": "Feature", "geometry": {"type": "Point", "coordinates": [38.989364, 48.686828, 0]}, "properties": {"name": "2-й парашутно-десантний батальйон зі складу 51-го ПШД /// 2nd paratrooper battalion according to the 51st Parachute Regiment /// geoJSON.units.battalion.2-paratrooper", "styleUrl": "#icon-ci-3", "styleHash": "7c36a64e", "styleMapHash": {"normal": "#icon-ci-3-normal", "highlight": "#icon-ci-3-highlight"}, "description": "{icon=enemy}", "icon-scale": 1.1, "icon": "images/icon-3.png", "label-scale": 0}}, {"type": "Feature", "geometry": {"type": "Point", "coordinates": [35.2642326, 51.2211843, 0]}, "properties": {"name": "9-й мотострілецький полк зі складу 18-ї МСД /// 9th motorized rifle regiment under the 18th MRD /// geoJSON.units.regiment.9-motorized-rifle", "styleUrl": "#icon-ci-3", "styleHash": "7c36a64e", "styleMapHash": {"normal": "#icon-ci-3-normal", "highlight": "#icon-ci-3-highlight"}, "description": "{icon=enemy}", "icon-scale": 1.1, "icon": "images/icon-3.png", "label-scale": 0}}, {"type": "Feature", "geometry": {"type": "Point", "coordinates": [38.985272, 48.695368, 0]}, "properties": {"name": "2-й мотострілецький батальйон зі складу 57-ї ОМБр /// 2nd motorized rifle battalion from the 57th SMBr  /// geoJSON.units.battalion.2-motorized-rifle", "styleUrl": "#icon-ci-3", "styleHash": "7c36a64e", "styleMapHash": {"normal": "#icon-ci-3-normal", "highlight": "#icon-ci-3-highlight"}, "description": "{icon=enemy}", "icon-scale": 1.1, "icon": "images/icon-3.png", "label-scale": 0}}, {"type": "Feature", "geometry": {"type": "Point", "coordinates": [35.1413599, 51.1757004, 0]}, "properties": {"name": "51-й парашутно-десантний полк зі складу 106-ї ПДД /// 51th Guards Airborne Regiment rom the 106th Airborne Division  /// geoJSON.units.regiment.51-airborne", "styleUrl": "#icon-ci-3", "styleHash": "7c36a64e", "styleMapHash": {"normal": "#icon-ci-3-normal", "highlight": "#icon-ci-3-highlight"}, "description": "{icon=enemy}", "icon-scale": 1.1, "icon": "images/icon-3.png", "label-scale": 0}}, {"type": "Feature", "geometry": {"type": "Point", "coordinates": [36.0389717, 45.0915885, 0]}, "properties": {"name": "11-а окрема десантно-штурмова бригада /// 11th Separate Assault Brigade /// geoJSON.units.brigade.11-air-assault", "styleUrl": "#icon-ci-3", "styleHash": "7c36a64e", "styleMapHash": {"normal": "#icon-ci-3-normal", "highlight": "#icon-ci-3-highlight"}, "description": "{icon=enemy}", "icon-scale": 1.1, "icon": "images/icon-3.png", "label-scale": 0}}, {"type": "Feature", "geometry": {"type": "Point", "coordinates": [37.8764139, 48.4537612, 0]}, "properties": {"name": "4-а окрема мотострілецька бригада (ЛНР) /// 4th Separate Motorized Rifle Brigade /// geoJSON.units.brigade.4-motorized-rifle", "styleUrl": "#icon-ci-3", "styleHash": "7c36a64e", "styleMapHash": {"normal": "#icon-ci-3-normal", "highlight": "#icon-ci-3-highlight"}, "description": "{icon=enemy}", "icon-scale": 1.1, "icon": "images/icon-3.png", "label-scale": 0}}, {"type": "Feature", "geometry": {"type": "Point", "coordinates": [37.8945691, 48.5483371, 0]}, "properties": {"name": "72-га окрема мотострілецька бригада /// 72nd separate motorized rifle brigade /// geoJSON.units.brigade.72-motorized-rifle", "styleUrl": "#icon-ci-3", "styleHash": "7c36a64e", "styleMapHash": {"normal": "#icon-ci-3-normal", "highlight": "#icon-ci-3-highlight"}, "description": "{icon=enemy}", "icon-scale": 1.1, "icon": "images/icon-3.png", "label-scale": 0}}, {"type": "Feature", "geometry": {"type": "Point", "coordinates": [32.8418667, 46.6503593, 0]}, "properties": {"name": "217-й парашутно-десантний полк (в/ч 62295) зі складу 98-ї ПДД /// 217th Airborne Regiment from the 98th Airborne Division /// geoJSON.units.regiment.217-airborne", "styleUrl": "#icon-ci-3", "styleHash": "7c36a64e", "styleMapHash": {"normal": "#icon-ci-3-normal", "highlight": "#icon-ci-3-highlight"}, "description": "{icon=enemy}", "icon-scale": 1.1, "icon": "images/icon-3.png", "label-scale": 0}}, {"type": "Feature", "geometry": {"type": "Point", "coordinates": [37.8696665, 48.6039727, 0]}, "properties": {"name": "200-та окрема мотострілецька бригада /// 200th Separate Motor Rifle Brigade /// geoJSON.units.brigade.200-motorized-rifle", "styleUrl": "#icon-ci-3", "styleHash": "7c36a64e", "styleMapHash": {"normal": "#icon-ci-3-normal", "highlight": "#icon-ci-3-highlight"}, "description": "{icon=enemy}", "icon-scale": 1.1, "icon": "images/icon-3.png", "label-scale": 0}}, {"type": "Feature", "geometry": {"type": "Point", "coordinates": [35.208216, 51.1609924, 0]}, "properties": {"name": "137-й парашутно-десантний полк (в/ч 41450) зі складу 106-ї ПДД /// 137th Guards Airborne Regiment from the 106th Airborne Division /// geoJSON.units.regiment.137-airborne", "styleUrl": "#icon-ci-3", "styleHash": "7c36a64e", "styleMapHash": {"normal": "#icon-ci-3-normal", "highlight": "#icon-ci-3-highlight"}, "description": "{icon=enemy}", "icon-scale": 1.1, "icon": "images/icon-3.png", "label-scale": 0}}, {"type": "Feature", "geometry": {"type": "Point", "coordinates": [37.939907, 48.6790228, 0]}, "properties": {"name": "шойгісти \"шторм-z\" /// shoigists \"storm-z\" /// geoJSON.units.storm-z\n", "styleUrl": "#icon-ci-3", "styleHash": "7c36a64e", "styleMapHash": {"normal": "#icon-ci-3-normal", "highlight": "#icon-ci-3-highlight"}, "description": "{icon=enemy}", "icon-scale": 1.1, "icon": "images/icon-3.png", "label-scale": 0}}, {"type": "Feature", "geometry": {"type": "Point", "coordinates": [38.2489072, 48.6996471, 0]}, "properties": {"name": "3-й мотострілецький батальйон зі складу 123-ї омсбр /// The 3rd motorized rifle battalion from the 123rd SMRB /// geoJSON.units.battalion.3-motorized-rifle-123", "styleUrl": "#icon-ci-3", "styleHash": "7c36a64e", "styleMapHash": {"normal": "#icon-ci-3-normal", "highlight": "#icon-ci-3-highlight"}, "description": "{icon=enemy}", "icon-scale": 1.1, "icon": "images/icon-3.png", "label-scale": 0}}, {"type": "Feature", "geometry": {"type": "Point", "coordinates": [38.0750241, 48.693, 0]}, "properties": {"name": "6-й окремий мотострілецький полк (ЛНР) ///6th Separate Motorized Rifle Regiment (LNR) /// geoJSON.units.regiment.6-motorized-rifle", "styleUrl": "#icon-ci-3", "styleHash": "7c36a64e", "styleMapHash": {"normal": "#icon-ci-3-normal", "highlight": "#icon-ci-3-highlight"}, "description": "{icon=enemy}", "icon-scale": 1.1, "icon": "images/icon-3.png", "label-scale": 0}}, {"type": "Feature", "geometry": {"type": "Point", "coordinates": [38.2119432, 48.8186911, 0]}, "properties": {"name": "123-тя окрема мотострілецька бригада (колишня 2-га) /// 123rd separate motorized rifle brigade (formerly the 2nd Brigade) /// geoJSON.units.brigade.123-motorized-rifle", "styleUrl": "#icon-ci-3", "styleHash": "7c36a64e", "styleMapHash": {"normal": "#icon-ci-3-normal", "highlight": "#icon-ci-3-highlight"}, "description": "{icon=enemy}", "icon-scale": 1.1, "icon": "images/icon-3.png", "label-scale": 0}}, {"type": "Feature", "geometry": {"type": "Point", "coordinates": [38.3849247, 48.7477708, 0]}, "properties": {"name": "14-й батальйон територіальної оборони «Прізрак» /// 14th Territorial Defense Battalion \"Prizrak\" (LPR)  /// geoJSON.units.battalion.14-territorial-defense", "styleUrl": "#icon-ci-3", "styleHash": "7c36a64e", "styleMapHash": {"normal": "#icon-ci-3-normal", "highlight": "#icon-ci-3-highlight"}, "description": "{icon=enemy}", "icon-scale": 1.1, "icon": "images/icon-3.png", "label-scale": 0}}, {"type": "Feature", "geometry": {"type": "Point", "coordinates": [39.315172, 48.568716, 0]}, "properties": {"name": "2-й армійський корпус /// 2nd Army Corps  /// geoJSON.units.army.2-corps", "styleUrl": "#icon-ci-4", "styleHash": "68ca4416", "styleMapHash": {"normal": "#icon-ci-4-normal", "highlight": "#icon-ci-4-highlight"}, "description": "{icon=headquarter}", "icon-scale": 1.1, "icon-offset": [16, 16], "icon": "images/icon-4.png", "label-scale": 0}}, {"type": "Feature", "geometry": {"type": "Point", "coordinates": [38.0956957, 48.6605894, 0]}, "properties": {"name": "10-та артилерійська бригада ЛНР /// 10th artillery brigade of the LPR /// geoJSON.units.brigade.10-artillery", "styleUrl": "#icon-ci-3", "styleHash": "7c36a64e", "styleMapHash": {"normal": "#icon-ci-3-normal", "highlight": "#icon-ci-3-highlight"}, "description": "{icon=enemy}", "icon-scale": 1.1, "icon": "images/icon-3.png", "label-scale": 0}}, {"type": "Feature", "geometry": {"type": "Point", "coordinates": [37.9641165, 48.471055, 0]}, "properties": {"name": "Підрозділ росгвардії «Ахмат» /// Rosguard unit \"Akhmat\" /// geoJSON.units.akhmat.akhmat\n", "styleUrl": "#icon-ci-3", "styleHash": "7c36a64e", "styleMapHash": {"normal": "#icon-ci-3-normal", "highlight": "#icon-ci-3-highlight"}, "description": "{icon=enemy}", "icon-scale": 1.1, "icon": "images/icon-3.png", "label-scale": 0}}, {"type": "Feature", "geometry": {"type": "Point", "coordinates": [37.9922329, 48.705179, 0]}, "properties": {"name": "шойгісти \"шторм-z\" /// shoigists \"storm-z\" /// geoJSON.units.storm-z\n", "styleUrl": "#icon-ci-3", "styleHash": "7c36a64e", "styleMapHash": {"normal": "#icon-ci-3-normal", "highlight": "#icon-ci-3-highlight"}, "description": "{icon=enemy}", "icon-scale": 1.1, "icon": "images/icon-3.png", "label-scale": 0}}, {"type": "Feature", "geometry": {"type": "Point", "coordinates": [37.7565425, 48.3394394, 0]}, "properties": {"name": "102-й мотострілецький полк /// 102nd Motor Rifle Regiment /// geoJSON.units.regiment.102-motorized-rifle\n", "styleUrl": "#icon-ci-3", "styleHash": "7c36a64e", "styleMapHash": {"normal": "#icon-ci-3-normal", "highlight": "#icon-ci-3-highlight"}, "description": "{icon=enemy}", "icon-scale": 1.1, "icon": "images/icon-3.png", "label-scale": 0}}, {"type": "Feature", "geometry": {"type": "Point", "coordinates": [38.0261266, 48.4924614, 0]}, "properties": {"name": "шойгісти \"шторм-v\" /// shoigists \"storm-v\" /// geoJSON.units.storm-v\n", "styleUrl": "#icon-ci-3", "styleHash": "7c36a64e", "styleMapHash": {"normal": "#icon-ci-3-normal", "highlight": "#icon-ci-3-highlight"}, "description": "{icon=enemy}", "icon-scale": 1.1, "icon": "images/icon-3.png", "label-scale": 0}}, {"type": "Feature", "geometry": {"type": "Point", "coordinates": [38.221192, 48.8932175, 0]}, "properties": {"name": "6-та окрема мотострілецька бригада /// 6th Separate Guards Motor Rifle Brigade /// geoJSON.units.brigade.6-motorized-rifle\n", "styleUrl": "#icon-ci-3", "styleHash": "7c36a64e", "styleMapHash": {"normal": "#icon-ci-3-normal", "highlight": "#icon-ci-3-highlight"}, "description": "{icon=enemy}", "icon-scale": 1.1, "icon": "images/icon-3.png", "label-scale": 0}}, {"type": "Feature", "geometry": {"type": "Point", "coordinates": [37.9407087, 48.5055394, 0]}, "properties": {"name": "1307-й мотострілецький полк /// 1307th Motor Rifle Regiment /// geoJSON.units.regiment.1307-motorized-rifle", "styleUrl": "#icon-ci-3", "styleHash": "7c36a64e", "styleMapHash": {"normal": "#icon-ci-3-normal", "highlight": "#icon-ci-3-highlight"}, "description": "{icon=enemy}", "icon-scale": 1.1, "icon": "images/icon-3.png", "label-scale": 0}}, {"type": "Feature", "geometry": {"type": "Point", "coordinates": [37.9552289, 48.6363874, 0]}, "properties": {"name": "Добровольчий штурмовий корпус /// Volunteer assault corps /// geoJSON.units.army.volunteer-assault-corps", "styleUrl": "#icon-ci-3", "styleHash": "7c36a64e", "styleMapHash": {"normal": "#icon-ci-3-normal", "highlight": "#icon-ci-3-highlight"}, "description": "{icon=enemy}", "icon-scale": 1.1, "icon": "images/icon-3.png", "label-scale": 0}}, {"type": "Feature", "geometry": {"type": "Point", "coordinates": [38.2559624, 48.7231708, 0]}, "properties": {"name": "51-й мотострілецький полк/// 51st motorized rifle regiment /// geoJSON.units.regiment.51-motorized-rifle\n", "styleUrl": "#icon-ci-3", "styleHash": "7c36a64e", "styleMapHash": {"normal": "#icon-ci-3-normal", "highlight": "#icon-ci-3-highlight"}, "description": "{icon=enemy}", "icon-scale": 1.1, "icon": "images/icon-3.png", "label-scale": 0}}, {"type": "Feature", "geometry": {"type": "Point", "coordinates": [38.2151007, 48.7064095, 0]}, "properties": {"name": "119-й мотострілецький полк /// 119th motorized rifle regiment /// geoJSON.units.regiment.119-motorized-rifle\n", "styleUrl": "#icon-ci-3", "styleHash": "7c36a64e", "styleMapHash": {"normal": "#icon-ci-3-normal", "highlight": "#icon-ci-3-highlight"}, "description": "{icon=enemy}", "icon-scale": 1.1, "icon": "images/icon-3.png", "label-scale": 0}}, {"type": "Feature", "geometry": {"type": "Point", "coordinates": [38.1362271, 48.7314158, 0]}, "properties": {"name": "119-й парашутно-десантний полк /// 119th Guards Airborne Regiment /// geoJSON.units.regiment.119-airborne\n", "styleUrl": "#icon-ci-3", "styleHash": "7c36a64e", "styleMapHash": {"normal": "#icon-ci-3-normal", "highlight": "#icon-ci-3-highlight"}, "description": "{icon=enemy}", "icon-scale": 1.1, "icon": "images/icon-3.png", "label-scale": 0}}, {"type": "Feature", "geometry": {"type": "Point", "coordinates": [37.9922644, 48.5410005, 0]}, "properties": {"name": "1008-й мотострілецький полк територіальних військ /// 1008st motorized rifle regiment of territorial troops /// geoJSON.units.regiment.1008-motorised-rifle\n", "styleUrl": "#icon-ci-3", "styleHash": "7c36a64e", "styleMapHash": {"normal": "#icon-ci-3-normal", "highlight": "#icon-ci-3-highlight"}, "description": "{icon=enemy}", "icon-scale": 1.1, "icon": "images/icon-3.png", "label-scale": 0}}, {"type": "Feature", "geometry": {"type": "Point", "coordinates": [38.019902, 48.5056416, 0]}, "properties": {"name": "1194-й мотострілецький полк територіальних військ /// 1194st motorized rifle regiment of territorial troops /// geoJSON.units.regiment.1194-motorised-rifle\n", "styleUrl": "#icon-ci-3", "styleHash": "7c36a64e", "styleMapHash": {"normal": "#icon-ci-3-normal", "highlight": "#icon-ci-3-highlight"}, "description": "{icon=enemy}", "icon-scale": 1.1, "icon": "images/icon-3.png", "label-scale": 0}}, {"type": "Feature", "geometry": {"type": "Point", "coordinates": [37.7850195, 48.3287677, 0]}, "properties": {"name": "1442 мотострілецький полк (в/ч 95383)///1442 motorized rifle regiment (military unit 95383)  /// geoJSON.units.regiment.1442-motorized-rifle", "styleUrl": "#icon-ci-3", "styleHash": "7c36a64e", "styleMapHash": {"normal": "#icon-ci-3-normal", "highlight": "#icon-ci-3-highlight"}, "description": "{icon=enemy}", "icon-scale": 1.1, "icon": "images/icon-3.png", "label-scale": 0}}, {"type": "Feature", "geometry": {"type": "Point", "coordinates": [33.7560794, 46.7076581, 0]}, "properties": {"name": "299-й парашутно-десантний полк (в/ч 62295) зі складу 98-ї ПДД /// 299th Airborne Regiment from the 98th Airborne Division /// geoJSON.units.regiment.299-airborne-98\n", "styleUrl": "#icon-ci-3", "styleHash": "7c36a64e", "styleMapHash": {"normal": "#icon-ci-3-normal", "highlight": "#icon-ci-3-highlight"}, "description": "{icon=enemy}", "icon-scale": 1.1, "icon": "images/icon-3.png", "label-scale": 0}}, {"type": "Feature", "geometry": {"type": "Point", "coordinates": [37.9087719, 48.6077232, 0]}, "properties": {"name": "7-а дршбр \"святой георгій\" /// 7st Air Assault Brigade \"saint heorhiy\"/// geoJSON.units.regiment.7-aabr", "styleUrl": "#icon-ci-3", "styleHash": "7c36a64e", "styleMapHash": {"normal": "#icon-ci-3-normal", "highlight": "#icon-ci-3-highlight"}, "description": "{icon=enemy}", "icon-scale": 1.1, "icon": "images/icon-3.png", "label-scale": 0}}, {"type": "Feature", "geometry": {"type": "Point", "coordinates": [38.223392, 48.7761108, 0]}, "properties": {"name": "88-га окрема мотострілецька бригада /// 88th separate motorized rifle brigade /// geoJSON.units.brigade.88-motorized-rifle\n", "styleUrl": "#icon-ci-3", "styleHash": "7c36a64e", "styleMapHash": {"normal": "#icon-ci-3-normal", "highlight": "#icon-ci-3-highlight"}, "description": "{icon=enemy}", "icon-scale": 1.1, "icon": "images/icon-3.png", "label-scale": 0}}, {"type": "Feature", "geometry": {"type": "Point", "coordinates": [37.0272739, 48.1214615, 0]}, "properties": {"name": "80-й танковий полк /// 80th Guards Tank Red Banner Regiment /// geoJSON.units.regiment.80-tank", "styleUrl": "#icon-ci-3", "styleHash": "7c36a64e", "styleMapHash": {"normal": "#icon-ci-3-normal", "highlight": "#icon-ci-3-highlight"}, "description": "{icon=enemy}", "icon-scale": 1.1, "icon": "images/icon-3.png", "label-scale": 0}}, {"type": "Feature", "geometry": {"type": "Point", "coordinates": [37.9952848, 48.5184652, 0]}, "properties": {"name": "7-ма військова база (Абхазія) ////7th Military Base (Abkhazia) /// geoJSON.units.brigade.7-mil-base", "styleUrl": "#icon-ci-3", "styleHash": "7c36a64e", "styleMapHash": {"normal": "#icon-ci-3-normal", "highlight": "#icon-ci-3-highlight"}, "description": "{icon=enemy}", "icon-scale": 1.1, "icon": "images/icon-3.png", "label-scale": 0}}, {"type": "Feature", "geometry": {"type": "Point", "coordinates": [38.1780056, 48.7523687, 0]}, "properties": {"name": "85-та окрема мотострілецька бригада /// 85th separate motorized rifle brigade /// geoJSON.units.brigade.85-motorized-rifle", "styleUrl": "#icon-ci-3", "styleHash": "7c36a64e", "styleMapHash": {"normal": "#icon-ci-3-normal", "highlight": "#icon-ci-3-highlight"}, "description": "{icon=enemy}", "icon-scale": 1.1, "icon": "images/icon-3.png", "label-scale": 0}}, {"type": "Feature", "geometry": {"type": "Point", "coordinates": [36.7516726, 47.9992805, 0]}, "properties": {"name": "6-й танковий полк /// 6th Tank Regiment /// geoJSON.units.regiment.6-tank\n", "styleUrl": "#icon-ci-3", "styleHash": "7c36a64e", "styleMapHash": {"normal": "#icon-ci-3-normal", "highlight": "#icon-ci-3-highlight"}, "description": "{icon=enemy}", "icon-scale": 1.1, "icon": "images/icon-3.png", "label-scale": 0}}, {"type": "Feature", "geometry": {"type": "Point", "coordinates": [37.4230853, 48.2794193, 0]}, "properties": {"name": "1195-й мотострілецький полк територіальних військ /// 1195st motorized rifle regiment of territorial troops /// geoJSON.units.regiment.1195-motorised-rifle\n", "styleUrl": "#icon-ci-3", "styleHash": "7c36a64e", "styleMapHash": {"normal": "#icon-ci-3-normal", "highlight": "#icon-ci-3-highlight"}, "description": "{icon=enemy}", "icon-scale": 1.1, "icon": "images/icon-3.png", "label-scale": 0}}, {"type": "Feature", "geometry": {"type": "Point", "coordinates": [37.1452069, 48.281757, 0]}, "properties": {"name": "1441 мотострілецький полк ///1441 motorized rifle regiment /// geoJSON.units.regiment.1441-motorized-rifle\n", "styleUrl": "#icon-ci-3", "styleHash": "7c36a64e", "styleMapHash": {"normal": "#icon-ci-3-normal", "highlight": "#icon-ci-3-highlight"}, "description": "{icon=enemy}", "icon-scale": 1.1, "icon": "images/icon-3.png", "label-scale": 0}}, {"type": "Feature", "geometry": {"type": "Point", "coordinates": [38.0327123, 49.0078702, 0]}, "properties": {"name": "1234-й мотострілецький полк /// 1234th Motor Rifle Regiment /// geoJSON.units.regiment.1234-motorized-rifle\n", "styleUrl": "#icon-ci-3", "styleHash": "7c36a64e", "styleMapHash": {"normal": "#icon-ci-3-normal", "highlight": "#icon-ci-3-highlight"}, "description": "{icon=enemy}", "icon-scale": 1.1, "icon": "images/icon-3.png", "label-scale": 0}}, {"type": "Feature", "geometry": {"type": "Point", "coordinates": [37.1109266, 48.233457, 0]}, "properties": {"name": "1437 мотострілецький полк ///1437 motorized rifle regiment /// geoJSON.units.regiment.1437-motorized-rifle\n", "styleUrl": "#icon-ci-3", "styleHash": "7c36a64e", "styleMapHash": {"normal": "#icon-ci-3-normal", "highlight": "#icon-ci-3-highlight"}, "description": "{icon=enemy}", "icon-scale": 1.1, "icon": "images/icon-3.png", "label-scale": 0}}, {"type": "Feature", "geometry": {"type": "Point", "coordinates": [37.5098957, 48.3598526, 0]}, "properties": {"name": "68-й танковий полк /// 68th Tank  Regiment /// geoJSON.units.regiment.68-tank\n", "styleUrl": "#icon-ci-3", "styleHash": "7c36a64e", "styleMapHash": {"normal": "#icon-ci-3-normal", "highlight": "#icon-ci-3-highlight"}, "description": "{icon=enemy}", "icon-scale": 1.1, "icon": "images/icon-3.png", "label-scale": 0}}, {"type": "Feature", "geometry": {"type": "Point", "coordinates": [37.1412489, 48.265795, 0]}, "properties": {"name": "74-та окрема мотострілецька бригада (в/ч 21005) /// 74th Separate Guards Motor Rifle Brigade /// geoJSON.units.brigade.74-motorized-rifle", "styleUrl": "#icon-ci-3", "styleHash": "7c36a64e", "styleMapHash": {"normal": "#icon-ci-3-normal", "highlight": "#icon-ci-3-highlight"}, "description": "{icon=enemy}", "icon-scale": 1.1, "icon": "images/icon-3.png", "label-scale": 0}}, {"type": "Feature", "geometry": {"type": "Point", "coordinates": [37.108908, 48.2672237, 0]}, "properties": {"name": "35-та окрема мотострілецька бригада (в/ч 41659) /// 35th Separate Guards Motor Rifle Brigade /// geoJSON.units.brigade.35-motorized-rifle", "styleUrl": "#icon-ci-3", "styleHash": "7c36a64e", "styleMapHash": {"normal": "#icon-ci-3-normal", "highlight": "#icon-ci-3-highlight"}, "description": "{icon=enemy}", "icon-scale": 1.1, "icon": "images/icon-3.png", "label-scale": 0}}, {"type": "Feature", "geometry": {"type": "Point", "coordinates": [37.0161958, 48.127656, 0]}, "properties": {"name": "239-й танковий полк (зі складу 90 тд)///239th tank regiment (from the composition of 90 TD) /// geoJSON.units.regiment.239-tank\n", "styleUrl": "#icon-ci-3", "styleHash": "7c36a64e", "styleMapHash": {"normal": "#icon-ci-3-normal", "highlight": "#icon-ci-3-highlight"}, "description": "{icon=enemy}", "icon-scale": 1.1, "icon": "images/icon-3.png", "label-scale": 0}}, {"type": "Feature", "geometry": {"type": "Point", "coordinates": [37.1333182, 48.284659, 0]}, "properties": {"name": "30-та окрема мотострілецька бригада /// 30th separate motorized rifle brigade /// geoJSON.units.brigade.30-motorized-rifle", "styleUrl": "#icon-ci-3", "styleHash": "7c36a64e", "styleMapHash": {"normal": "#icon-ci-3-normal", "highlight": "#icon-ci-3-highlight"}, "description": "{icon=enemy}", "icon-scale": 1.1, "icon": "images/icon-3.png", "label-scale": 0}}, {"type": "Feature", "geometry": {"type": "Point", "coordinates": [37.0648483, 47.5676655, 0]}, "properties": {"name": "155-та бригада морської піхоти (в/ч 30926) /// 155th Separate Brigade of Marines /// geoJSON.units.brigade.155-marine", "styleUrl": "#icon-ci-3", "styleHash": "7c36a64e", "styleMapHash": {"normal": "#icon-ci-3-normal", "highlight": "#icon-ci-3-highlight"}, "description": "{icon=enemy}", "icon-scale": 1.1, "icon": "images/icon-3.png", "label-scale": 0}}, {"type": "Feature", "geometry": {"type": "Point", "coordinates": [37.3858231, 48.1963784, 0]}, "properties": {"name": "27 мотострілецька дивізія (колишня 21 омсбр) /// 27th Motor Rifle Division (formerly the 21th Brigade) /// geoJSON.units.brigade.21-motorized-rifle", "styleUrl": "#icon-ci-3", "styleHash": "7c36a64e", "styleMapHash": {"normal": "#icon-ci-3-normal", "highlight": "#icon-ci-3-highlight"}, "description": "{icon=enemy}", "icon-scale": 1.1, "icon": "images/icon-3.png", "label-scale": 0}}, {"type": "Feature", "geometry": {"type": "Point", "coordinates": [37.081956, 48.215639, 0]}, "properties": {"name": "55-та окрема мотострілецька бригада (в/ч 55115) /// 55th Mountain Motor Rifle Brigade /// geoJSON.units.brigade.55-motorized-rifle", "styleUrl": "#icon-ci-3", "styleHash": "7c36a64e", "styleMapHash": {"normal": "#icon-ci-3-normal", "highlight": "#icon-ci-3-highlight"}, "description": "{icon=enemy}", "icon-scale": 1.1, "icon": "images/icon-3.png", "label-scale": 0}}, {"type": "Feature", "geometry": {"type": "Point", "coordinates": [37.0346995, 48.2233358, 0]}, "properties": {"name": "15-та окрема мотострілецька бригада /// 15th Separate Motor Rifle Brigade /// geoJSON.units.brigade.15-motorized-rifle", "styleUrl": "#icon-ci-3", "styleHash": "7c36a64e", "styleMapHash": {"normal": "#icon-ci-3-normal", "highlight": "#icon-ci-3-highlight"}, "description": "{icon=enemy}", "icon-scale": 1.1, "icon": "images/icon-3.png", "label-scale": 0}}, {"type": "Feature", "geometry": {"type": "Point", "coordinates": [40.093701, 47.422151, 0]}, "properties": {"name": "8-ма загальновійськова армія /// 8th Combined Arms Army /// geoJSON.units.army.8-combined-arms", "styleUrl": "#icon-ci-4", "styleHash": "68ca4416", "styleMapHash": {"normal": "#icon-ci-4-normal", "highlight": "#icon-ci-4-highlight"}, "description": "{icon=headquarter}", "icon-scale": 1.1, "icon-offset": [16, 16], "icon": "images/icon-4.png", "label-scale": 0}}, {"type": "Feature", "geometry": {"type": "Point", "coordinates": [37.9733935, 48.3609923, 0]}, "properties": {"name": "150-та мотострілецька дивізія (в/ч 22265) /// 150th Motorized Rifle Division /// geoJSON.units.division.150-motorized-rifle", "styleUrl": "#icon-ci-3", "styleHash": "7c36a64e", "styleMapHash": {"normal": "#icon-ci-3-normal", "highlight": "#icon-ci-3-highlight"}, "description": "{icon=enemy}", "icon-scale": 1.1, "icon": "images/icon-3.png", "label-scale": 0}}, {"type": "Feature", "geometry": {"type": "Point", "coordinates": [37.3910621, 48.1500164, 0]}, "properties": {"name": "238-ма артилерійська бригада /// 238th Artillery Brigade  /// geoJSON.units.brigade.238-artillery", "styleUrl": "#icon-ci-3", "styleHash": "7c36a64e", "styleMapHash": {"normal": "#icon-ci-3-normal", "highlight": "#icon-ci-3-highlight"}, "description": "{icon=enemy}", "icon-scale": 1.1, "icon": "images/icon-3.png", "label-scale": 0}}, {"type": "Feature", "geometry": {"type": "Point", "coordinates": [37.782543, 48.03331, 0]}, "properties": {"name": "20-та мотострілецька дивізія (в/ч 22220) /// 20th Motorized Rifle Division /// geoJSON.units.division.20-motorized-rifle", "styleUrl": "#icon-ci-4", "styleHash": "68ca4416", "styleMapHash": {"normal": "#icon-ci-4-normal", "highlight": "#icon-ci-4-highlight"}, "description": "{icon=headquarter}", "icon-scale": 1.1, "icon-offset": [16, 16], "icon": "images/icon-4.png", "label-scale": 0}}, {"type": "Feature", "geometry": {"type": "Point", "coordinates": [37.533059, 48.3124329, 0]}, "properties": {"name": "33-й гвардійський мотострілецький полк /// 33rd Guards Motorized Rifle Regiment /// geoJSON.units.regiment.33-motorized-rifle", "styleUrl": "#icon-ci-3", "styleHash": "7c36a64e", "styleMapHash": {"normal": "#icon-ci-3-normal", "highlight": "#icon-ci-3-highlight"}, "description": "{icon=enemy}", "icon-scale": 1.1, "icon": "images/icon-3.png", "label-scale": 0}}, {"type": "Feature", "geometry": {"type": "Point", "coordinates": [37.4771663, 48.2943962, 0]}, "properties": {"name": "255-й гвардійський мотострілецький полк /// 255th Guards Motorized Rifle Regiment /// geoJSON.units.regiment.255-motorized-rifle", "styleUrl": "#icon-ci-3", "styleHash": "7c36a64e", "styleMapHash": {"normal": "#icon-ci-3-normal", "highlight": "#icon-ci-3-highlight"}, "description": "{icon=enemy}", "icon-scale": 1.1, "icon": "images/icon-3.png", "label-scale": 0}}, {"type": "Feature", "geometry": {"type": "Point", "coordinates": [37.805545, 48.012949, 0]}, "properties": {"name": "1-й армійський корпус (ДНР) /// 1st Army Corps (DPR)  /// geoJSON.units.army.1-corps", "styleUrl": "#icon-ci-4", "styleHash": "68ca4416", "styleMapHash": {"normal": "#icon-ci-4-normal", "highlight": "#icon-ci-4-highlight"}, "description": "{icon=headquarter}", "icon-scale": 1.1, "icon-offset": [16, 16], "icon": "images/icon-4.png", "label-scale": 0}}, {"type": "Feature", "geometry": {"type": "Point", "coordinates": [37.8143431, 48.0806116, 0]}, "properties": {"name": "Окремий штурмовий батальйон «Сомалі» /// Somalia Battalion  /// geoJSON.units.battalion.somalia", "styleUrl": "#icon-ci-3", "styleHash": "7c36a64e", "styleMapHash": {"normal": "#icon-ci-3-normal", "highlight": "#icon-ci-3-highlight"}, "description": "{icon=enemy}", "icon-scale": 1.1, "icon": "images/icon-3.png", "label-scale": 0}}, {"type": "Feature", "geometry": {"type": "Point", "coordinates": [37.6330212, 51.27157, 0]}, "properties": {"name": "Окремий штурмовий батальйон «П'ятнашка» /// Piatnashka Battalion /// geoJSON.units.battalion.piatnashka", "styleUrl": "#icon-ci-3", "styleHash": "7c36a64e", "styleMapHash": {"normal": "#icon-ci-3-normal", "highlight": "#icon-ci-3-highlight"}, "description": "{icon=enemy}", "icon-scale": 1.1, "icon": "images/icon-3.png", "label-scale": 0}}, {"type": "Feature", "geometry": {"type": "Point", "coordinates": [37.3576095, 48.343683, 0]}, "properties": {"name": "1-ша окрема мотострілецька «Слов'янська» бригада (в/ч 08801) /// 1st separate motorized rifle \"Sloviansk\" brigade  /// geoJSON.units.brigade.1-motorized-rifle", "styleUrl": "#icon-ci-3", "styleHash": "7c36a64e", "styleMapHash": {"normal": "#icon-ci-3-normal", "highlight": "#icon-ci-3-highlight"}, "description": "{icon=enemy}", "icon-scale": 1.1, "icon": "images/icon-3.png", "label-scale": 0}}, {"type": "Feature", "geometry": {"type": "Point", "coordinates": [37.5962037, 48.0365073, 0]}, "properties": {"name": "2-й батальйон територіальної оборони ДНР /// 2nd battalion of territorial defense of the DPR /// geoJSON.units.battalion.2-territorial-defense", "styleUrl": "#icon-ci-3", "styleHash": "7c36a64e", "styleMapHash": {"normal": "#icon-ci-3-normal", "highlight": "#icon-ci-3-highlight"}, "description": "{icon=enemy}", "icon-scale": 1.1, "icon": "images/icon-3.png", "label-scale": 0}}, {"type": "Feature", "geometry": {"type": "Point", "coordinates": [37.4024834, 48.3429284, 0]}, "properties": {"name": "9-та окрема мотострілецька бригада ///9th separate motorized rifle brigade  /// geoJSON.units.brigade.9-motorized-rifle\n", "styleUrl": "#icon-ci-3", "styleHash": "7c36a64e", "styleMapHash": {"normal": "#icon-ci-3-normal", "highlight": "#icon-ci-3-highlight"}, "description": "{icon=enemy}", "icon-scale": 1.1, "icon": "images/icon-3.png", "label-scale": 0}}, {"type": "Feature", "geometry": {"type": "Point", "coordinates": [37.3450028, 48.4368495, 0]}, "properties": {"name": "114-та окрема мотострілецька бригада /// 114th separate motorized rifle brigade /// geoJSON.units.brigade.114-motorized-rifle", "styleUrl": "#icon-ci-3", "styleHash": "7c36a64e", "styleMapHash": {"normal": "#icon-ci-3-normal", "highlight": "#icon-ci-3-highlight"}, "description": "{icon=enemy}", "icon-scale": 1.1, "icon": "images/icon-3.png", "label-scale": 0}}, {"type": "Feature", "geometry": {"type": "Point", "coordinates": [37.8517173, 48.3018379, 0]}, "properties": {"name": "109-й стрілецький полк ДНР /// 109th Rifle Regiment DPR /// geoJSON.units.regiment.109-rifle", "styleUrl": "#icon-ci-3", "styleHash": "7c36a64e", "styleMapHash": {"normal": "#icon-ci-3-normal", "highlight": "#icon-ci-3-highlight"}, "description": "{icon=enemy}", "icon-scale": 1.1, "icon": "images/icon-3.png", "label-scale": 0}}, {"type": "Feature", "geometry": {"type": "Point", "coordinates": [37.6922922, 48.0791322, 0]}, "properties": {"name": "117-й мотострілецький полк ДНР /// 117th motorized rifle regiment DPR /// geoJSON.units.regiment.117-motorized-rifle", "styleUrl": "#icon-ci-3", "styleHash": "7c36a64e", "styleMapHash": {"normal": "#icon-ci-3-normal", "highlight": "#icon-ci-3-highlight"}, "description": "{icon=enemy}", "icon-scale": 1.1, "icon": "images/icon-3.png", "label-scale": 0}}, {"type": "Feature", "geometry": {"type": "Point", "coordinates": [37.3212042, 48.4246729, 0]}, "properties": {"name": "132-га окрема мотострілецька бригада (колишня 3-тя «Беркут») /// 132nd separate motorized rifle brigade (formerly the 3rd Brigade \"Berkut\")", "styleUrl": "#icon-ci-3", "styleHash": "7c36a64e", "styleMapHash": {"normal": "#icon-ci-3-normal", "highlight": "#icon-ci-3-highlight"}, "description": "{icon=enemy}", "icon-scale": 1.1, "icon": "images/icon-3.png", "label-scale": 0}}, {"type": "Feature", "geometry": {"type": "Point", "coordinates": [37.0607603, 48.2148213, 0]}, "properties": {"name": "87-й стрілецький полк /// 87th Rifle Regiment  /// geoJSON.units.regiment.87-rifle", "styleUrl": "#icon-ci-3", "styleHash": "7c36a64e", "styleMapHash": {"normal": "#icon-ci-3-normal", "highlight": "#icon-ci-3-highlight"}, "description": "{icon=enemy}", "icon-scale": 1.1, "icon": "images/icon-3.png", "label-scale": 0}}, {"type": "Feature", "geometry": {"type": "Point", "coordinates": [37.550343, 47.997272, 0]}, "properties": {"name": "3-й мотострілецький батальйон зі складу 114-ї ОМСБр /// 3rd Motorized Rifle Battalion from the 114th Infantry Brigade /// geoJSON.units.battalion.3-motorized-rifle-114", "styleUrl": "#icon-ci-3", "styleHash": "7c36a64e", "styleMapHash": {"normal": "#icon-ci-3-normal", "highlight": "#icon-ci-3-highlight"}, "description": "{icon=enemy}", "icon-scale": 1.1, "icon": "images/icon-3.png", "label-scale": 0}}, {"type": "Feature", "geometry": {"type": "Point", "coordinates": [37.7070278, 48.2094374, 0]}, "properties": {"name": "277-й стрілецький батальйон /// 277th Rifle Battalion /// geoJSON.units.battalion.277-rifle", "styleUrl": "#icon-ci-3", "styleHash": "7c36a64e", "styleMapHash": {"normal": "#icon-ci-3-normal", "highlight": "#icon-ci-3-highlight"}, "description": "{icon=enemy}", "icon-scale": 1.1, "icon": "images/icon-3.png", "label-scale": 0}}, {"type": "Feature", "geometry": {"type": "Point", "coordinates": [37.0350899, 48.0248131, 0]}, "properties": {"name": "Частково 111-й окремий стрілецький полк /// Part 111th separate rifle regiment /// geoJSON.units.regiment.111-rifle", "styleUrl": "#icon-ci-3", "styleHash": "7c36a64e", "styleMapHash": {"normal": "#icon-ci-3-normal", "highlight": "#icon-ci-3-highlight"}, "description": "{icon=enemy}", "icon-scale": 1.1, "icon": "images/icon-3.png", "label-scale": 0}}, {"type": "Feature", "geometry": {"type": "Point", "coordinates": [37.7984469, 48.0464243, 0]}, "properties": {"name": "шойгісти \"шторм-z\" /// shoigists \"storm-z\" /// geoJSON.units.storm-z\n", "styleUrl": "#icon-ci-3", "styleHash": "7c36a64e", "styleMapHash": {"normal": "#icon-ci-3-normal", "highlight": "#icon-ci-3-highlight"}, "description": "{icon=enemy}", "icon-scale": 1.1, "icon": "images/icon-3.png", "label-scale": 0}}, {"type": "Feature", "geometry": {"type": "Point", "coordinates": [37.7516558, 48.3823242, 0]}, "properties": {"name": "103-й мотострілковий полк зі складу 150 мсд///103rd Motorized Rifle Regiment (from the composition of 150 MRD) /// geoJSON.units.regiment.103-motorized-rifle", "styleUrl": "#icon-ci-3", "styleHash": "7c36a64e", "styleMapHash": {"normal": "#icon-ci-3-normal", "highlight": "#icon-ci-3-highlight"}, "description": "{icon=enemy}", "icon-scale": 1.1, "icon": "images/icon-3.png", "label-scale": 0}}, {"type": "Feature", "geometry": {"type": "Point", "coordinates": [37.7243275, 48.0937968, 0]}, "properties": {"name": "10-й ОТБ /// 10-й ОТБ  /// geoJSON.units.battalion.10-tank", "styleUrl": "#icon-ci-3", "styleHash": "7c36a64e", "styleMapHash": {"normal": "#icon-ci-3-normal", "highlight": "#icon-ci-3-highlight"}, "description": "{icon=enemy}", "icon-scale": 1.1, "icon": "images/icon-3.png", "label-scale": 0}}, {"type": "Feature", "geometry": {"type": "Point", "coordinates": [37.2693383, 48.3580214, 0]}, "properties": {"name": "5-та окрема мотострілецька бригада ///5th separate motorized rifle brigade /// geoJSON.units.brigade.5-motorized-rifle", "styleUrl": "#icon-ci-3", "styleHash": "7c36a64e", "styleMapHash": {"normal": "#icon-ci-3-normal", "highlight": "#icon-ci-3-highlight"}, "description": "{icon=enemy}", "icon-scale": 1.1, "icon": "images/icon-3.png", "label-scale": 0}}, {"type": "Feature", "geometry": {"type": "Point", "coordinates": [37.3788825, 48.3419824, 0]}, "properties": {"name": "110-та окрема мотострілецька бригада /// 110th Separate Motorized Rifle Brigade /// geoJSON.units.brigade.110-motorized-rifle", "styleUrl": "#icon-ci-3", "styleHash": "7c36a64e", "styleMapHash": {"normal": "#icon-ci-3-normal", "highlight": "#icon-ci-3-highlight"}, "description": "{icon=enemy}", "icon-scale": 1.1, "icon": "images/icon-3.png", "label-scale": 0}}, {"type": "Feature", "geometry": {"type": "Point", "coordinates": [36.2600957, 47.6387052, 0]}, "properties": {"name": "39-та окрема мотострілецька бригада///39th Separate Guards Motor Rifle Brigade /// geoJSON.units.brigade.39-motorized-rifle", "styleUrl": "#icon-ci-3", "styleHash": "7c36a64e", "styleMapHash": {"normal": "#icon-ci-3-normal", "highlight": "#icon-ci-3-highlight"}, "description": "{icon=enemy}", "icon-scale": 1.1, "icon": "images/icon-3.png", "label-scale": 0}}, {"type": "Feature", "geometry": {"type": "Point", "coordinates": [37.9103701, 48.3799155, 0]}, "properties": {"name": "80-й окремий розвідувальний батальйон \"Спарта\" імені Пєтуха Смаженого /// The 80th separate intelligence battalion \"Sparta\" named Fried Cock /// geoJSON.units.battalion.80-intelligence", "styleUrl": "#icon-ci-3", "styleHash": "7c36a64e", "styleMapHash": {"normal": "#icon-ci-3-normal", "highlight": "#icon-ci-3-highlight"}, "description": "{icon=enemy}", "icon-scale": 1.1, "icon": "images/icon-3.png", "label-scale": 0}}, {"type": "Feature", "geometry": {"type": "Point", "coordinates": [37.6545078, 48.3290927, 0]}, "properties": {"name": "10-й танковий полк ///10th tank regiment /// geoJSON.units.regiment.10-tank", "styleUrl": "#icon-ci-3", "styleHash": "7c36a64e", "styleMapHash": {"normal": "#icon-ci-3-normal", "highlight": "#icon-ci-3-highlight"}, "description": "{icon=enemy}", "icon-scale": 1.1, "icon": "images/icon-3.png", "label-scale": 0}}, {"type": "Feature", "geometry": {"type": "Point", "coordinates": [37.2095803, 47.8657891, 0]}, "properties": {"name": "139-та окремий мотострілецький батальйон ///139th Separate Guards Motor Rifle Battalion /// geoJSON.units.battalion.1393-motorized-rifle\n", "styleUrl": "#icon-ci-3", "styleHash": "7c36a64e", "styleMapHash": {"normal": "#icon-ci-3-normal", "highlight": "#icon-ci-3-highlight"}, "description": "{icon=enemy}", "icon-scale": 1.1, "icon": "images/icon-3.png", "label-scale": 0}}, {"type": "Feature", "geometry": {"type": "Point", "coordinates": [37.6861517, 48.1578323, 0]}, "properties": {"name": "115-та окрема мотострілецька бригада /// 115th separate motorized rifle brigade /// geoJSON.units.brigade.115-motorized-rifle\n", "styleUrl": "#icon-ci-3", "styleHash": "7c36a64e", "styleMapHash": {"normal": "#icon-ci-3-normal", "highlight": "#icon-ci-3-highlight"}, "description": "{icon=enemy}", "icon-scale": 1.1, "icon": "images/icon-3.png", "label-scale": 0}}, {"type": "Feature", "geometry": {"type": "Point", "coordinates": [37.8036579, 48.3709382, 0]}, "properties": {"name": "1465-й мотострілецький полк територіальних військ /// 1465th motorized rifle regiment of territorial troops /// geoJSON.units.regiment.1465-motorised-rifle", "styleUrl": "#icon-ci-3", "styleHash": "7c36a64e", "styleMapHash": {"normal": "#icon-ci-3-normal", "highlight": "#icon-ci-3-highlight"}, "description": "{icon=enemy}", "icon-scale": 1.1, "icon": "images/icon-3.png", "label-scale": 0}}, {"type": "Feature", "geometry": {"type": "Point", "coordinates": [37.7573808, 48.3164805, 0]}, "properties": {"name": "1219-й мотострілецький полк територіальних військ /// 1219th motorized rifle regiment of territorial troops  /// geoJSON.units.regiment.1219-motorised-rifle", "styleUrl": "#icon-ci-3", "styleHash": "7c36a64e", "styleMapHash": {"normal": "#icon-ci-3-normal", "highlight": "#icon-ci-3-highlight"}, "description": "{icon=enemy}", "icon-scale": 1.1, "icon": "images/icon-3.png", "label-scale": 0}}, {"type": "Feature", "geometry": {"type": "Point", "coordinates": [37.3628526, 47.8598201, 0]}, "properties": {"name": "18-та кулеметно-артилерійська дивізія /// 18th Machine Gun Artillery Division /// geoJSON.units.division.18-gun-artillery", "styleUrl": "#icon-ci-3", "styleHash": "7c36a64e", "styleMapHash": {"normal": "#icon-ci-3-normal", "highlight": "#icon-ci-3-highlight"}, "description": "{icon=enemy}", "icon-scale": 1.1, "icon": "images/icon-3.png", "label-scale": 0}}, {"type": "Feature", "geometry": {"type": "Point", "coordinates": [37.3399074, 48.2840507, 0]}, "properties": {"name": "1487-й мотострілецький полк територіальних військ /// 1487th motorized rifle regiment of territorial troops /// geoJSON.units.regiment.1487-motorised-rifle\n", "styleUrl": "#icon-ci-3", "styleHash": "7c36a64e", "styleMapHash": {"normal": "#icon-ci-3-normal", "highlight": "#icon-ci-3-highlight"}, "description": "{icon=enemy}", "icon-scale": 1.1, "icon": "images/icon-3.png", "label-scale": 0}}, {"type": "Feature", "geometry": {"type": "Point", "coordinates": [37.6985738, 48.1733632, 0]}, "properties": {"name": "1140-й мотострілецький полк територіальних військ /// 1140th motorized rifle regiment of territorial troops  /// geoJSON.units.regiment.1140-motorised-rifle\n", "styleUrl": "#icon-ci-3", "styleHash": "7c36a64e", "styleMapHash": {"normal": "#icon-ci-3-normal", "highlight": "#icon-ci-3-highlight"}, "description": "{icon=enemy}", "icon-scale": 1.1, "icon": "images/icon-3.png", "label-scale": 0}}, {"type": "Feature", "geometry": {"type": "Point", "coordinates": [37.8655932, 48.3487865, 0]}, "properties": {"name": "163-й танковий полк ///163rd tank regiment  /// geoJSON.units.regiment.163-tank\n", "styleUrl": "#icon-ci-3", "styleHash": "7c36a64e", "styleMapHash": {"normal": "#icon-ci-3-normal", "highlight": "#icon-ci-3-highlight"}, "description": "{icon=enemy}", "icon-scale": 1.1, "icon": "images/icon-3.png", "label-scale": 0}}, {"type": "Feature", "geometry": {"type": "Point", "coordinates": [37.500606, 48.320415, 0]}, "properties": {"name": "242-й гвардійський мотострілецький полк /// 242th Guards Motorized Rifle Regiment /// geoJSON.units.regiment.242-motorized-rifle\n", "styleUrl": "#icon-ci-3", "styleHash": "7c36a64e", "styleMapHash": {"normal": "#icon-ci-3-normal", "highlight": "#icon-ci-3-highlight"}, "description": "{icon=enemy}", "icon-scale": 1.1, "icon": "images/icon-3.png", "label-scale": 0}}, {"type": "Feature", "geometry": {"type": "Point", "coordinates": [37.6182829, 48.2512664, 0]}, "properties": {"name": "57-й мотострілецький полк /// 57th Motor Rifle Regiment /// geoJSON.units.regiment.57-motorized-rifle\n", "styleUrl": "#icon-ci-3", "styleHash": "7c36a64e", "styleMapHash": {"normal": "#icon-ci-3-normal", "highlight": "#icon-ci-3-highlight"}, "description": "{icon=enemy}", "icon-scale": 1.1, "icon": "images/icon-3.png", "label-scale": 0}}, {"type": "Feature", "geometry": {"type": "Point", "coordinates": [37.4494007, 48.2629461, 0]}, "properties": {"name": "1472-й мотострілецький полк територіальних військ /// 1472th motorized rifle regiment of territorial troops /// geoJSON.units.regiment.1472-motorised-rifle", "styleUrl": "#icon-ci-3", "styleHash": "7c36a64e", "styleMapHash": {"normal": "#icon-ci-3-normal", "highlight": "#icon-ci-3-highlight"}, "description": "{icon=enemy}", "icon-scale": 1.1, "icon": "images/icon-3.png", "label-scale": 0}}, {"type": "Feature", "geometry": {"type": "Point", "coordinates": [37.1759433, 48.2826437, 0]}, "properties": {"name": "506-й мотострілецький полк\n /// 506th Motorized Rifle Regiment /// geoJSON.units.regiment.506-motorized-rifle", "styleUrl": "#icon-ci-3", "styleHash": "7c36a64e", "styleMapHash": {"normal": "#icon-ci-3-normal", "highlight": "#icon-ci-3-highlight"}, "description": "{icon=enemy}", "icon-scale": 1.1, "icon": "images/icon-3.png", "label-scale": 0}}, {"type": "Feature", "geometry": {"type": "Point", "coordinates": [37.1546244, 48.2294406, 0]}, "properties": {"name": "589-й мотострілецький полк\n /// 589th Motorized Rifle Regiment /// geoJSON.units.regiment.589-motorized-rifle", "styleUrl": "#icon-ci-3", "styleHash": "7c36a64e", "styleMapHash": {"normal": "#icon-ci-3-normal", "highlight": "#icon-ci-3-highlight"}, "description": "{icon=enemy}", "icon-scale": 1.1, "icon": "images/icon-3.png", "label-scale": 0}}, {"type": "Feature", "geometry": {"type": "Point", "coordinates": [37.0983743, 47.8266715, 0]}, "properties": {"name": "43-а окрема рота спеціального призначення 29 ОА /// 43rd separate special purpose company of the 29th army /// geoJSON.units.pidors-43", "styleUrl": "#icon-ci-3", "styleHash": "7c36a64e", "styleMapHash": {"normal": "#icon-ci-3-normal", "highlight": "#icon-ci-3-highlight"}, "description": "{icon=enemy}", "icon-scale": 1.1, "icon": "images/icon-3.png", "label-scale": 0}}, {"type": "Feature", "geometry": {"type": "Point", "coordinates": [37.1030849, 47.7248387, 0]}, "properties": {"name": "403-й мотострілецький полк /// 403rd Guards Yampolsky Motor Rifle Regiment /// geoJSON.units.regiment.403-motorized-rifle\n", "styleUrl": "#icon-ci-3", "styleHash": "7c36a64e", "styleMapHash": {"normal": "#icon-ci-3-normal", "highlight": "#icon-ci-3-highlight"}, "description": "{icon=enemy}", "icon-scale": 1.1, "icon": "images/icon-3.png", "label-scale": 0}}, {"type": "Feature", "geometry": {"type": "Point", "coordinates": [37.3765996, 48.0653542, 0]}, "properties": {"name": "67-й стрілецький полк /// 67th Rifle Regiment /// geoJSON.units.regiment.67-rifle\n", "styleUrl": "#icon-ci-3", "styleHash": "7c36a64e", "styleMapHash": {"normal": "#icon-ci-3-normal", "highlight": "#icon-ci-3-highlight"}, "description": "{icon=enemy}", "icon-scale": 1.1, "icon": "images/icon-3.png", "label-scale": 0}}, {"type": "Feature", "geometry": {"type": "Point", "coordinates": [37.1221759, 48.2823046, 0]}, "properties": {"name": "71-й окремий батальйон спеціального призначення /// 71st Separate Special Forces Battalion /// geoJSON.units.battalion.71-special-purpose", "styleUrl": "#icon-ci-3", "styleHash": "7c36a64e", "styleMapHash": {"normal": "#icon-ci-3-normal", "highlight": "#icon-ci-3-highlight"}, "description": "{icon=enemy}", "icon-scale": 1.1, "icon": "images/icon-3.png", "label-scale": 0}}, {"type": "Feature", "geometry": {"type": "Point", "coordinates": [36.3575104, 47.7431702, 0]}, "properties": {"name": "1466-й мотострілецький полк територіальних військ /// 1466th motorized rifle regiment of territorial troops /// geoJSON.units.regiment.1466-motorised-rifle\n", "styleUrl": "#icon-ci-3", "styleHash": "7c36a64e", "styleMapHash": {"normal": "#icon-ci-3-normal", "highlight": "#icon-ci-3-highlight"}, "description": "{icon=enemy}", "icon-scale": 1.1, "icon": "images/icon-3.png", "label-scale": 0}}, {"type": "Feature", "geometry": {"type": "Point", "coordinates": [37.2694636, 48.1786135, 0]}, "properties": {"name": "104-й десантно-штурмовий полк зі складу 76-ї дивізії /// 104th Airborne Assault Regiment from the 76th Division /// geoJSON.units.regiment.104-airborne-assault", "styleUrl": "#icon-ci-3", "styleHash": "7c36a64e", "styleMapHash": {"normal": "#icon-ci-3-normal", "highlight": "#icon-ci-3-highlight"}, "description": "{icon=enemy}", "icon-scale": 1.1, "icon": "images/icon-3.png", "label-scale": 0}}, {"type": "Feature", "geometry": {"type": "Point", "coordinates": [37.5228388, 47.6051336, 0]}, "properties": {"name": "24-й мотострілецький полк /// 24th Motor Rifle Regiment /// geoJSON.units.regiment.24-motorized-rifle\n", "styleUrl": "#icon-ci-3", "styleHash": "7c36a64e", "styleMapHash": {"normal": "#icon-ci-3-normal", "highlight": "#icon-ci-3-highlight"}, "description": "{icon=enemy}", "icon-scale": 1.1, "icon": "images/icon-3.png", "label-scale": 0}}, {"type": "Feature", "geometry": {"type": "Point", "coordinates": [36.3637736, 47.6787017, 0]}, "properties": {"name": "57-ма окрема мотострілецька бригада /// 57th separate motorized rifle brigade /// geoJSON.units.brigade.57-motorized-rifle", "styleUrl": "#icon-ci-3", "styleHash": "7c36a64e", "styleMapHash": {"normal": "#icon-ci-3-normal", "highlight": "#icon-ci-3-highlight"}, "description": "{icon=enemy}", "icon-scale": 1.1, "icon": "images/icon-3.png", "label-scale": 0}}, {"type": "Feature", "geometry": {"type": "Point", "coordinates": [32.5608661, 46.4740079, 0]}, "properties": {"name": "127-ма окрема розвідувальна бригада /// 127th separate intelligence brigade /// geoJSON.units.brigade.127-intelligence\n", "styleUrl": "#icon-ci-3", "styleHash": "7c36a64e", "styleMapHash": {"normal": "#icon-ci-3-normal", "highlight": "#icon-ci-3-highlight"}, "description": "{icon=enemy}", "icon-scale": 1.1, "icon": "images/icon-3.png", "label-scale": 0}}, {"type": "Feature", "geometry": {"type": "Point", "coordinates": [29.64741, 46.821465, 0]}, "properties": {"name": "540-й окремий батальйон керування /// 540th Detached Control Battalion /// geoJSON.units.battalion.540-control", "styleUrl": "#icon-ci-4", "styleHash": "68ca4416", "styleMapHash": {"normal": "#icon-ci-4-normal", "highlight": "#icon-ci-4-highlight"}, "description": "{icon=headquarter}", "icon-scale": 1.1, "icon-offset": [16, 16], "icon": "images/icon-4.png", "label-scale": 0}}, {"type": "Feature", "geometry": {"type": "Point", "coordinates": [35.365498, 46.846524, 0]}, "properties": {"name": "58-та загальновійськова армія /// 58th combined-arms army /// geoJSON.units.army.58-combined-arms", "styleUrl": "#icon-ci-4", "styleHash": "68ca4416", "styleMapHash": {"normal": "#icon-ci-4-normal", "highlight": "#icon-ci-4-highlight"}, "description": "{icon=headquarter}", "icon-scale": 1.1, "icon-offset": [16, 16], "icon": "images/icon-4.png", "label-scale": 0}}, {"type": "Feature", "geometry": {"type": "Point", "coordinates": [35.3616909, 47.4878141, 0]}, "properties": {"name": "247-й гвардійський десантно-штурмовий полк /// 247th Guards Air Assault Regiment  /// geoJSON.units.regiment.247-airborne-assault", "styleUrl": "#icon-ci-3", "styleHash": "7c36a64e", "styleMapHash": {"normal": "#icon-ci-3-normal", "highlight": "#icon-ci-3-highlight"}, "description": "{icon=enemy}", "icon-scale": 1.1, "icon": "images/icon-3.png", "label-scale": 0}}, {"type": "Feature", "geometry": {"type": "Point", "coordinates": [37.2446498, 48.1824609, 0]}, "properties": {"name": "234-й десантно-штурмовий полк зі складу 76-ї дивізії /// 234th Airborne Assault Regiment from the 76th Division /// geoJSON.units.regiment.234-airborne-assault", "styleUrl": "#icon-ci-3", "styleHash": "7c36a64e", "styleMapHash": {"normal": "#icon-ci-3-normal", "highlight": "#icon-ci-3-highlight"}, "description": "{icon=enemy}", "icon-scale": 1.1, "icon": "images/icon-3.png", "label-scale": 0}}, {"type": "Feature", "geometry": {"type": "Point", "coordinates": [37.2221773, 48.1939618, 0]}, "properties": {"name": "237-й десантно-штурмовий полк зі складу 76-ї дивізії /// 237th Airborne Assault Regiment from the 76th Division  /// geoJSON.units.regiment.237-airborne-assault", "styleUrl": "#icon-ci-3", "styleHash": "7c36a64e", "styleMapHash": {"normal": "#icon-ci-3-normal", "highlight": "#icon-ci-3-highlight"}, "description": "{icon=enemy}", "icon-scale": 1.1, "icon": "images/icon-3.png", "label-scale": 0}}, {"type": "Feature", "geometry": {"type": "Point", "coordinates": [29.697533, 46.765054, 0]}, "properties": {"name": "113-й окремий гвардійський мотострілковий батальйон /// 113th Separate Guards Motorized Rifle Battalion /// geoJSON.units.battalion.113-motorized-rifle", "styleUrl": "#icon-ci-3", "styleHash": "7c36a64e", "styleMapHash": {"normal": "#icon-ci-3-normal", "highlight": "#icon-ci-3-highlight"}, "description": "{icon=enemy}", "icon-scale": 1.1, "icon": "images/icon-3.png", "label-scale": 0}}, {"type": "Feature", "geometry": {"type": "Point", "coordinates": [36.6193508, 47.8595757, 0]}, "properties": {"name": "5-та окрема танкова бригада (в/ч 46108) /// 5th separate tank brigade /// geoJSON.units.brigade.5-tank", "styleUrl": "#icon-ci-3", "styleHash": "7c36a64e", "styleMapHash": {"normal": "#icon-ci-3-normal", "highlight": "#icon-ci-3-highlight"}, "description": "{icon=enemy}", "icon-scale": 1.1, "icon": "images/icon-3.png", "label-scale": 0}}, {"type": "Feature", "geometry": {"type": "Point", "coordinates": [38.2010392, 47.9392396, 0]}, "properties": {"name": "37-ма окрема мотострілецька бригада /// 37th Separate Guards Motor Rifle Brigade /// geoJSON.units.brigade.37-motorized-rifle", "styleUrl": "#icon-ci-3", "styleHash": "7c36a64e", "styleMapHash": {"normal": "#icon-ci-3-normal", "highlight": "#icon-ci-3-highlight"}, "description": "{icon=enemy}", "icon-scale": 1.1, "icon": "images/icon-3.png", "label-scale": 0}}, {"type": "Feature", "geometry": {"type": "Point", "coordinates": [35.8302119, 47.3898146, 0]}, "properties": {"name": "136-та мотострілецька бригада /// 136th motorized rifle brigade /// geoJSON.units.brigade.136-motorized-rifle", "styleUrl": "#icon-ci-3", "styleHash": "7c36a64e", "styleMapHash": {"normal": "#icon-ci-3-normal", "highlight": "#icon-ci-3-highlight"}, "description": "{icon=enemy}", "icon-scale": 1.1, "icon": "images/icon-3.png", "label-scale": 0}}, {"type": "Feature", "geometry": {"type": "Point", "coordinates": [35.71191, 47.249824, 0]}, "properties": {"name": "19-та мотострілецька дивізія /// 19th Motorized Rifle Division /// geoJSON.units.division.19-motorized-rifle", "styleUrl": "#icon-ci-4", "styleHash": "68ca4416", "styleMapHash": {"normal": "#icon-ci-4-normal", "highlight": "#icon-ci-4-highlight"}, "description": "{icon=headquarter}", "icon-scale": 1.1, "icon-offset": [16, 16], "icon": "images/icon-4.png", "label-scale": 0}}, {"type": "Feature", "geometry": {"type": "Point", "coordinates": [36.6405404, 47.35927, 0]}, "properties": {"name": "121-й полк мобілізаційного резерву ДНР /// 121st Regiment of the Mobilization Reserve of the DPR /// geoJSON.units.regiment.121-mobilization", "styleUrl": "#icon-ci-3", "styleHash": "7c36a64e", "styleMapHash": {"normal": "#icon-ci-3-normal", "highlight": "#icon-ci-3-highlight"}, "description": "{icon=enemy}", "icon-scale": 1.1, "icon": "images/icon-3.png", "label-scale": 0}}, {"type": "Feature", "geometry": {"type": "Point", "coordinates": [37.224003, 47.708017, 0]}, "properties": {"name": "123-й стрілецький полк ДНР /// 123st Regiment (DPR) /// geoJSON.units.regiment.123-rifle", "styleUrl": "#icon-ci-3", "styleHash": "7c36a64e", "styleMapHash": {"normal": "#icon-ci-3-normal", "highlight": "#icon-ci-3-highlight"}, "description": "{icon=enemy}", "icon-scale": 1.1, "icon": "images/icon-3.png", "label-scale": 0}}, {"type": "Feature", "geometry": {"type": "Point", "coordinates": [35.4867559, 47.4606652, 0]}, "properties": {"name": "125-й мотострілковий полк (ДНР) /// 125st Regiment (DPR) /// geoJSON.units.regiment.125-motorized-rifle", "styleUrl": "#icon-ci-3", "styleHash": "7c36a64e", "styleMapHash": {"normal": "#icon-ci-3-normal", "highlight": "#icon-ci-3-highlight"}, "description": "{icon=enemy}", "icon-scale": 1.1, "icon": "images/icon-3.png", "label-scale": 0}}, {"type": "Feature", "geometry": {"type": "Point", "coordinates": [36.9330542, 47.7104046, 0]}, "properties": {"name": "131-й стрілецький полк (ДНР) /// 131st Regiment (DPR) /// geoJSON.units.regiment.131-rifle", "styleUrl": "#icon-ci-3", "styleHash": "7c36a64e", "styleMapHash": {"normal": "#icon-ci-3-normal", "highlight": "#icon-ci-3-highlight"}, "description": "{icon=enemy}", "icon-scale": 1.1, "icon": "images/icon-3.png", "label-scale": 0}}, {"type": "Feature", "geometry": {"type": "Point", "coordinates": [35.4454051, 47.4838356, 0]}, "properties": {"name": "429-й мотострілецький полк\n /// 429th Motorized Rifle Regiment /// geoJSON.units.regiment.429-motorized-rifle", "styleUrl": "#icon-ci-3", "styleHash": "7c36a64e", "styleMapHash": {"normal": "#icon-ci-3-normal", "highlight": "#icon-ci-3-highlight"}, "description": "{icon=enemy}", "icon-scale": 1.1, "icon": "images/icon-3.png", "label-scale": 0}}, {"type": "Feature", "geometry": {"type": "Point", "coordinates": [35.6898788, 47.4997918, 0]}, "properties": {"name": "503-й мотострілецький полк\n /// 503rd Motorized Rifle Regiment /// geoJSON.units.regiment.503-motorized-rifle", "styleUrl": "#icon-ci-3", "styleHash": "7c36a64e", "styleMapHash": {"normal": "#icon-ci-3-normal", "highlight": "#icon-ci-3-highlight"}, "description": "{icon=enemy}", "icon-scale": 1.1, "icon": "images/icon-3.png", "label-scale": 0}}, {"type": "Feature", "geometry": {"type": "Point", "coordinates": [35.3470097, 46.8829057, 0]}, "properties": {"name": "1430-й мотострілецький полк /// 1430th motorized rifle regiment /// geoJSON.units.regiment.1430-motorized-rifle", "styleUrl": "#icon-ci-3", "styleHash": "7c36a64e", "styleMapHash": {"normal": "#icon-ci-3-normal", "highlight": "#icon-ci-3-highlight"}, "description": "{icon=enemy}", "icon-scale": 1.1, "icon": "images/icon-3.png", "label-scale": 0}}, {"type": "Feature", "geometry": {"type": "Point", "coordinates": [36.2828847, 47.6652403, 0]}, "properties": {"name": "143-й мотострілецький полк (в/ч 21634) зі складу 127-ї МСД /// 143rd Motorized Rifle Regiment from the 127th MRD /// geoJSON.units.regiment.143-motorized-rifle", "styleUrl": "#icon-ci-3", "styleHash": "7c36a64e", "styleMapHash": {"normal": "#icon-ci-3-normal", "highlight": "#icon-ci-3-highlight"}, "description": "{icon=enemy}", "icon-scale": 1.1, "icon": "images/icon-3.png", "label-scale": 0}}, {"type": "Feature", "geometry": {"type": "Point", "coordinates": [36.247984, 51.7271969, 0]}, "properties": {"name": "42-мотострілецька дивізія /// 42nd Motorized Rifle Division /// geoJSON.units.division.42-motorized-rifle", "styleUrl": "#icon-ci-4", "styleHash": "68ca4416", "styleMapHash": {"normal": "#icon-ci-4-normal", "highlight": "#icon-ci-4-highlight"}, "description": "{icon=headquarter}", "icon-scale": 1.1, "icon-offset": [16, 16], "icon": "images/icon-4.png", "label-scale": 0}}, {"type": "Feature", "geometry": {"type": "Point", "coordinates": [35.7557368, 47.3969035, 0]}, "properties": {"name": "78-й мотострілецький полк ім. Ахмат-Хаджи Кадирова /// 78th motorized rifle regiment /// geoJSON.units.regiment.78-motorized-rifle", "styleUrl": "#icon-ci-3", "styleHash": "7c36a64e", "styleMapHash": {"normal": "#icon-ci-3-normal", "highlight": "#icon-ci-3-highlight"}, "description": "{icon=enemy}", "icon-scale": 1.1, "icon": "images/icon-3.png", "label-scale": 0}}, {"type": "Feature", "geometry": {"type": "Point", "coordinates": [35.4132543, 46.8868364, 0]}, "properties": {"name": "291-й гвардійський мотострілецький полк /// 291st Guards Motorized Rifle Regiment /// geoJSON.units.regiment.291-motorized-rifle", "styleUrl": "#icon-ci-3", "styleHash": "7c36a64e", "styleMapHash": {"normal": "#icon-ci-3-normal", "highlight": "#icon-ci-3-highlight"}, "description": "{icon=enemy}", "icon-scale": 1.1, "icon": "images/icon-3.png", "label-scale": 0}}, {"type": "Feature", "geometry": {"type": "Point", "coordinates": [34.5266566, 47.477664, 0]}, "properties": {"name": "Підрозділ росгвардії «Ахмат-Центр» /// Rosguard unit \"Akhmat-Centre\" /// geoJSON.units.akhmat.centre", "styleUrl": "#icon-ci-3", "styleHash": "7c36a64e", "styleMapHash": {"normal": "#icon-ci-3-normal", "highlight": "#icon-ci-3-highlight"}, "description": "{icon=enemy}", "icon-scale": 1.1, "icon": "images/icon-3.png", "label-scale": 0}}, {"type": "Feature", "geometry": {"type": "Point", "coordinates": [33.934547, 47.145246, 0]}, "properties": {"name": "10-та окрема бригада спеціального призначення (ГРУ, в/ч 51532) /// 10th Separate Special Purpose Brigade  /// geoJSON.units.brigade.10-special-purpose", "styleUrl": "#icon-ci-3", "styleHash": "7c36a64e", "styleMapHash": {"normal": "#icon-ci-3-normal", "highlight": "#icon-ci-3-highlight"}, "description": "{icon=enemy}", "icon-scale": 1.1, "icon": "images/icon-3.png", "label-scale": 0}}, {"type": "Feature", "geometry": {"type": "Point", "coordinates": [36.4361968, 47.7883861, 0]}, "properties": {"name": "14-та окрема бригада спеціального призначення (ГРУ, в/ч 74854) /// 14th separate special purpose brigade /// geoJSON.units.brigade.14-special-purpose", "styleUrl": "#icon-ci-3", "styleHash": "7c36a64e", "styleMapHash": {"normal": "#icon-ci-3-normal", "highlight": "#icon-ci-3-highlight"}, "description": "{icon=enemy}", "icon-scale": 1.1, "icon": "images/icon-3.png", "label-scale": 0}}, {"type": "Feature", "geometry": {"type": "Point", "coordinates": [36.2551523, 47.6151396, 0]}, "properties": {"name": "40-ва окрема бригада морської піхоти /// 40th Naval Infantry Brigade /// geoJSON.units.brigade.40-marine", "styleUrl": "#icon-ci-3", "styleHash": "7c36a64e", "styleMapHash": {"normal": "#icon-ci-3-normal", "highlight": "#icon-ci-3-highlight"}, "description": "{icon=enemy}", "icon-scale": 1.1, "icon": "images/icon-3.png", "label-scale": 0}}, {"type": "Feature", "geometry": {"type": "Point", "coordinates": [36.803685, 46.761319, 0]}, "properties": {"name": "102-га окрема бригада оперативного призначення (в/ч 6752) /// 102nd separate brigade of operational assignment /// geoJSON.units.brigade.102-operational-assignment", "styleUrl": "#icon-ci-3", "styleHash": "7c36a64e", "styleMapHash": {"normal": "#icon-ci-3-normal", "highlight": "#icon-ci-3-highlight"}, "description": "{icon=enemy}", "icon-scale": 1.1, "icon": "images/icon-3.png", "label-scale": 0}}, {"type": "Feature", "geometry": {"type": "Point", "coordinates": [34.5865599, 47.5122827, 0]}, "properties": {"name": "Підрозділ росгвардії «Ахмат-Південь» /// Rosguard unit \"Akhmat-South\" /// geoJSON.units.akhmat.south", "styleUrl": "#icon-ci-3", "styleHash": "7c36a64e", "styleMapHash": {"normal": "#icon-ci-3-normal", "highlight": "#icon-ci-3-highlight"}, "description": "{icon=enemy}", "icon-scale": 1.1, "icon": "images/icon-3.png", "label-scale": 0}}, {"type": "Feature", "geometry": {"type": "Point", "coordinates": [36.7663086, 47.6603975, 0]}, "properties": {"name": "5-та загальновійськова армія /// 5th Combined Arms Army /// geoJSON.units.army.5-combined-arms", "styleUrl": "#icon-ci-4", "styleHash": "68ca4416", "styleMapHash": {"normal": "#icon-ci-4-normal", "highlight": "#icon-ci-4-highlight"}, "description": "{icon=headquarter}", "icon-scale": 1.1, "icon-offset": [16, 16], "icon": "images/icon-4.png", "label-scale": 0}}, {"type": "Feature", "geometry": {"type": "Point", "coordinates": [32.3252684, 46.3340967, 0]}, "properties": {"name": "439-та гвардійська ракетно-артилерійська бригада /// 439th Guards Rocket Artillery Brigade /// geoJSON.units.brigade.439-rocket-artillery", "styleUrl": "#icon-ci-3", "styleHash": "7c36a64e", "styleMapHash": {"normal": "#icon-ci-3-normal", "highlight": "#icon-ci-3-highlight"}, "description": "{icon=enemy}", "icon-scale": 1.1, "icon": "images/icon-3.png", "label-scale": 0}}, {"type": "Feature", "geometry": {"type": "Point", "coordinates": [33.542459, 46.380192, 0]}, "properties": {"name": "49-та загальновійськова армія /// 49th combined-arms army (RF) /// geoJSON.units.army.49-combined-arms", "styleUrl": "#icon-ci-4", "styleHash": "68ca4416", "styleMapHash": {"normal": "#icon-ci-4-normal", "highlight": "#icon-ci-4-highlight"}, "description": "{icon=headquarter}", "icon-scale": 1.1, "icon-offset": [16, 16], "icon": "images/icon-4.png", "label-scale": 0}}, {"type": "Feature", "geometry": {"type": "Point", "coordinates": [36.8206816, 47.841358, 0]}, "properties": {"name": "34-а окрема мотострілецька бригада /// 34th Separate Motorized Rifle Brigade /// geoJSON.units.brigade.34-motorized-rifle", "styleUrl": "#icon-ci-3", "styleHash": "7c36a64e", "styleMapHash": {"normal": "#icon-ci-3-normal", "highlight": "#icon-ci-3-highlight"}, "description": "{icon=enemy}", "icon-scale": 1.1, "icon": "images/icon-3.png", "label-scale": 0}}, {"type": "Feature", "geometry": {"type": "Point", "coordinates": [33.3913018, 46.7377392, 0]}, "properties": {"name": "205-а окрема мотострілецька бригада /// 205th Separate Motorized Rifle Brigade /// geoJSON.units.brigade.205-motorized-rifle", "styleUrl": "#icon-ci-3", "styleHash": "7c36a64e", "styleMapHash": {"normal": "#icon-ci-3-normal", "highlight": "#icon-ci-3-highlight"}, "description": "{icon=enemy}", "icon-scale": 1.1, "icon": "images/icon-3.png", "label-scale": 0}}, {"type": "Feature", "geometry": {"type": "Point", "coordinates": [33.464353, 46.644692, 0]}, "properties": {"name": "227-ма артилерійська бригада /// 227th Artillery Brigade /// geoJSON.units.brigade.227-artillery", "styleUrl": "#icon-ci-3", "styleHash": "7c36a64e", "styleMapHash": {"normal": "#icon-ci-3-normal", "highlight": "#icon-ci-3-highlight"}, "description": "{icon=enemy}", "icon-scale": 1.1, "icon": "images/icon-3.png", "label-scale": 0}}, {"type": "Feature", "geometry": {"type": "Point", "coordinates": [32.9043816, 46.673229, 0]}, "properties": {"name": "385-й мотострілецький полк /// 385th  Motorized Rifle Regiment /// geoJSON.units.regiment.385-motorized-rifle", "styleUrl": "#icon-ci-3", "styleHash": "7c36a64e", "styleMapHash": {"normal": "#icon-ci-3-normal", "highlight": "#icon-ci-3-highlight"}, "description": "{icon=enemy}", "icon-scale": 1.1, "icon": "images/icon-3.png", "label-scale": 0}}, {"type": "Feature", "geometry": {"type": "Point", "coordinates": [32.899161, 46.160704, 0]}, "properties": {"name": "22-й армійський корпус /// 22nd Army Corps /// geoJSON.units.army.22-corps", "styleUrl": "#icon-ci-4", "styleHash": "68ca4416", "styleMapHash": {"normal": "#icon-ci-4-normal", "highlight": "#icon-ci-4-highlight"}, "description": "{icon=headquarter}", "icon-scale": 1.1, "icon-offset": [16, 16], "icon": "images/icon-4.png", "label-scale": 0}}, {"type": "Feature", "geometry": {"type": "Point", "coordinates": [32.9645659, 46.489628, 0]}, "properties": {"name": "126-а окрема гвардійська бригада берегової оборони /// 126th Separate Guards Coastal Defense Brigade /// geoJSON.units.brigade.126-coastal-defense", "styleUrl": "#icon-ci-3", "styleHash": "7c36a64e", "styleMapHash": {"normal": "#icon-ci-3-normal", "highlight": "#icon-ci-3-highlight"}, "description": "{icon=enemy}", "icon-scale": 1.1, "icon": "images/icon-3.png", "label-scale": 0}}, {"type": "Feature", "geometry": {"type": "Point", "coordinates": [36.8220399, 47.7243385, 0]}, "properties": {"name": "11-й окремий мотострілецький полк /// 11th separate motorized rifle regiment /// geoJSON.units.regiment.11-motorized-rifle", "styleUrl": "#icon-ci-3", "styleHash": "7c36a64e", "styleMapHash": {"normal": "#icon-ci-3-normal", "highlight": "#icon-ci-3-highlight"}, "description": "{icon=enemy}", "icon-scale": 1.1, "icon": "images/icon-3.png", "label-scale": 0}}, {"type": "Feature", "geometry": {"type": "Point", "coordinates": [36.487921, 47.6717214, 0]}, "properties": {"name": "38-та окрема мотострілецька бригада /// 38th Separate Motorized Rifle Brigade /// geoJSON.units.brigade.38-motorized-rifle", "styleUrl": "#icon-ci-3", "styleHash": "7c36a64e", "styleMapHash": {"normal": "#icon-ci-3-normal", "highlight": "#icon-ci-3-highlight"}, "description": "{icon=enemy}", "icon-scale": 1.1, "icon": "images/icon-3.png", "label-scale": 0}}, {"type": "Feature", "geometry": {"type": "Point", "coordinates": [36.5947209, 47.6948139, 0]}, "properties": {"name": "69-та окрема мотострілецька бригада /// 69th Separate Motorized Rifle Brigade /// geoJSON.units.brigade.69-motorized-rifle", "styleUrl": "#icon-ci-3", "styleHash": "7c36a64e", "styleMapHash": {"normal": "#icon-ci-3-normal", "highlight": "#icon-ci-3-highlight"}, "description": "{icon=enemy}", "icon-scale": 1.1, "icon": "images/icon-3.png", "label-scale": 0}}, {"type": "Feature", "geometry": {"type": "Point", "coordinates": [35.7910393, 51.6065097, 0]}, "properties": {"name": "64-та окрема мотострілецька бригада /// 64th Separate Motorized Rifle Brigade /// geoJSON.units.brigade.64-motorized-rifle\n", "styleUrl": "#icon-ci-3", "styleHash": "7c36a64e", "styleMapHash": {"normal": "#icon-ci-3-normal", "highlight": "#icon-ci-3-highlight"}, "description": "{icon=enemy}", "icon-scale": 1.1, "icon": "images/icon-3.png", "label-scale": 0}}, {"type": "Feature", "geometry": {"type": "Point", "coordinates": [36.3240689, 47.7184671, 0]}, "properties": {"name": "60-та окрема мотострілецька бригада /// 60th Separate Motorized Rifle Brigade  /// geoJSON.units.brigade.60-motorized-rifle\n", "styleUrl": "#icon-ci-3", "styleHash": "7c36a64e", "styleMapHash": {"normal": "#icon-ci-3-normal", "highlight": "#icon-ci-3-highlight"}, "description": "{icon=enemy}", "icon-scale": 1.1, "icon": "images/icon-3.png", "label-scale": 0}}, {"type": "Feature", "geometry": {"type": "Point", "coordinates": [36.2588213, 47.7090952, 0]}, "properties": {"name": "394-й мотострілецький полк\n /// 394th Motorized Rifle Regiment /// geoJSON.units.regiment.394-motorized-rifle", "styleUrl": "#icon-ci-3", "styleHash": "7c36a64e", "styleMapHash": {"normal": "#icon-ci-3-normal", "highlight": "#icon-ci-3-highlight"}, "description": "{icon=enemy}", "icon-scale": 1.1, "icon": "images/icon-3.png", "label-scale": 0}}, {"type": "Feature", "geometry": {"type": "Point", "coordinates": [36.6922846, 47.9058599, 0]}, "properties": {"name": "336-та окрема бригада морської піхоти /// 336th Separate Brigade of Marines /// geoJSON.units.brigade.336-marine", "styleUrl": "#icon-ci-3", "styleHash": "7c36a64e", "styleMapHash": {"normal": "#icon-ci-3-normal", "highlight": "#icon-ci-3-highlight"}, "description": "{icon=enemy}", "icon-scale": 1.1, "icon": "images/icon-3.png", "label-scale": 0}}, {"type": "Feature", "geometry": {"type": "Point", "coordinates": [36.2812593, 47.6787439, 0]}, "properties": {"name": "114-й мотострілецький полк\n/// 114th Motorized Rifle Regiment /// geoJSON.units.regiment.114-motorized-rifle", "styleUrl": "#icon-ci-3", "styleHash": "7c36a64e", "styleMapHash": {"normal": "#icon-ci-3-normal", "highlight": "#icon-ci-3-highlight"}, "description": "{icon=enemy}", "icon-scale": 1.1, "icon": "images/icon-3.png", "label-scale": 0}}, {"type": "Feature", "geometry": {"type": "Point", "coordinates": [35.1872783, 51.1113575, 0]}, "properties": {"name": "810-та окрема бригада Морської піхоти /// 810th Naval Infantry Brigade /// geoJSON.units.brigade.810-marine", "styleUrl": "#icon-ci-3", "styleHash": "7c36a64e", "styleMapHash": {"normal": "#icon-ci-3-normal", "highlight": "#icon-ci-3-highlight"}, "description": "{icon=enemy}", "icon-scale": 1.1, "icon": "images/icon-3.png", "label-scale": 0}}, {"type": "Feature", "geometry": {"type": "Point", "coordinates": [32.7066963, 46.4397118, 0]}, "properties": {"name": "БАРС \"Херсон\" /// BARS \"Kherson\" /// geoJSON.units.bars.kherson", "styleUrl": "#icon-ci-3", "styleHash": "7c36a64e", "styleMapHash": {"normal": "#icon-ci-3-normal", "highlight": "#icon-ci-3-highlight"}, "description": "{icon=enemy}", "icon-scale": 1.1, "icon": "images/icon-3.png", "label-scale": 0}}, {"type": "Feature", "geometry": {"type": "Point", "coordinates": [35.144656, 47.3263807, 0]}, "properties": {"name": "7-ма десантно штурмова дивізія /// 7th Airborne Assault Division /// geoJSON.units.division.7-airborne-assault", "styleUrl": "#icon-ci-3", "styleHash": "7c36a64e", "styleMapHash": {"normal": "#icon-ci-3-normal", "highlight": "#icon-ci-3-highlight"}, "description": "{icon=enemy}", "icon-scale": 1.1, "icon": "images/icon-3.png", "label-scale": 0}}, {"type": "Feature", "geometry": {"type": "Point", "coordinates": [36.0053894, 47.4213552, 0]}, "properties": {"name": "417-й окремий розвідувальний батальйон /// 417th separate reconnaissance battalion /// geoJSON.units.battalion.417-reconnaissance", "styleUrl": "#icon-ci-3", "styleHash": "7c36a64e", "styleMapHash": {"normal": "#icon-ci-3-normal", "highlight": "#icon-ci-3-highlight"}, "description": "{icon=enemy}", "icon-scale": 1.1, "icon": "images/icon-3.png", "label-scale": 0}}, {"type": "Feature", "geometry": {"type": "Point", "coordinates": [36.1675519, 47.2072468, 0]}, "properties": {"name": "БАРС-3 /// 3rd squad BARS /// geoJSON.units.bars.3", "styleUrl": "#icon-ci-3", "styleHash": "7c36a64e", "styleMapHash": {"normal": "#icon-ci-3-normal", "highlight": "#icon-ci-3-highlight"}, "description": "{icon=enemy}", "icon-scale": 1.1, "icon": "images/icon-3.png", "label-scale": 0}}, {"type": "Feature", "geometry": {"type": "Point", "coordinates": [36.8783771, 47.7033244, 0]}, "properties": {"name": "125-та окрема мотострілецька бригада /// 125th separate motorized rifle brigade /// geoJSON.units.brigade.125-motorized-rifle", "styleUrl": "#icon-ci-3", "styleHash": "7c36a64e", "styleMapHash": {"normal": "#icon-ci-3-normal", "highlight": "#icon-ci-3-highlight"}, "description": "{icon=enemy}", "icon-scale": 1.1, "icon": "images/icon-3.png", "label-scale": 0}}, {"type": "Feature", "geometry": {"type": "Point", "coordinates": [37.3677097, 47.738933, 0]}, "properties": {"name": "116-й стрілецький полк /// 116th Rifle Regiment /// geoJSON.units.regiment.116-rifle", "styleUrl": "#icon-ci-3", "styleHash": "7c36a64e", "styleMapHash": {"normal": "#icon-ci-3-normal", "highlight": "#icon-ci-3-highlight"}, "description": "{icon=enemy}", "icon-scale": 1.1, "icon": "images/icon-3.png", "label-scale": 0}}, {"type": "Feature", "geometry": {"type": "Point", "coordinates": [36.3528019, 47.6051782, 0]}, "properties": {"name": "БАРС-1 /// 1st squad BARS  /// geoJSON.units.bars.1\n", "styleUrl": "#icon-ci-3", "styleHash": "7c36a64e", "styleMapHash": {"normal": "#icon-ci-3-normal", "highlight": "#icon-ci-3-highlight"}, "description": "{icon=enemy}", "icon-scale": 1.1, "icon": "images/icon-3.png", "label-scale": 0}}, {"type": "Feature", "geometry": {"type": "Point", "coordinates": [36.1893656, 47.2004098, 0]}, "properties": {"name": "БАРС-11 /// 11th squad BARS /// geoJSON.units.bars.11\n", "styleUrl": "#icon-ci-3", "styleHash": "7c36a64e", "styleMapHash": {"normal": "#icon-ci-3-normal", "highlight": "#icon-ci-3-highlight"}, "description": "{icon=enemy}", "icon-scale": 1.1, "icon": "images/icon-3.png", "label-scale": 0}}, {"type": "Feature", "geometry": {"type": "Point", "coordinates": [36.1427281, 47.2146504, 0]}, "properties": {"name": "БАРС-14 /// 14th squad BARS /// geoJSON.units.bars.14\n", "styleUrl": "#icon-ci-3", "styleHash": "7c36a64e", "styleMapHash": {"normal": "#icon-ci-3-normal", "highlight": "#icon-ci-3-highlight"}, "description": "{icon=enemy}", "icon-scale": 1.1, "icon": "images/icon-3.png", "label-scale": 0}}, {"type": "Feature", "geometry": {"type": "Point", "coordinates": [36.2819095, 47.7016139, 0]}, "properties": {"name": "218-й танковий полк /// 218st Tank Regiment /// geoJSON.units.regiment.218-tank\n", "styleUrl": "#icon-ci-3", "styleHash": "7c36a64e", "styleMapHash": {"normal": "#icon-ci-3-normal", "highlight": "#icon-ci-3-highlight"}, "description": "{icon=enemy}", "icon-scale": 1.1, "icon": "images/icon-3.png", "label-scale": 0}}, {"type": "Feature", "geometry": {"type": "Point", "coordinates": [36.8028315, 46.9214137, 0]}, "properties": {"name": "Полк «Башкортостан» /// \"Bashkortostan\" regiment /// geoJSON.units.regiment.bashkortostan", "styleUrl": "#icon-ci-3", "styleHash": "7c36a64e", "styleMapHash": {"normal": "#icon-ci-3-normal", "highlight": "#icon-ci-3-highlight"}, "description": "{icon=enemy}", "icon-scale": 1.1, "icon": "images/icon-3.png", "label-scale": 0}}, {"type": "Feature", "geometry": {"type": "Point", "coordinates": [32.9985402, 46.686263, 0]}, "properties": {"name": "1822-й батальйон /// 1822nd battalion /// geoJSON.units.battalion.1822", "styleUrl": "#icon-ci-3", "styleHash": "7c36a64e", "styleMapHash": {"normal": "#icon-ci-3-normal", "highlight": "#icon-ci-3-highlight"}, "description": "{icon=enemy}", "icon-scale": 1.1, "icon": "images/icon-3.png", "label-scale": 0}}, {"type": "Feature", "geometry": {"type": "Point", "coordinates": [35.8710218, 47.3863649, 0]}, "properties": {"name": "210-й мотострілецький полк /// 210th motorized rifle regiment /// geoJSON.units.regiment.210-motorized-rifle", "styleUrl": "#icon-ci-3", "styleHash": "7c36a64e", "styleMapHash": {"normal": "#icon-ci-3-normal", "highlight": "#icon-ci-3-highlight"}, "description": "{icon=enemy}", "icon-scale": 1.1, "icon": "images/icon-3.png", "label-scale": 0}}, {"type": "Feature", "geometry": {"type": "Point", "coordinates": [36.0035442, 47.4471161, 0]}, "properties": {"name": "100-й окремий розвідувальний батальйон /// 100th separate reconnaissance battalion /// geoJSON.units.battalion.100-reconnaissance", "styleUrl": "#icon-ci-3", "styleHash": "7c36a64e", "styleMapHash": {"normal": "#icon-ci-3-normal", "highlight": "#icon-ci-3-highlight"}, "description": "{icon=enemy}", "icon-scale": 1.1, "icon": "images/icon-3.png", "label-scale": 0}}, {"type": "Feature", "geometry": {"type": "Point", "coordinates": [35.4744683, 47.5206335, 0]}, "properties": {"name": "108-й десантно-штурмовий полк /// 108th Airborne Assault Regiment /// geoJSON.units.regiment.108-airborne-assault", "styleUrl": "#icon-ci-3", "styleHash": "7c36a64e", "styleMapHash": {"normal": "#icon-ci-3-normal", "highlight": "#icon-ci-3-highlight"}, "description": "{icon=enemy}", "icon-scale": 1.1, "icon": "images/icon-3.png", "label-scale": 0}}, {"type": "Feature", "geometry": {"type": "Point", "coordinates": [34.9020162, 51.4584524, 0]}, "properties": {"name": "56-й парашутно-десантний полк /// 56th Air Assault Regiment /// geoJSON.units.regiment.56-air-assault", "styleUrl": "#icon-ci-3", "styleHash": "7c36a64e", "styleMapHash": {"normal": "#icon-ci-3-normal", "highlight": "#icon-ci-3-highlight"}, "description": "{icon=enemy}", "icon-scale": 1.1, "icon": "images/icon-3.png", "label-scale": 0}}, {"type": "Feature", "geometry": {"type": "Point", "coordinates": [36.0138139, 47.5043222, 0]}, "properties": {"name": "22-га окрема бригада спеціального призначення /// 22nd separate special purpose brigade /// geoJSON.units.brigade.22-special-purpose", "styleUrl": "#icon-ci-3", "styleHash": "7c36a64e", "styleMapHash": {"normal": "#icon-ci-3-normal", "highlight": "#icon-ci-3-highlight"}, "description": "{icon=enemy}", "icon-scale": 1.1, "icon": "images/icon-3.png", "label-scale": 0}}, {"type": "Feature", "geometry": {"type": "Point", "coordinates": [35.5024672, 47.4665986, 0]}, "properties": {"name": "45-та окрема бригада спеціального призначення /// 45th Guards Spetsnaz Brigade /// geoJSON.units.brigade.45-special-purpose", "styleUrl": "#icon-ci-3", "styleHash": "7c36a64e", "styleMapHash": {"normal": "#icon-ci-3-normal", "highlight": "#icon-ci-3-highlight"}, "description": "{icon=enemy}", "icon-scale": 1.1, "icon": "images/icon-3.png", "label-scale": 0}}, {"type": "Feature", "geometry": {"type": "Point", "coordinates": [35.6905887, 47.4214707, 0]}, "properties": {"name": "Підрозділ росгвардії «Ахмат-Схід» /// Rosguard unit \"Akhmat-East\" /// geoJSON.units.akhmat.east\n", "styleUrl": "#icon-ci-3", "styleHash": "7c36a64e", "styleMapHash": {"normal": "#icon-ci-3-normal", "highlight": "#icon-ci-3-highlight"}, "description": "{icon=enemy}", "icon-scale": 1.1, "icon": "images/icon-3.png", "label-scale": 0}}, {"type": "Feature", "geometry": {"type": "Point", "coordinates": [35.9511736, 47.3991748, 0]}, "properties": {"name": "201-й мотострілецький полк /// 201st motorized rifle regiment /// geoJSON.units.regiment.201-motorized-rifle", "styleUrl": "#icon-ci-3", "styleHash": "7c36a64e", "styleMapHash": {"normal": "#icon-ci-3-normal", "highlight": "#icon-ci-3-highlight"}, "description": "{icon=enemy}", "icon-scale": 1.1, "icon": "images/icon-3.png", "label-scale": 0}}, {"type": "Feature", "geometry": {"type": "Point", "coordinates": [35.4104118, 47.4338764, 0]}, "properties": {"name": "1445-й мотострілецький полк /// 1445th motorized rifle regiment /// geoJSON.units.regiment.1445-motorized-rifle", "styleUrl": "#icon-ci-3", "styleHash": "7c36a64e", "styleMapHash": {"normal": "#icon-ci-3-normal", "highlight": "#icon-ci-3-highlight"}, "description": "{icon=enemy}", "icon-scale": 1.1, "icon": "images/icon-3.png", "label-scale": 0}}, {"type": "Feature", "geometry": {"type": "Point", "coordinates": [35.3580844, 47.5354359, 0]}, "properties": {"name": "1152-й мотострілецький полк /// 1152nd motorized rifle regiment /// geoJSON.units.regiment.1152-motorized-rifle\n", "styleUrl": "#icon-ci-3", "styleHash": "7c36a64e", "styleMapHash": {"normal": "#icon-ci-3-normal", "highlight": "#icon-ci-3-highlight"}, "description": "{icon=enemy}", "icon-scale": 1.1, "icon": "images/icon-3.png", "label-scale": 0}}, {"type": "Feature", "geometry": {"type": "Point", "coordinates": [37.0319993, 47.7449635, 0]}, "properties": {"name": "шойгісти \"шторм-z\" /// shoigists \"storm-z\"  /// geoJSON.units.storm-z\n", "styleUrl": "#icon-ci-3", "styleHash": "7c36a64e", "styleMapHash": {"normal": "#icon-ci-3-normal", "highlight": "#icon-ci-3-highlight"}, "description": "{icon=enemy}", "icon-scale": 1.1, "icon": "images/icon-3.png", "label-scale": 0}}, {"type": "Feature", "geometry": {"type": "Point", "coordinates": [33.2306913, 46.7220121, 0]}, "properties": {"name": "шойгісти \"шторм-z\" /// shoigists \"storm-z\" /// geoJSON.units.storm-z\n", "styleUrl": "#icon-ci-3", "styleHash": "7c36a64e", "styleMapHash": {"normal": "#icon-ci-3-normal", "highlight": "#icon-ci-3-highlight"}, "description": "{icon=enemy}", "icon-scale": 1.1, "icon": "images/icon-3.png", "label-scale": 0}}, {"type": "Feature", "geometry": {"type": "Point", "coordinates": [33.0634975, 46.6086276, 0]}, "properties": {"name": "144-а окрема мотострілецька бригада /// 144th Separate Motorized Rifle Brigade /// geoJSON.units.brigade.144-motorized-rifle\n", "styleUrl": "#icon-ci-3", "styleHash": "7c36a64e", "styleMapHash": {"normal": "#icon-ci-3-normal", "highlight": "#icon-ci-3-highlight"}, "description": "{icon=enemy}", "icon-scale": 1.1, "icon": "images/icon-3.png", "label-scale": 0}}, {"type": "Feature", "geometry": {"type": "Point", "coordinates": [33.0666745, 46.7027735, 0]}, "properties": {"name": "26-й мотострілецький полк ///26-th motorized rifle regiment /// geoJSON.units.regiment.26-motorized-rifle\n", "styleUrl": "#icon-ci-3", "styleHash": "7c36a64e", "styleMapHash": {"normal": "#icon-ci-3-normal", "highlight": "#icon-ci-3-highlight"}, "description": "{icon=enemy}", "icon-scale": 1.1, "icon": "images/icon-3.png", "label-scale": 0}}, {"type": "Feature", "geometry": {"type": "Point", "coordinates": [34.1400697, 46.8104299, 0]}, "properties": {"name": "328-й десантно-штурмовий полк /// 328th Airborne Assault Regiment", "styleUrl": "#icon-ci-3", "styleHash": "7c36a64e", "styleMapHash": {"normal": "#icon-ci-3-normal", "highlight": "#icon-ci-3-highlight"}, "description": "{icon=enemy}", "icon-scale": 1.1, "icon": "images/icon-3.png", "label-scale": 0}}, {"type": "Feature", "geometry": {"type": "Point", "coordinates": [33.08728, 46.6743875, 0]}, "properties": {"name": "337-й десантно-штурмовий полк /// 337th Airborne Assault Regiment  /// geoJSON.units.regiment.337-airborne-assault", "styleUrl": "#icon-ci-3", "styleHash": "7c36a64e", "styleMapHash": {"normal": "#icon-ci-3-normal", "highlight": "#icon-ci-3-highlight"}, "description": "{icon=enemy}", "icon-scale": 1.1, "icon": "images/icon-3.png", "label-scale": 0}}, {"type": "Feature", "geometry": {"type": "Point", "coordinates": [33.1571073, 46.6985142, 0]}, "properties": {"name": "БАРС-4 /// 4th squad BARS /// geoJSON.units.bars.4\n", "styleUrl": "#icon-ci-3", "styleHash": "7c36a64e", "styleMapHash": {"normal": "#icon-ci-3-normal", "highlight": "#icon-ci-3-highlight"}, "description": "{icon=enemy}", "icon-scale": 1.1, "icon": "images/icon-3.png", "label-scale": 0}}, {"type": "Feature", "geometry": {"type": "Point", "coordinates": [32.9190527, 46.5687092, 0]}, "properties": {"name": "БАРС-3 \"восілій моргєлов\" /// 33rd squad BARS \"vosiliy morgeloff\" /// geoJSON.units.bars.3-vosiliy-morgeloff\n", "styleUrl": "#icon-ci-3", "styleHash": "7c36a64e", "styleMapHash": {"normal": "#icon-ci-3-normal", "highlight": "#icon-ci-3-highlight"}, "description": "{icon=enemy}", "icon-scale": 1.1, "icon": "images/icon-3.png", "label-scale": 0}}, {"type": "Feature", "geometry": {"type": "Point", "coordinates": [33.2057353, 46.7388245, 0]}, "properties": {"name": "345-й десантно-штурмовий полк /// 345th Airborne Assault Regiment /// geoJSON.units.regiment.345-airborne-assault\n", "styleUrl": "#icon-ci-3", "styleHash": "7c36a64e", "styleMapHash": {"normal": "#icon-ci-3-normal", "highlight": "#icon-ci-3-highlight"}, "description": "{icon=enemy}", "icon-scale": 1.1, "icon": "images/icon-3.png", "label-scale": 0}}, {"type": "Feature", "geometry": {"type": "Point", "coordinates": [35.9455576, 47.4761484, 0]}, "properties": {"name": "70-й мотострілецький полк (в/ч 71718) /// 70th motorized rifle regiment /// geoJSON.units.regiment.70-motorized-rifle", "styleUrl": "#icon-ci-3", "styleHash": "7c36a64e", "styleMapHash": {"normal": "#icon-ci-3-normal", "highlight": "#icon-ci-3-highlight"}, "description": "{icon=enemy}", "icon-scale": 1.1, "icon": "images/icon-3.png", "label-scale": 0}}, {"type": "Feature", "geometry": {"type": "Point", "coordinates": [37.5567018, 47.6527899, 0]}, "properties": {"name": "17-й танковий полк ///17th tank regiment /// geoJSON.units.regiment.17-tank", "styleUrl": "#icon-ci-3", "styleHash": "7c36a64e", "styleMapHash": {"normal": "#icon-ci-3-normal", "highlight": "#icon-ci-3-highlight"}, "description": "{icon=enemy}", "icon-scale": 1.1, "icon": "images/icon-3.png", "label-scale": 0}}, {"type": "Feature", "geometry": {"type": "Point", "coordinates": [37.5034546, 47.5489004, 0]}, "properties": {"name": "28-й мотострілецький полк ///28-th motorized rifle regiment /// geoJSON.units.regiment.28-motorized-rifle\n", "styleUrl": "#icon-ci-3", "styleHash": "7c36a64e", "styleMapHash": {"normal": "#icon-ci-3-normal", "highlight": "#icon-ci-3-highlight"}, "description": "{icon=enemy}", "icon-scale": 1.1, "icon": "images/icon-3.png", "label-scale": 0}}, {"type": "Feature", "geometry": {"type": "Point", "coordinates": [37.766238, 48.1137082, 0]}, "properties": {"name": "Окрема десантно-штурмова бригада \"Вітірани\" /// Air Assault Brigade \"Vitirany\" /// geoJSON.units.brigade.vitirany", "styleUrl": "#icon-ci-3", "styleHash": "7c36a64e", "styleMapHash": {"normal": "#icon-ci-3-normal", "highlight": "#icon-ci-3-highlight"}, "description": "{icon=enemy}", "icon-scale": 1.1, "icon": "images/icon-3.png", "label-scale": 0}}, {"type": "Feature", "geometry": {"type": "Point", "coordinates": [36.7630308, 47.7195744, 0]}, "properties": {"name": "1461-й мотострілецький полк територіальних військ /// 1461st motorized rifle regiment of territorial troops /// geoJSON.units.regiment.1461-motorised-rifle\n", "styleUrl": "#icon-ci-3", "styleHash": "7c36a64e", "styleMapHash": {"normal": "#icon-ci-3-normal", "highlight": "#icon-ci-3-highlight"}, "description": "{icon=enemy}", "icon-scale": 1.1, "icon": "images/icon-3.png", "label-scale": 0}}, {"type": "Feature", "geometry": {"type": "Point", "coordinates": [37.1070364, 48.0957642, 0]}, "properties": {"name": "428-й мотострілецький полк\n /// 428th Motorized Rifle Regiment /// geoJSON.units.regiment.428-motorized-rifle\n", "styleUrl": "#icon-ci-3", "styleHash": "7c36a64e", "styleMapHash": {"normal": "#icon-ci-3-normal", "highlight": "#icon-ci-3-highlight"}, "description": "{icon=enemy}", "icon-scale": 1.1, "icon": "images/icon-3.png", "label-scale": 0}}, {"type": "Feature", "geometry": {"type": "Point", "coordinates": [37.0935177, 47.8081405, 0]}, "properties": {"name": "95-й окремий-саперний полк ///95th Separate Sapper Regiment /// geoJSON.units.regiment.95-sapper\n", "styleUrl": "#icon-ci-3", "styleHash": "7c36a64e", "styleMapHash": {"normal": "#icon-ci-3-normal", "highlight": "#icon-ci-3-highlight"}, "description": "{icon=enemy}", "icon-scale": 1.1, "icon": "images/icon-3.png", "label-scale": 0}}, {"type": "Feature", "geometry": {"type": "Point", "coordinates": [37.9358456, 48.5939597, 0]}, "properties": {"name": "58-та батальйон спеціального призначення /// 58th Separate Special Purpose Battalion /// geoJSON.units.battalion.58-special-purpose", "styleUrl": "#icon-ci-3", "styleHash": "7c36a64e", "styleMapHash": {"normal": "#icon-ci-3-normal", "highlight": "#icon-ci-3-highlight"}, "description": "{icon=enemy}", "icon-scale": 1.1, "icon": "images/icon-3.png", "label-scale": 0}}, {"type": "Feature", "geometry": {"type": "Point", "coordinates": [37.4589192, 48.3555463, 0]}, "properties": {"name": "61-а окрема бригада морської піхоти /// 61st Naval Infantry Brigade /// geoJSON.units.brigade.61-marine\n", "styleUrl": "#icon-ci-3", "styleHash": "7c36a64e", "styleMapHash": {"normal": "#icon-ci-3-normal", "highlight": "#icon-ci-3-highlight"}, "description": "{icon=enemy}", "icon-scale": 1.1, "icon": "images/icon-3.png", "label-scale": 0}}, {"type": "Feature", "geometry": {"type": "Point", "coordinates": [36.5058019, 45.3085115, 0]}, "properties": {"name": "Кримський міст /// Crimean Bridge /// geoJSON.crimean_bridge\n", "styleUrl": "#icon-ci-5", "styleHash": "69c7a18e", "styleMapHash": {"normal": "#icon-ci-5-normal", "highlight": "#icon-ci-5-highlight"}, "description": "{icon=kerchbridge}", "icon-scale": 1.1, "icon": "images/icon-5.png", "label-scale": 0}}, {"type": "Feature", "geometry": {"type": "Point", "coordinates": [37.0061573, 48.2398155, 0]}, "properties": {"name": "71-й батальйон спеціального призначення /// 71st Separate Special Purpose Battalion /// geoJSON.units.battalion.71-special-purpose\n", "styleUrl": "#icon-ci-3", "styleHash": "7c36a64e", "styleMapHash": {"normal": "#icon-ci-3-normal", "highlight": "#icon-ci-3-highlight"}, "description": "{icon=enemy}", "icon-scale": 1.1, "icon": "images/icon-3.png", "label-scale": 0}}, {"type": "Feature", "geometry": {"type": "Point", "coordinates": [35.3016279, 47.4452039, 0]}, "properties": {"name": "392-й мотострілецький полк\n/// 392nd Motorized Rifle Regiment /// geoJSON.units.regiment.392-motorized-rifle", "styleUrl": "#icon-ci-3", "styleHash": "7c36a64e", "styleMapHash": {"normal": "#icon-ci-3-normal", "highlight": "#icon-ci-3-highlight"}, "description": "{icon=enemy}", "icon-scale": 1.1, "icon": "images/icon-3.png", "label-scale": 0}}, {"type": "Feature", "geometry": {"type": "Point", "coordinates": [33.0389699, 46.5511131, 0]}, "properties": {"name": "215-й окремий розвідувальний батальйон /// 215th separate reconnaissance battalion /// geoJSON.units.battalion.215-reconnaissance\n", "styleUrl": "#icon-ci-3", "styleHash": "7c36a64e", "styleMapHash": {"normal": "#icon-ci-3-normal", "highlight": "#icon-ci-3-highlight"}, "description": "{icon=enemy}", "icon-scale": 1.1, "icon": "images/icon-3.png", "label-scale": 0}}, {"type": "Feature", "geometry": {"type": "Point", "coordinates": [35.9324029, 47.448207, 0]}, "properties": {"name": "270-й мотострілковий полк ///270th Motor Rifle Regiment /// geoJSON.units.regiment.270-motorized-rifle\n", "styleUrl": "#icon-ci-3", "styleHash": "7c36a64e", "styleMapHash": {"normal": "#icon-ci-3-normal", "highlight": "#icon-ci-3-highlight"}, "description": "{icon=enemy}", "icon-scale": 1.1, "icon": "images/icon-3.png", "label-scale": 0}}, {"type": "Feature", "geometry": {"type": "Point", "coordinates": [37.6788678, 49.8271473, 0]}, "properties": {"name": "52-й окремий розвідувальний батальйон ///52th separate reconnaissance battalion /// geoJSON.units.battalion.52-reconnaissance\n", "styleUrl": "#icon-ci-3", "styleHash": "7c36a64e", "styleMapHash": {"normal": "#icon-ci-3-normal", "highlight": "#icon-ci-3-highlight"}, "description": "{icon=enemy}", "icon-scale": 1.1, "icon": "images/icon-3.png", "label-scale": 0}}, {"type": "Feature", "geometry": {"type": "Point", "coordinates": [37.1676908, 48.2663329, 0]}, "properties": {"name": "24-та окрема бригада спеціального призначення /// 24th separate special purpose brigade /// geoJSON.units.brigade.24-special-purpose\n", "styleUrl": "#icon-ci-3", "styleHash": "7c36a64e", "styleMapHash": {"normal": "#icon-ci-3-normal", "highlight": "#icon-ci-3-highlight"}, "description": "{icon=enemy}", "icon-scale": 1.1, "icon": "images/icon-3.png", "label-scale": 0}}, {"type": "Feature", "geometry": {"type": "Polygon", "coordinates": [[[34.2605642, 51.282635, 0], [34.2545272, 51.2820675, 0], [34.2508498, 51.2755004, 0], [34.246523, 51.2762976, 0], [34.2355759, 51.2750405, 0], [34.2308093, 51.27185, 0], [34.2248822, 51.2652541, 0], [34.2438041, 51.2635631, 0], [34.2567174, 51.2586148, 0], [34.2577662, 51.2570133, 0], [34.2616471, 51.256459, 0], [34.2557622, 51.2645214, 0], [34.2524522, 51.2739255, 0], [34.2623686, 51.2753985, 0], [34.2722411, 51.2827242, 0], [34.275341, 51.2872217, 0], [34.2814456, 51.2883371, 0], [34.2880654, 51.2889153, 0], [34.2944582, 51.2936391, 0], [34.3026337, 51.2952225, 0], [34.3096948, 51.3037817, 0], [34.3115831, 51.3157465, 0], [34.3173337, 51.3259919, 0], [34.3154052, 51.3291837, 0], [34.309967, 51.334943, 0], [34.3119171, 51.3262166, 0], [34.3055179, 51.3222945, 0], [34.3038384, 51.3198622, 0], [34.2998425, 51.3070753, 0], [34.2802462, 51.2937062, 0], [34.2605642, 51.282635, 0]]]}, "properties": {"name": "Статус невідомий /// Unknown status /// geoJSON.status.unknown\n", "styleUrl": "#poly-BDBDBD-1200-77-nodesc", "styleHash": "273ca92a", "styleMapHash": {"normal": "#poly-BDBDBD-1200-77-nodesc-normal", "highlight": "#poly-BDBDBD-1200-77-nodesc-highlight"}, "stroke-opacity": 1, "stroke": "#bdbdbd", "stroke-width": 1.2, "fill-opacity": 0.30196078431372547, "fill": "#bdbdbd"}}, {"type": "Feature", "geometry": {"type": "Polygon", "coordinates": [[[34.2856958, 51.3210943, 0], [34.2848972, 51.3205877, 0], [34.2833093, 51.3199306, 0], [34.282215, 51.3195015, 0], [34.281464, 51.3187237, 0], [34.280516, 51.3177982, 0], [34.2810945, 51.3133152, 0], [34.2821878, 51.3106562, 0], [34.2772508, 51.3109448, 0], [34.2772675, 51.3128016, 0], [34.2721343, 51.3146584, 0], [34.2697647, 51.3059248, 0], [34.2662283, 51.2985435, 0], [34.2581395, 51.3025206, 0], [34.2551014, 51.301277, 0], [34.2547615, 51.2990762, 0], [34.2498297, 51.298861, 0], [34.2497046, 51.2967138, 0], [34.2451165, 51.2962705, 0], [34.2446484, 51.2941634, 0], [34.2416054, 51.2933174, 0], [34.239569, 51.2935922, 0], [34.237876, 51.2924714, 0], [34.2435334, 51.2845465, 0], [34.2545272, 51.2820675, 0], [34.2605642, 51.282635, 0], [34.2802462, 51.2937062, 0], [34.2998425, 51.3070753, 0], [34.3038384, 51.3198622, 0], [34.3055179, 51.3222945, 0], [34.3119171, 51.3262166, 0], [34.309967, 51.334943, 0], [34.3042296, 51.3360878, 0], [34.2993505, 51.3342295, 0], [34.2907805, 51.3386448, 0], [34.2868447, 51.3388773, 0], [34.2814564, 51.3346262, 0], [34.2897191, 51.3219593, 0], [34.2881849, 51.3217916, 0], [34.2856958, 51.3210943, 0]]]}, "properties": {"name": "Звільнено /// Liberated /// geoJSON.status.dismissed\n", "styleUrl": "#poly-01579B-1200-77-nodesc", "styleHash": "-420bc668", "styleMapHash": {"normal": "#poly-01579B-1200-77-nodesc-normal", "highlight": "#poly-01579B-1200-77-nodesc-highlight"}, "stroke-opacity": 1, "stroke": "#01579b", "stroke-width": 1.2, "fill-opacity": 0.30196078431372547, "fill": "#01579b"}}, {"type": "Feature", "geometry": {"type": "Polygon", "coordinates": [[[35.3279976, 51.0711103, 0], [35.3258518, 51.0741304, 0], [35.3279976, 51.0770425, 0], [35.3123764, 51.0773121, 0], [35.3116898, 51.078768, 0], [35.3043083, 51.0788759, 0], [35.3031925, 51.0774739, 0], [35.304995, 51.0762875, 0], [35.3037933, 51.0742383, 0], [35.2868929, 51.0675402, 0], [35.2952961, 51.0634513, 0], [35.3056816, 51.0621567, 0], [35.3215603, 51.0669573, 0], [35.3279976, 51.0711103, 0]]]}, "properties": {"name": "Окуповано /// Occupied /// geoJSON.status.occupied\n", "styleUrl": "#poly-A52714-1200-77-nodesc", "styleHash": "5f0393c8", "styleMapHash": {"normal": "#poly-A52714-1200-77-nodesc-normal", "highlight": "#poly-A52714-1200-77-nodesc-highlight"}, "stroke-opacity": 1, "stroke": "#a52714", "stroke-width": 1.2, "fill-opacity": 0.30196078431372547, "fill": "#a52714"}}, {"type": "Feature", "geometry": {"type": "Polygon", "coordinates": [[[34.4979999, 51.2432135, 0], [34.512677, 51.2419776, 0], [34.52332, 51.2529378, 0], [34.5408294, 51.2531527, 0], [34.555249, 51.2445567, 0], [34.5804832, 51.2335946, 0], [34.5976494, 51.2462761, 0], [34.6019409, 51.2461686, 0], [34.6012542, 51.2539048, 0], [34.6050308, 51.254442, 0], [34.6098373, 51.2515411, 0], [34.6188495, 51.2507352, 0], [34.6155021, 51.2561609, 0], [34.607949, 51.2601358, 0], [34.5976494, 51.2565906, 0], [34.5966194, 51.2504666, 0], [34.5720718, 51.2468133, 0], [34.554219, 51.2529378, 0], [34.5504425, 51.2579872, 0], [34.5353363, 51.2597061, 0], [34.5296714, 51.2590615, 0], [34.5289848, 51.2559461, 0], [34.5185135, 51.2558386, 0], [34.5162819, 51.2516485, 0], [34.4984291, 51.2504666, 0], [34.4979999, 51.2432135, 0]]]}, "properties": {"name": "Статус невідомий /// Unknown status /// geoJSON.status.unknown\n", "styleUrl": "#poly-BDBDBD-1200-77-nodesc", "styleHash": "273ca92a", "styleMapHash": {"normal": "#poly-BDBDBD-1200-77-nodesc-normal", "highlight": "#poly-BDBDBD-1200-77-nodesc-highlight"}, "stroke-opacity": 1, "stroke": "#bdbdbd", "stroke-width": 1.2, "fill-opacity": 0.30196078431372547, "fill": "#bdbdbd"}}, {"type": "Feature", "geometry": {"type": "Point", "coordinates": [33.598022, 45.093629, 0]}, "properties": {"name": "Аеродром Сакі (Поз. ЛЕСНОЙ). 43-й винищувальний авіаційний полк ПКС росії /// Saki airfield (Sign. LESNOY). 43rd Fighter Aviation Regiment of the air forces of Russia /// geoJSON.airfield.saki", "styleUrl": "#icon-ci-6", "styleHash": "-25b2d0aa", "styleMapHash": {"normal": "#icon-ci-6-normal", "highlight": "#icon-ci-6-highlight"}, "description": "{icon=airport}", "icon-scale": 1.1, "icon-offset": [16, 16], "icon": "images/icon-6.png", "label-scale": 0}}, {"type": "Feature", "geometry": {"type": "Point", "coordinates": [33.574362, 44.692198, 0]}, "properties": {"name": "Аеродром Бельбек (Поз. АЛЬМА) /// Belbek Airport (Sign. ALMA). /// geoJSON.airfield.belbek", "styleUrl": "#icon-ci-6", "styleHash": "-25b2d0aa", "styleMapHash": {"normal": "#icon-ci-6-normal", "highlight": "#icon-ci-6-highlight"}, "description": "З цивільного перетворений на військовий в 2014<br>///En: Converted from civilian to military in 2014<br>{icon=airport}<br>/// geoJSON.descriptions.#41", "icon-scale": 1.1, "icon-offset": [16, 16], "icon": "images/icon-6.png", "label-scale": 0}}, {"type": "Feature", "geometry": {"type": "Point", "coordinates": [33.567228, 44.777549, 0]}, "properties": {"name": "Аеродром Кача (Поз. БЕГОВОЙ) /// Airfield Kacha (Sign BEGOVOY) /// geoJSON.airfield.kacha", "styleUrl": "#icon-ci-6", "styleHash": "-25b2d0aa", "styleMapHash": {"normal": "#icon-ci-6-normal", "highlight": "#icon-ci-6-highlight"}, "description": "{icon=airport}", "icon-scale": 1.1, "icon-offset": [16, 16], "icon": "images/icon-6.png", "label-scale": 0}}, {"type": "Feature", "geometry": {"type": "Point", "coordinates": [33.979854, 45.116553, 0]}, "properties": {"name": "Аеродром Гвардійське (Поз. КОРШУН) /// Gvardiyske Airfield (Sign Korshun) /// geoJSON.airfield.gvardiyske", "styleUrl": "#icon-ci-6", "styleHash": "-25b2d0aa", "styleMapHash": {"normal": "#icon-ci-6-normal", "highlight": "#icon-ci-6-highlight"}, "description": "{icon=airport}", "icon-scale": 1.1, "icon-offset": [16, 16], "icon": "images/icon-6.png", "label-scale": 0}}, {"type": "Feature", "geometry": {"type": "Point", "coordinates": [34.42241, 45.70358, 0]}, "properties": {"name": "Аеродром Джанкой (Поз. БАТАРЕЯ) /// Dzhankoi Airport (Sign BATAREYA) /// geoJSON.airfield.dzhankoi", "styleUrl": "#icon-ci-6", "styleHash": "-25b2d0aa", "styleMapHash": {"normal": "#icon-ci-6-normal", "highlight": "#icon-ci-6-highlight"}, "description": "{icon=airport}", "icon-scale": 1.1, "icon-offset": [16, 16], "icon": "images/icon-6.png", "label-scale": 0}}, {"type": "Feature", "geometry": {"type": "Point", "coordinates": [29.587907, 46.8723, 0]}, "properties": {"name": "Аеропорт Тирасполь (Поз. ХРИБЕТ) /// Tiraspol Airport (Sign HRIBET) /// geoJSON.airport.tiraspol", "styleUrl": "#icon-ci-6", "styleHash": "-25b2d0aa", "styleMapHash": {"normal": "#icon-ci-6-normal", "highlight": "#icon-ci-6-highlight"}, "description": "{icon=airport}", "icon-scale": 1.1, "icon-offset": [16, 16], "icon": "images/icon-6.png", "label-scale": 0}}, {"type": "Feature", "geometry": {"type": "Point", "coordinates": [27.57997, 53.773954, 0]}, "properties": {"name": "Аеродром Мачулищі (Поз. ГОРНОСТАЙ) /// Machulishi Airport (Sign. HORNOSTAY) /// geoJSON.airfield.machulishi", "styleUrl": "#icon-ci-6", "styleHash": "-25b2d0aa", "styleMapHash": {"normal": "#icon-ci-6-normal", "highlight": "#icon-ci-6-highlight"}, "description": "{icon=airport}", "icon-scale": 1.1, "icon-offset": [16, 16], "icon": "images/icon-6.png", "label-scale": 0}}, {"type": "Feature", "geometry": {"type": "Point", "coordinates": [31.164351, 52.30536, 0]}, "properties": {"name": "Аеродром Зябровка (Поз. Коралловый) /// Zyabrovka airfield (Sign. Koraloviy) /// geoJSON.airfield.zyabrovka", "styleUrl": "#icon-ci-6", "styleHash": "-25b2d0aa", "styleMapHash": {"normal": "#icon-ci-6-normal", "highlight": "#icon-ci-6-highlight"}, "description": "{icon=airport}", "icon-scale": 1.1, "icon-offset": [16, 16], "icon": "images/icon-6.png", "label-scale": 0}}, {"type": "Feature", "geometry": {"type": "Point", "coordinates": [31.018087, 52.526253, 0]}, "properties": {"name": "Аеропорт Гомель /// Gomel airport /// geoJSON.airport.gomel", "styleUrl": "#icon-ci-6", "styleHash": "-25b2d0aa", "styleMapHash": {"normal": "#icon-ci-6-normal", "highlight": "#icon-ci-6-highlight"}, "description": "Хоч він і цивільний, зафіксовані випадки військового використання<br>///<br>Civilian, yet has been used for military purposes in some cases<br>{icon=airport}", "icon-scale": 1.1, "icon-offset": [16, 16], "icon": "images/icon-6.png", "label-scale": 0}}, {"type": "Feature", "geometry": {"type": "Point", "coordinates": [29.164755, 51.982189, 0]}, "properties": {"name": "Аеродром Мозирь /// Mozyr Airport /// geoJSON.airfield.mozyr", "styleUrl": "#icon-ci-6", "styleHash": "-25b2d0aa", "styleMapHash": {"normal": "#icon-ci-6-normal", "highlight": "#icon-ci-6-highlight"}, "description": "{icon=airport}", "icon-scale": 1.1, "icon-offset": [16, 16], "icon": "images/icon-6.png", "label-scale": 0}}, {"type": "Feature", "geometry": {"type": "Point", "coordinates": [24.88236, 52.560477, 0]}, "properties": {"name": "Аеродром Берьоза (Поз. РАДИАЛЬНЫЙ) /// Beriosa Airfield (Sign. RADIALNYI) /// geoJSON.airfield.beriosa", "styleUrl": "#icon-ci-6", "styleHash": "-25b2d0aa", "styleMapHash": {"normal": "#icon-ci-6-normal", "highlight": "#icon-ci-6-highlight"}, "description": "{icon=airport}", "icon-scale": 1.1, "icon-offset": [16, 16], "icon": "images/icon-6.png", "label-scale": 0}}, {"type": "Feature", "geometry": {"type": "Point", "coordinates": [30.246165, 55.255587, 0]}, "properties": {"name": "Аеродром Вітебськ (Поз. ИСКОРКА) /// Vitebsk airfield (Sign. ISKORKA) /// geoJSON.airfield.vitebsk", "styleUrl": "#icon-ci-6", "styleHash": "-25b2d0aa", "styleMapHash": {"normal": "#icon-ci-6-normal", "highlight": "#icon-ci-6-highlight"}, "description": "{icon=airport}", "icon-scale": 1.1, "icon-offset": [16, 16], "icon": "images/icon-6.png", "label-scale": 0}}, {"type": "Feature", "geometry": {"type": "Point", "coordinates": [29.204912, 53.101765, 0]}, "properties": {"name": "Аеродром Бобруйськ (Поз. БАКЛАН) /// Bobruisk airfield (Sign. BAKLAN) /// geoJSON.airfield.bobruisk", "styleUrl": "#icon-ci-6", "styleHash": "-25b2d0aa", "styleMapHash": {"normal": "#icon-ci-6-normal", "highlight": "#icon-ci-6-highlight"}, "description": "{icon=airport}", "icon-scale": 1.1, "icon-offset": [16, 16], "icon": "images/icon-6.png", "label-scale": 0}}, {"type": "Feature", "geometry": {"type": "Point", "coordinates": [25.371359, 53.880687, 0]}, "properties": {"name": "Аеродром Ліда (Поз. УНИКАЛЬНЫЙ) /// Lida Airfield (Sign. UNIKALNIY)  /// geoJSON.airfield.lida", "styleUrl": "#icon-ci-6", "styleHash": "-25b2d0aa", "styleMapHash": {"normal": "#icon-ci-6-normal", "highlight": "#icon-ci-6-highlight"}, "description": "{icon=airport}", "icon-scale": 1.1, "icon-offset": [16, 16], "icon": "images/icon-6.png", "label-scale": 0}}, {"type": "Feature", "geometry": {"type": "Point", "coordinates": [26.045057, 53.095992, 0]}, "properties": {"name": "Аеродром Барановичі (Поз. КЕДРОВЫЙ) /// Baranovichi Airfield (Sign. KEDROVY) /// geoJSON.airfield.baranovichi", "styleUrl": "#icon-ci-6", "styleHash": "-25b2d0aa", "styleMapHash": {"normal": "#icon-ci-6-normal", "highlight": "#icon-ci-6-highlight"}, "description": "{icon=airport}", "icon-scale": 1.1, "icon-offset": [16, 16], "icon": "images/icon-6.png", "label-scale": 0}}, {"type": "Feature", "geometry": {"type": "Point", "coordinates": [26.733302, 52.318226, 0]}, "properties": {"name": "Аеродром Лунинець (Поз. АТАРА) /// Luninets airfield (Sign. ATARA) /// geoJSON.airfield.luninets", "styleUrl": "#icon-ci-6", "styleHash": "-25b2d0aa", "styleMapHash": {"normal": "#icon-ci-6-normal", "highlight": "#icon-ci-6-highlight"}, "description": "{icon=airport}", "icon-scale": 1.1, "icon-offset": [16, 16], "icon": "images/icon-6.png", "label-scale": 0}}, {"type": "Feature", "geometry": {"type": "Point", "coordinates": [33.339321, 53.720537, 0]}, "properties": {"name": "Аеродром Сєща (Поз. КЕДР) /// Seshcha Airport (Sign. KEDR) /// geoJSON.airfield.seshcha", "styleUrl": "#icon-ci-6", "styleHash": "-25b2d0aa", "styleMapHash": {"normal": "#icon-ci-6-normal", "highlight": "#icon-ci-6-highlight"}, "description": "{icon=airport}", "icon-scale": 1.1, "icon-offset": [16, 16], "icon": "images/icon-6.png", "label-scale": 0}}, {"type": "Feature", "geometry": {"type": "Point", "coordinates": [40.28877, 48.955616, 0]}, "properties": {"name": "Аеродром Міллєрово (Поз. ПАРАДНЫЙ) /// Millerovo airfield (Sign. PARADNY) /// geoJSON.airfield.millerovo", "styleUrl": "#icon-ci-6", "styleHash": "-25b2d0aa", "styleMapHash": {"normal": "#icon-ci-6-normal", "highlight": "#icon-ci-6-highlight"}, "description": "Частково пошкоджений, на початку березня Україна нанесла удар Точкою У.<br>///<br>Partially damaged following a Ukrainian Tochka-U strike in early March<br>{icon=airport}", "icon-scale": 1.1, "icon-offset": [16, 16], "icon": "images/icon-6.png", "label-scale": 0}}, {"type": "Feature", "geometry": {"type": "Point", "coordinates": [41.798186, 48.327332, 0]}, "properties": {"name": "Аеродром Морозовськ (Поз. МУСТАНГ) /// Morozovsk Airport (Sign MUSTANG)  /// geoJSON.airfield.morozovsk", "styleUrl": "#icon-ci-6", "styleHash": "-25b2d0aa", "styleMapHash": {"normal": "#icon-ci-6-normal", "highlight": "#icon-ci-6-highlight"}, "description": "{icon=airport}", "icon-scale": 1.1, "icon-offset": [16, 16], "icon": "images/icon-6.png", "label-scale": 0}}, {"type": "Feature", "geometry": {"type": "Point", "coordinates": [44.363928, 48.559586, 0]}, "properties": {"name": "Аеродром Зімнянський (Бєкетовка) /// Zimnyanskiy Aerodrome (Beketovka) /// geoJSON.airfield.zimnyanskiy", "styleUrl": "#icon-ci-6", "styleHash": "-25b2d0aa", "styleMapHash": {"normal": "#icon-ci-6-normal", "highlight": "#icon-ci-6-highlight"}, "description": "{icon=airport}", "icon-scale": 1.1, "icon-offset": [16, 16], "icon": "images/icon-6.png", "label-scale": 0}}, {"type": "Feature", "geometry": {"type": "Point", "coordinates": [39.637407, 47.276923, 0]}, "properties": {"name": "Аеродром Ростов-центр (Поз. ДОРОЖНЫЙ) /// Aerodrome Rostov-center (Sign. DOROZHNY) /// geoJSON.airfield.rostov-center", "styleUrl": "#icon-ci-6", "styleHash": "-25b2d0aa", "styleMapHash": {"normal": "#icon-ci-6-normal", "highlight": "#icon-ci-6-highlight"}, "description": "{icon=airport}", "icon-scale": 1.1, "icon-offset": [16, 16], "icon": "images/icon-6.png", "label-scale": 0}}, {"type": "Feature", "geometry": {"type": "Point", "coordinates": [40.376951, 46.841103, 0]}, "properties": {"name": "Аеродром Зерноград (Поз. Вороной, Кайма. Позивні змінюються) /// Zernograd airfield (Pos. Voronoi, Kaima. Call signs are changing) /// geoJSON.airfield.zernograd", "styleUrl": "#icon-ci-6", "styleHash": "-25b2d0aa", "styleMapHash": {"normal": "#icon-ci-6-normal", "highlight": "#icon-ci-6-highlight"}, "description": "{icon=airport}", "icon-scale": 1.1, "icon-offset": [16, 16], "icon": "images/icon-6.png", "label-scale": 0}}, {"type": "Feature", "geometry": {"type": "Point", "coordinates": [33.541932, 46.346332, 0]}, "properties": {"name": "Аеродром Чаплинка. /// Chaplinka airfield /// geoJSON.airfield.chaplinka", "styleUrl": "#icon-ci-6", "styleHash": "-25b2d0aa", "styleMapHash": {"normal": "#icon-ci-6-normal", "highlight": "#icon-ci-6-highlight"}, "description": "{icon=airport}", "icon-scale": 1.1, "icon-offset": [16, 16], "icon": "images/icon-6.png", "label-scale": 0}}, {"type": "Feature", "geometry": {"type": "Point", "coordinates": [46.212101, 51.487345, 0]}, "properties": {"name": "Аеродром Енгельс (Поз. КАРАКУЛЬ) /// Engels Airfield (Sign. KARAKUL) /// geoJSON.airfield.engels", "styleUrl": "#icon-ci-6", "styleHash": "-25b2d0aa", "styleMapHash": {"normal": "#icon-ci-6-normal", "highlight": "#icon-ci-6-highlight"}, "description": "{icon=airport}", "icon-scale": 1.1, "icon-offset": [16, 16], "icon": "images/icon-6.png", "label-scale": 0}}, {"type": "Feature", "geometry": {"type": "Point", "coordinates": [45.84545, 51.547932, 0]}, "properties": {"name": "Аеродром Сокол (Поз. Урюк) /// Sokol Airport (Sign. Uryuk) /// geoJSON.airfield.sokol", "styleUrl": "#icon-ci-6", "styleHash": "-25b2d0aa", "styleMapHash": {"normal": "#icon-ci-6-normal", "highlight": "#icon-ci-6-highlight"}, "description": "{icon=airport}", "icon-scale": 1.1, "icon-offset": [16, 16], "icon": "images/icon-6.png", "label-scale": 0}}, {"type": "Feature", "geometry": {"type": "Point", "coordinates": [38.212094, 46.679169, 0]}, "properties": {"name": "Аеродром Єйськ (Поз. ВУЛКАН) /// Yeisk Airfield (Sign. Vulcan) /// geoJSON.airfield.yeisk", "styleUrl": "#icon-ci-6", "styleHash": "-25b2d0aa", "styleMapHash": {"normal": "#icon-ci-6-normal", "highlight": "#icon-ci-6-highlight"}, "description": "{icon=airport}", "icon-scale": 1.1, "icon-offset": [16, 16], "icon": "images/icon-6.png", "label-scale": 0}}, {"type": "Feature", "geometry": {"type": "Point", "coordinates": [38.231999, 46.059364, 0]}, "properties": {"name": "Аеродром Приморсько-Ахтарськ (Поз. ТОНАЛЬНЫЙ) /// Primorsko-Akhtarsk airfield (Sign. TONALNY) /// geoJSON.airfield.primorsko-akhtarsk", "styleUrl": "#icon-ci-6", "styleHash": "-25b2d0aa", "styleMapHash": {"normal": "#icon-ci-6-normal", "highlight": "#icon-ci-6-highlight"}, "description": "{icon=airport}", "icon-scale": 1.1, "icon-offset": [16, 16], "icon": "images/icon-6.png", "label-scale": 0}}, {"type": "Feature", "geometry": {"type": "Point", "coordinates": [37.991956, 44.959718, 0]}, "properties": {"name": "Аеродром Кримськ (Поз. ТАЙМЫР) /// Crimean airfield (Sign. TAYMYR) /// geoJSON.airfield.crimean", "styleUrl": "#icon-ci-6", "styleHash": "-25b2d0aa", "styleMapHash": {"normal": "#icon-ci-6-normal", "highlight": "#icon-ci-6-highlight"}, "description": "{icon=airport}", "icon-scale": 1.1, "icon-offset": [16, 16], "icon": "images/icon-6.png", "label-scale": 0}}, {"type": "Feature", "geometry": {"type": "Point", "coordinates": [38.952684, 45.083738, 0]}, "properties": {"name": "Аеропорт Краснодар-центр (Поз. ВОЛОКНО) /// Krasnodar Center Airport (Sign. Volokno) /// geoJSON.airport.krasnodar", "styleUrl": "#icon-ci-6", "styleHash": "-25b2d0aa", "styleMapHash": {"normal": "#icon-ci-6-normal", "highlight": "#icon-ci-6-highlight"}, "description": "{icon=airport}", "icon-scale": 1.1, "icon-offset": [16, 16], "icon": "images/icon-6.png", "label-scale": 0}}, {"type": "Feature", "geometry": {"type": "Point", "coordinates": [39.415993, 45.449654, 0]}, "properties": {"name": "Аеродром Коренівськ (Поз.АТАМАН) /// Korenivsk Airfield (Sign. ATAMAN) /// geoJSON.airfield.korenivsk", "styleUrl": "#icon-ci-6", "styleHash": "-25b2d0aa", "styleMapHash": {"normal": "#icon-ci-6-normal", "highlight": "#icon-ci-6-highlight"}, "description": "{icon=airport}", "icon-scale": 1.1, "icon-offset": [16, 16], "icon": "images/icon-6.png", "label-scale": 0}}, {"type": "Feature", "geometry": {"type": "Point", "coordinates": [39.548847, 46.54051, 0]}, "properties": {"name": "Аеродром Кущевська (Поз. Командор) /// Kushchevskaya Airport (Sign. Komandor) /// geoJSON.airfield.kushchevskaya", "styleUrl": "#icon-ci-6", "styleHash": "-25b2d0aa", "styleMapHash": {"normal": "#icon-ci-6-normal", "highlight": "#icon-ci-6-highlight"}, "description": "{icon=airport}", "icon-scale": 1.1, "icon-offset": [16, 16], "icon": "images/icon-6.png", "label-scale": 0}}, {"type": "Feature", "geometry": {"type": "Point", "coordinates": [43.795557, 44.964895, 0]}, "properties": {"name": "Аеродром Будьонновськ (Поз. КАЗАЧОК). 368-й штурмовий авіаполк /// Budyonnovsk airfield (Sign. KAZACHOK). 368th Assault Regiment /// geoJSON.airfield.budyonnovsk", "styleUrl": "#icon-ci-6", "styleHash": "-25b2d0aa", "styleMapHash": {"normal": "#icon-ci-6-normal", "highlight": "#icon-ci-6-highlight"}, "description": "{icon=airport}", "icon-scale": 1.1, "icon-offset": [16, 16], "icon": "images/icon-6.png", "label-scale": 0}}, {"type": "Feature", "geometry": {"type": "Point", "coordinates": [32.47475, 54.336251, 0]}, "properties": {"name": "Аеродром Шаталово (Поз. НОЖНИЦЫ) /// Shatalovo airfield (Sign. Nozhnytsy)  /// geoJSON.airfield.shatalovo", "styleUrl": "#icon-ci-6", "styleHash": "-25b2d0aa", "styleMapHash": {"normal": "#icon-ci-6-normal", "highlight": "#icon-ci-6-highlight"}, "description": "{icon=airport}", "icon-scale": 1.1, "icon-offset": [16, 16], "icon": "images/icon-6.png", "label-scale": 0}}, {"type": "Feature", "geometry": {"type": "Point", "coordinates": [34.374478, 54.239626, 0]}, "properties": {"name": "Аеродром Шайковка (Поз. РЕЧНОЙ) /// Shaikovka airfield (Sign. Rechnoy) /// geoJSON.airfield.shaikovka", "styleUrl": "#icon-ci-6", "styleHash": "-25b2d0aa", "styleMapHash": {"normal": "#icon-ci-6-normal", "highlight": "#icon-ci-6-highlight"}, "description": "{icon=airport}", "icon-scale": 1.1, "icon-offset": [16, 16], "icon": "images/icon-6.png", "label-scale": 0}}, {"type": "Feature", "geometry": {"type": "Point", "coordinates": [39.436246, 52.655105, 0]}, "properties": {"name": "Аеродром Липецьк 2 (Поз. ВОРСОВКА) /// Lipetsk Airport 2 (Sign. VORSOVKA) /// geoJSON.airfield.lipetsk", "styleUrl": "#icon-ci-6", "styleHash": "-25b2d0aa", "styleMapHash": {"normal": "#icon-ci-6-normal", "highlight": "#icon-ci-6-highlight"}, "description": "{icon=airport}", "icon-scale": 1.1, "icon-offset": [16, 16], "icon": "images/icon-6.png", "label-scale": 0}}, {"type": "Feature", "geometry": {"type": "Point", "coordinates": [39.138887, 51.622398, 0]}, "properties": {"name": "Аеродром Вороніж (Поз. БАЛТИМОР) /// Voronezh Airport (Sign. BALTIMOR)  /// geoJSON.airfield.voronezh", "styleUrl": "#icon-ci-6", "styleHash": "-25b2d0aa", "styleMapHash": {"normal": "#icon-ci-6-normal", "highlight": "#icon-ci-6-highlight"}, "description": "{icon=airport}", "icon-scale": 1.1, "icon-offset": [16, 16], "icon": "images/icon-6.png", "label-scale": 0}}, {"type": "Feature", "geometry": {"type": "Point", "coordinates": [40.597546, 50.802108, 0]}, "properties": {"name": "Аеродром Бутурлинівка (Поз. ПРИРОДНЫЙ) /// Buturlynivka airfield (Sign. Pryrodny) /// geoJSON.airfield.buturlynivka", "styleUrl": "#icon-ci-6", "styleHash": "-25b2d0aa", "styleMapHash": {"normal": "#icon-ci-6-normal", "highlight": "#icon-ci-6-highlight"}, "description": "{icon=airport}", "icon-scale": 1.1, "icon-offset": [16, 16], "icon": "images/icon-6.png", "label-scale": 0}}, {"type": "Feature", "geometry": {"type": "Point", "coordinates": [37.768637, 51.325818, 0]}, "properties": {"name": "Аеродром Старий Оскол (Поз. ОСКОЛ) /// Airfield Stariy Oskol (Sign. OSKOL) /// geoJSON.airfield.stariy-oskol", "styleUrl": "#icon-ci-6", "styleHash": "-25b2d0aa", "styleMapHash": {"normal": "#icon-ci-6-normal", "highlight": "#icon-ci-6-highlight"}, "description": "{icon=airport}", "icon-scale": 1.1, "icon-offset": [16, 16], "icon": "images/icon-6.png", "label-scale": 0}}, {"type": "Feature", "geometry": {"type": "Point", "coordinates": [36.291572, 50.693833, 0]}, "properties": {"name": "Аеродром Томаровка /// Tomarovka Airport /// geoJSON.airfield.tomarovka", "styleUrl": "#icon-ci-6", "styleHash": "-25b2d0aa", "styleMapHash": {"normal": "#icon-ci-6-normal", "highlight": "#icon-ci-6-highlight"}, "description": "{icon=airport}", "icon-scale": 1.1, "icon-offset": [16, 16], "icon": "images/icon-6.png", "label-scale": 0}}, {"type": "Feature", "geometry": {"type": "Point", "coordinates": [35.300794, 46.885032, 0]}, "properties": {"name": "Аеродром Мелітополь  /// Melitopol airfield /// geoJSON.airfield.melitopol", "styleUrl": "#icon-ci-6", "styleHash": "-25b2d0aa", "styleMapHash": {"normal": "#icon-ci-6-normal", "highlight": "#icon-ci-6-highlight"}, "description": "Активно використовується окупантами<br>///Under occupation<br>{icon=airport}<br>/// geoJSON.descriptions.#44", "icon-scale": 1.1, "icon-offset": [16, 16], "icon": "images/icon-6.png", "label-scale": 0}}, {"type": "Feature", "geometry": {"type": "Point", "coordinates": [38.84709, 47.245576, 0]}, "properties": {"name": "Авіабаза Таганрог-центр (Поз. КВАРТЕТ) /// Taganrog-center Air Base (Sign. QUARTET) /// geoJSON.airbase.taganrog-center", "styleUrl": "#icon-ci-6", "styleHash": "-25b2d0aa", "styleMapHash": {"normal": "#icon-ci-6-normal", "highlight": "#icon-ci-6-highlight"}, "description": "{icon=airport}", "icon-scale": 1.1, "icon-offset": [16, 16], "icon": "images/icon-6.png", "label-scale": 0}}, {"type": "Feature", "geometry": {"type": "Point", "coordinates": [36.76262, 46.814746, 0]}, "properties": {"name": "Аеропорт Бердянськ /// Berdyansk Airport /// geoJSON.airport.berdyansk", "styleUrl": "#icon-ci-6", "styleHash": "-25b2d0aa", "styleMapHash": {"normal": "#icon-ci-6-normal", "highlight": "#icon-ci-6-highlight"}, "description": "{icon=airport}", "icon-scale": 1.1, "icon-offset": [16, 16], "icon": "images/icon-6.png", "label-scale": 0}}, {"type": "Feature", "geometry": {"type": "Point", "coordinates": [41.116704, 44.967975, 0]}, "properties": {"name": "Аеродром Армавір (Поз. БУРАВ) /// Armavir airfield (Sign. BURAV).  /// geoJSON.airfield.armavir", "styleUrl": "#icon-ci-6", "styleHash": "-25b2d0aa", "styleMapHash": {"normal": "#icon-ci-6-normal", "highlight": "#icon-ci-6-highlight"}, "description": "Навчальний, проте може бути задіяний за потреби<br>///<br>Currently used for training, but can get involved if needed<br>{icon=airport}<br>/// geoJSON.descriptions.#45", "icon-scale": 1.1, "icon-offset": [16, 16], "icon": "images/icon-6.png", "label-scale": 0}}, {"type": "Feature", "geometry": {"type": "Point", "coordinates": [40.105308, 45.879937, 0]}, "properties": {"name": "Аеродром Тихорєцк (Поз. МАГИСТР) /// Tikhoretsk Airport (Sign. Magistr) /// geoJSON.airfield.tikhoretsk", "styleUrl": "#icon-ci-6", "styleHash": "-25b2d0aa", "styleMapHash": {"normal": "#icon-ci-6-normal", "highlight": "#icon-ci-6-highlight"}, "description": "Навчальний, проте може бути задіяний за потреби ///Educational, but can be used as needed<br>{icon=airport}<br>/// geoJSON.descriptions.#46", "icon-scale": 1.1, "icon-offset": [16, 16], "icon": "images/icon-6.png", "label-scale": 0}}, {"type": "Feature", "geometry": {"type": "Point", "coordinates": [42.182128, 51.372193, 0]}, "properties": {"name": "Аеродром Борисоглєбськ (Поз. ОТВЕСНЫЙ) /// Borisoglebsk airfield (Sign. OTVESNY)  /// geoJSON.airfield.borisoglebsk", "styleUrl": "#icon-ci-6", "styleHash": "-25b2d0aa", "styleMapHash": {"normal": "#icon-ci-6-normal", "highlight": "#icon-ci-6-highlight"}, "description": "{icon=airport}", "icon-scale": 1.1, "icon-offset": [16, 16], "icon": "images/icon-6.png", "label-scale": 0}}, {"type": "Feature", "geometry": {"type": "Point", "coordinates": [35.168827, 45.171618, 0]}, "properties": {"name": "Аеродром Кіровскоє /// Kirovskoye airfield /// geoJSON.airfield.kirovskoye", "styleUrl": "#icon-ci-6", "styleHash": "-25b2d0aa", "styleMapHash": {"normal": "#icon-ci-6-normal", "highlight": "#icon-ci-6-highlight"}, "description": "{icon=airport}", "icon-scale": 1.1, "icon-offset": [16, 16], "icon": "images/icon-6.png", "label-scale": 0}}, {"type": "Feature", "geometry": {"type": "Point", "coordinates": [37.912368, 50.467527, 0]}, "properties": {"name": "Вертолітна база (Існувала з травня по вересень 2022) /// Helicopter base (Existed from May to September 2022) /// geoJSON.airbase.helicopter", "styleUrl": "#icon-ci-6", "styleHash": "-25b2d0aa", "styleMapHash": {"normal": "#icon-ci-6-normal", "highlight": "#icon-ci-6-highlight"}, "description": "Координати: 50.46751, 37.91238<br>Джерело: https://t.me/informnapalm/9023<br><br>///Coordinates: 50.46751, 37.91238<br>Source: https://t.me/informnapalm/9023<br>{icon=airport}<br>/// geoJSON.descriptions.#47", "icon-scale": 1.1, "icon-offset": [16, 16], "icon": "images/icon-6.png", "label-scale": 0}}, {"type": "Feature", "geometry": {"type": "Point", "coordinates": [43.796308, 48.650857, 0]}, "properties": {"name": "Аеродром Маріновка (Поз. ПАМЯТНЫЙ) /// Aerodrom Marinovka (Sign. PAMYATNY) /// geoJSON.airfield.marinovka", "styleUrl": "#icon-ci-6", "styleHash": "-25b2d0aa", "styleMapHash": {"normal": "#icon-ci-6-normal", "highlight": "#icon-ci-6-highlight"}, "description": "{icon=airport}", "icon-scale": 1.1, "icon-offset": [16, 16], "icon": "images/icon-6.png", "label-scale": 0}}, {"type": "Feature", "geometry": {"type": "Point", "coordinates": [36.295822, 51.755714, 0]}, "properties": {"name": "Аеродром Халіно (Поз. Восточный) /// Halino Aerodrom (Sign. Vostochny) /// geoJSON.airfield.halino", "styleUrl": "#icon-ci-6", "styleHash": "-25b2d0aa", "styleMapHash": {"normal": "#icon-ci-6-normal", "highlight": "#icon-ci-6-highlight"}, "description": "{icon=airport}", "icon-scale": 1.1, "icon-offset": [16, 16], "icon": "images/icon-6.png", "label-scale": 0}}, {"type": "Feature", "geometry": {"type": "Point", "coordinates": [28.421175, 57.291591, 0]}, "properties": {"name": "Авіабаза Веретьє /// Air Base Ostrov /// geoJSON.airbase.ostrov", "styleUrl": "#icon-ci-6", "styleHash": "-25b2d0aa", "styleMapHash": {"normal": "#icon-ci-6-normal", "highlight": "#icon-ci-6-highlight"}, "description": "30 Жовтня 2022 близько 22:00 на авіабазі відбувся вибух, чи серія вибухів. Згодом в інтернеті з'явилось відео, як диверсант закладає вибухівку до Ка-52. Супутниковими знімками підтверджено знищення унаслідок вибуху двох Ка-52 та Мі-28НБ. Інші два гелікоптера отримали пошкодження. <br><br>Аналогічна інформація про вибух на авіабазі розміщена на інформаційних сторінках ГУР МО України, без уточнення хто за цим стоїть та чиїх рук це справа. (https://t.me/DIUkraine/1584)<br>///<br>On October 30th, 2022, around 22:00, an explosion or a series of explosions occurred at the air base. Later, a video of a saboteur planting explosives in a Ka-52 appeared online. Satellite images confirmed the destruction of two Ka-52 and Mi-28NB. Two more helicopters were damaged. <br><br>Similar information was reported on the information pages of the military intelligence of Ukraine, without specifying whether this was their operation or just a coincidence.(https://t.me/DIUkraine/1584)<br>{icon=airport}<br><br>/// geoJSON.descriptions.#48", "icon-scale": 1.1, "icon-offset": [16, 16], "icon": "images/icon-6.png", "label-scale": 0}}, {"type": "Feature", "geometry": {"type": "Point", "coordinates": [46.202434, 48.308623, 0]}, "properties": {"name": "Аеродром Ахтубінськ /// Akhtubinsk Aerodrom /// geoJSON.airfield.akhtubinsk", "styleUrl": "#icon-ci-6", "styleHash": "-25b2d0aa", "styleMapHash": {"normal": "#icon-ci-6-normal", "highlight": "#icon-ci-6-highlight"}, "description": "{icon=airport}", "icon-scale": 1.1, "icon-offset": [16, 16], "icon": "images/icon-6.png", "label-scale": 0}}, {"type": "Feature", "geometry": {"type": "Point", "coordinates": [44.343868, 48.785167, 0]}, "properties": {"name": "Аеропорт Гумрак /// Volgograd International Airport /// geoJSON.airport.volgograd-international", "styleUrl": "#icon-ci-6", "styleHash": "-25b2d0aa", "styleMapHash": {"normal": "#icon-ci-6-normal", "highlight": "#icon-ci-6-highlight"}, "description": "{icon=airport}", "icon-scale": 1.1, "icon-offset": [16, 16], "icon": "images/icon-6.png", "label-scale": 0}}, {"type": "Feature", "geometry": {"type": "Point", "coordinates": [37.341172, 45.002818, 0]}, "properties": {"name": "Аеропорт «Витязево» /// Airport «Vytyazevo» /// geoJSON.airport.vytyazevo", "styleUrl": "#icon-ci-6", "styleHash": "-25b2d0aa", "styleMapHash": {"normal": "#icon-ci-6-normal", "highlight": "#icon-ci-6-highlight"}, "description": "Помічене використання літаками ДРЛО А-50. Цивільними літаками наразі не використовується.<br><br>///Observed use by A-50 aircraft. It is not currently used by civil aircraft.<br>/// geoJSON.descriptions.#49<br><br>{icon=airport}", "icon-scale": 1.1, "icon-offset": [16, 16], "icon": "images/icon-6.png", "label-scale": 0}}, {"type": "Feature", "geometry": {"type": "Point", "coordinates": [30.330756, 58.147694, 0]}, "properties": {"name": "Авіабаза Сольці /// Soltsy-2 (air base) /// geoJSON.airbase.soltsy", "styleUrl": "#icon-ci-6", "styleHash": "-25b2d0aa", "styleMapHash": {"normal": "#icon-ci-6-normal", "highlight": "#icon-ci-6-highlight"}, "description": "19 серпня 2023 ударом невідомого БПЛА було знищено стратегічний бомбардувальник Ту-22М3.<br>///<br>On August 19, 2023, a Tu-22M3 strategic bomber was destroyed by an unknown UAV strike.<br>{icon=airport}<br><br>/// geoJSON.descriptions.#50", "icon-scale": 1.1, "icon-offset": [16, 16], "icon": "images/icon-6.png", "label-scale": 0}}]}